report_id,key,year,crop,tasks,diseases,n_classes,data_source,dataset_name,condition,n_original,arch_family,backbone,params_M,metric_type,metric_value,metric_note,external_test,val_is_test,cv,leakage,edge_deploy,code_or_data_released,cites,cpy,note,title,journal,leakage_criteria,leakage_review
REP-0017,rep0017,2019,rice,T1,"rice blast lesion, no lesion",2,self,"self (JAAS, Nanjing)",field,unk,CNN-custom,LeNet-5-style CNN,unk,Acc,95.83,"5-fold CV trên 5,808 patch",no,yes,yes,suspect,no,yes,283,35.4,"Chia 5-fold ở mức patch chồng lấn, không theo ảnh gốc; số ảnh gốc không nêu.",Rice Blast Disease Recognition Using a Deep Convolutional Neural Network,Scientific Reports,L2,"AI-proposed, R1-confirmed 2026-10-03"
REP-0065,rep0065,2020,maize,T1,"common rust, gray leaf spot, NLB, healthy",4,plantvillage,"PlantVillage-corn (bản tăng cường sẵn 12,332)",lab,3852,CNN-custom,Optimized DenseNet (5 blocks),0.078,Acc,98.06,"val = test 1,235 ảnh; EfficientNet-B0 99.84",no,yes,no,suspect,no,unk,362,51.7,"Bộ 12,332 ảnh ≈ 3.2× PlantVillage maize, nghi bản tăng cường sẵn chia ngẫu nhiên.",An optimized dense convolutional neural network model for disease recognition and classification in corn leaf,Computers and Electronics in Agriculture,L3,"AI-proposed, R1-confirmed 2026-10-03"
REP-0311,rep0311,2020,rice,T1,"brown spot, leaf blast, hispa, healthy",4,kaggle_derived,Kaggle rice-diseases-image-dataset (minhhuy2810),field,3355,CNN-custom,shallow CNN (1 conv + 3 FC),unk,Acc,96.6,70:30 split; test acc > train acc,no,yes,no,suspect,no,unk,68,9.7,Tăng cường áp lên toàn bộ dữ liệu; test acc cao hơn train acc,An efficient convolutional neural network for paddy leaf disease and pest classification,International Journal of Advanced Computer Science and Applications,L1,"AI-proposed, R1-confirmed 2026-10-03"
REP-0111,rep0111,2021,rice,T1,"bacterial blight, blast, brown spot, tungro",4,sethy_mendeley,Sethy,field,5932,CNN-TL,InceptionV3 / InceptionResNetV2,unk,Acc,100,"100% trên 1,187 ảnh test",no,no,no,suspect,no,unk,22,3.7,"Bộ Sethy có nhiều ảnh gần trùng cùng lá, chia ngẫu nhiên ở mức ảnh; kết quả 100% cần thận trọng.",A performance evaluation of convolutional neural network architecture for classification of rice leaf disease,IAES International Journal of Artificial Intelligence,L2,"AI-proposed, R1-confirmed 2026-10-03"
REP-0225,rep0225,2021,maize,T1,"common rust early/middle/late stage, healthy",4,mixed,"PlantVillage-corn (train) + self (South Africa, test)",mixed,1900,CNN-TL,VGG-16 (frozen conv),unk,Acc,89,external self-captured test 100 images; val 95.63,yes,no,no,clean,no,unk,63,10.5,Test chỉ 100 ảnh; nhãn mức độ nặng gán tự động bằng ngưỡng Otsu,Automatic fuzzy logic-based maize common rust disease severity predictions with thresholding and deep learning,Pathogens,,
REP-0342,rep0342,2021,rice,T1,"leaf blast, false smut, neck blast, sheath blight, bacterial streak, brown spot",6,self,"self (4 sites, China)",field,33026,Ensemble,DenseNet-121 + SE-ResNet-50 + ResNeSt-50,unk,Acc,99.0,random split test; independent 300-img set 91,yes,no,no,clean,no,unk,203,33.8,Tập test độc lập 300 ảnh chỉ 91%; test chia ngẫu nhiên lạc quan,Automatic Diagnosis of Rice Diseases Using Deep Learning,Frontiers in Plant Science,,
REP-0377,rep0377,2021,rice,T1,"brown spot, leaf blast, leaf blight, leaf smut, healthy",5,kaggle_derived,UCI rice leaf + Kaggle vbookshelf (+local),unk,984,CNN-TL,Inception-ResNet-V2,unk,Acc,92.86,test 140 images,no,no,no,suspect,no,unk,175,29.2,UCI 120 ảnh không thể sinh 984 ảnh 5 lớp; test nhỏ; leaf smut F1 = 1.0,An Automated Convolutional Neural Network Based Approach for Paddy Leaf Disease Detection,International Journal of Advanced Computer Science and Applications,L3,"AI-proposed, R1-confirmed 2026-10-03"
REP-0378,rep0378,2021,rice,T1,"brown spot, hispa, leaf blast, healthy",4,kaggle_derived,Kaggle rice-diseases-image-dataset (mislabeled 'PlantVillage'),field,1600,CNN-TL,VGG16 + attention glimpse,unk,Acc,81.25,validation acc; 96.45 is training acc,no,no,no,clean,no,unk,2,0.3,96.45% là training accuracy; val chỉ 81%; nguồn dữ liệu ghi sai,Hybrid Decision Support System Framework for Leaf Image Analysis to Improve Crop Productivity,International Journal of Advanced Computer Science and Applications,,
REP-0397,rep0397,2021,rice,T1,"brown spot, leaf blast, healthy",3,kaggle_derived,Kaggle rice-diseases-image-dataset (Do 2019) + web,field,4278,CNN-TL,DenseNet-121,unk,Acc,95.57,validation; external Russia set 80.3,yes,yes,no,clean,no,unk,17,2.8,Test ngoài 300 ảnh 2 lớp (Nga): 80.3%,Rice Fungal Diseases Recognition Using Modern Computer Vision Techniques,International Journal of Fuzzy Logic and Intelligent Systems,,
REP-0443,rep0443,2021,rice,T1,"early brown spot, developed brown spot, healthy",3,kaggle_derived,Kaggle bahribahri/riceleaf (UCI-derived),unk,7008,CNN-custom,custom 4-conv CNN (MATLAB),unk,Acc,99.2,validation accuracy; no test set,no,yes,no,suspect,no,unk,64,10.7,Bộ Kaggle là bản tăng cường sẵn của UCI 120 ảnh; chỉ 1 bệnh,Early-Stage Brown Spot Disease Recognition in Paddy Using Image Processing and Deep Learning Techniques,Traitement du Signal,L3+L6,"AI-proposed, R1-confirmed 2026-10-03"
REP-0468,rep0468,2021,maize,T1,"gray spot, NLB, rust",3,other_public,AI Challenger 2018,unk,900,CNN-TL,VGG19-modified + K-means,unk,Acc,93.0,5-fold CV mean; val = test,no,yes,yes,clean,no,unk,149,24.8,Tập nhỏ (900 ảnh); không có lớp healthy,Corn Leaf Diseases Diagnosis Based on K-Means Clustering and Deep Learning,IEEE Access,,
REP-0021,rep0021,2022,rice,T1,"bacterial blight, blast, brown spot, tungro, neck blast, hispa (+2)",8,mixed,Bari + Rahman + self,mixed,4398,CNN-custom,RDD_CNN,1.08,Acc,98.47,mô hình chọn theo test acc,no,no,no,clean,no,unk,19,3.8,"Hai lớp rất nhỏ (73, 93 ảnh); test dùng để chọn phiên bản mô hình.",Rice Disease Diagnosis System (RDDS),"Computers, Materials and Continua",,
REP-0027,rep0027,2022,rice,T2,"brown spot, leaf blast, hispa",3,self,"web-mined (tự xây, Ấn Độ)",mixed,762,YOLO,YOLOv4-tiny,unk,mAP50,97.36,test chỉ 39 ảnh,no,no,no,unknown,no,unk,62,12.4,"Ảnh web-mined không rõ nguồn; test 39 ảnh, val 37 ảnh.",Automatic Rice Disease Detection and Assistance Framework Using Deep Learning and a Chatbot,Electronics (Switzerland),,
REP-0081,rep0081,2022,maize,T1,"NLB, GLS, common rust, healthy",4,plantvillage,PlantVillage-corn,lab,4188,CNN-TL,EfficientNet-B0 (fMaize filters),unk,Acc,97.63,val = test 837 ảnh,no,yes,no,clean,no,unk,13,2.6,Không có tập test độc lập; thiếu chi tiết huấn luyện.,fMaize: A Seamless Image Filtering and Deep Transfer EfficientNet-b0 Model for Sub-Classifying Fungi Species Infecting Zea mays Leaves,Journal of Advanced Computational Intelligence and Intelligent Informatics,,"AI-proposed, R1-confirmed 2026-10-03 (supplement); L3 withdrawn by measured duplicate rate 2026-10-04"
REP-0138,rep0138,2022,maize,T1,"healthy, TLB, rust, multidisease (TLB+rust)",4,self,self (ICAR-AICRP Mysore),field,2996,CNN-custom,MaizeNet,0.156,Acc,98.5,VGG-19 đạt 99.81; test 536 ảnh,no,yes,no,clean,no,unk,138,27.6,Lớp multidisease chỉ 25 ảnh test; không có val riêng.,"Disease detection, severity prediction, and crop loss estimation in MaizeCrop using deep learning",Artificial Intelligence in Agriculture,,
REP-0140,rep0140,2022,rice,T1,"bacterial leaf blight, leaf blast, brown spot, tungro",4,self,"self (Villupuram, Tamil Nadu, India)",field,3071,CNN-ViT-hybrid,CoAtNet,unk,Acc,96.56,"Table 4 shows 100% on all 3,071; inconsistent",no,yes,no,clean,no,yes,16,3.2,"Bảng 4 cho 100% trên toàn bộ 3.071 ảnh, mâu thuẫn với Acc 96,56%; độ tin cậy thấp",Enhanced Hybrid Neural Networks (CoAtNet) for Paddy Crops Disease Detection and Classification,Revue d'Intelligence Artificielle,,
REP-0190,rep0190,2022,rice,T1,"bacterial blight, blast, brown spot, healthy",4,kaggle_derived,Mendeley + Kaggle rice (unnamed),unk,1500,CNN-TL,InceptionV3,unk,Acc,96.42,20-fold CV; test-val merged,no,yes,yes,unknown,no,unk,77,15.4,Bảng kết quả lặp cho 3 bộ; thứ tự tăng cường không rõ; tin cậy thấp,A Transfer Learning-Based Artificial Intelligence Model for Leaf Disease Assessment,Sustainability (Switzerland),,
REP-0202,rep0202,2022,maize,T1,"cercospora leaf spot, common rust, northern leaf blight, healthy",4,plantvillage,"PlantVillage-corn (Mendeley, Pandian)",lab,3852,CNN-TL,DarkNet-53,unk,Acc,98.6,"90/10 split, 10 repeats; val = test",no,yes,no,clean,no,unk,69,13.8,Không có tập test riêng,Classification of Corn Diseases from Leaf Images Using Deep Transfer Learning,Plants,,
REP-0249,rep0249,2022,rice,T1+T3,"rice blast, leaf scald, sheath blight, brown spot, bacterial leaf blight, healthy",6,self,"self (Chhattisgarh, India; video frames)",field,1500,CNN-custom,HCNN 15-layer; SegNet (weed/plant),unk,Acc,96.88,validation 10% of video frames,no,yes,no,suspect,no,unk,20,4.0,Khung hình video gần trùng chia ngẫu nhiên; phân đoạn DL không nhắm vết bệnh,A Novel AI-Based Approach for Better Segmentation of the Fungal and Bacterial Leaf Diseases of Rice Plant,Journal of Sensors,L2,"AI-proposed, R1-confirmed 2026-10-03"
REP-0254,rep0254,2022,rice,T3,rice blast,1,other_public,unnamed open dataset (800 images),unk,800,Other,DFFANet (lightweight seg),1.4,mIoU,96.15,188 FPS,no,no,no,clean,no,unk,20,4.0,Nguồn bộ dữ liệu mở không nêu tên; chỉ một bệnh,A Lightweight Real-Time Rice Blast Disease Segmentation Method Based on DFFANet,Agriculture (Switzerland),,
REP-0266,rep0266,2022,rice,T1,unk (4 unnamed classes),4,kaggle_derived,Kaggle 'Paddy leaf diseases' / 'Paddy leaf images' (unnamed),unk,unk,CNN-custom,MUTPSO-CNN (NAS),unk,Acc,97.35,no data size or split reported,no,unk,no,unknown,no,unk,28,5.6,"Không nêu số ảnh, tên lớp, tỉ lệ chia; số so sánh sao chép từ bài khác",An Optimized Convolution Neural Network Architecture for Paddy Disease Classification,"Computers, Materials and Continua",,
REP-0276,rep0276,2022,rice,T1,"bacterial blight, blast, brown spot, healthy",4,self,"self (Pune, India) + agro-sensor data",field,3200,CNN-custom,custom CNN + MLP fusion (Rice-Fusion),unk,Acc,95.31,after sensor fusion; image-only CNN 82.03,no,no,no,clean,no,unk,206,41.2,"Kết quả 95,31% nhờ hợp nhất cảm biến; CNN ảnh chỉ 82,03%",Rice-Fusion: A Multimodality Data Fusion Framework for Rice Disease Diagnosis,IEEE Access,,
REP-0300,rep0300,2022,maize,T2+T1,"cercospora leaf spot, common rust, northern leaf blight, healthy",4,mixed,PlantVillage-corn + self (Qingdao) + web,mixed,7222,CNN-TL,ResNet50 (CENet) + Faster R-CNN (LS-RCNN),unk,Acc,99.7,natural test set 338 images,no,no,no,clean,no,yes,14,2.8,"Tăng cường offline không nêu thứ tự; test natural nhỏ (338, Cercospora 25)",Research On Maize Disease Identification Methods In Complex Environments Based On Cascade Networks And Two-Stage Transfer Learning,Scientific Reports,,"AI-proposed, R1-confirmed 2026-10-03"
REP-0334,rep0334,2022,rice,T3+T1,"brown spot, leaf blast, bacterial blight, healthy",4,kaggle_derived,Kaggle rice leaf (4 cls) + GAN samples,field,2988,CNN-attention,DenseNet (attention) + U-Net (EfficientNet-b4) ROI,unk,Acc,96.0,5-fold CV; ROI Dice 86,no,unk,yes,suspect,no,unk,30,6.0,Ảnh GAN thêm vào pool trước khi chia; kết quả 5-fold CV,A hybrid attention-enhanced DenseNet neural network model based on improved U-Net for rice leaf disease identification,Frontiers in Plant Science,L1,"AI-proposed, R1-confirmed 2026-10-03"
REP-0344,rep0344,2022,maize,T1,"gray leaf spot, common rust, northern leaf blight, healthy",4,plantvillage,PlantVillage-corn (Kaggle),lab,unk,CNN-TL,EfficientNetB0 + DenseNet121 (feature fusion),unk,Acc,98.56,80/20; val from train,no,no,no,clean,no,unk,276,55.2,"Số ảnh từng lớp không trích xuất được (~3,852 PV corn)",End-to-End Deep Learning Model for Corn Leaf Disease Classification,IEEE Access,,
REP-0346,rep0346,2022,maize,T1,"northern leaf blight, northern leaf spot, gray leaf spot, common rust, fall armyworm, healthy",6,other_public,CD&S + PlantDoc + GitHub + Baidu crawl,field,3271,Lightweight-CNN,DFCANet,unk,Acc,98.47,with offline weather aug; 97.85 online-aug only,no,no,no,unknown,no,unk,50,10.0,"97.85% (tăng cường online) sạch; 98.47% dùng nhân đôi offline, thứ tự chia không rõ",DFCANet: A Novel Lightweight Convolutional Neural Network Model for Corn Disease Identification,Agriculture (Switzerland),,"AI-proposed, R1-confirmed 2026-10-03"
REP-0356,rep0356,2022,maize,T1,"anthracnose, rusts (3), southern leaf blight, leaf spots, streak, northern leaf blight (9)",9,mixed,self (Hunan) + CSDN/Digipathos/GitHub,field,1150,CNN-custom,ResNet50 multi-channel (WG-MARNet),unk,Acc,97.43,val = test; mean of 10 runs,no,yes,no,suspect,no,unk,21,4.2,Tăng cường 8x trên toàn tập trước khi chia; ~107–150 ảnh gốc/lớp,Maize leaf disease identification based on WG-MARNet,PLoS ONE,L1,"AI-proposed, R1-confirmed 2026-10-03"
REP-0403,rep0403,2022,rice,T1,"narrow brown spot, leaf scald, leaf blast, brown spot, bacterial leaf blight, healthy",6,kaggle_derived,Kaggle riceleafsv3 (adefiqri12),field,2167,CNN-TL,VGG19,unk,Acc,96.08,augmented; 96.01 without aug,no,no,no,unknown,no,unk,260,52.0,Thứ tự tăng cường không rõ nhưng kết quả có/không tăng cường gần nhau,Deep Learning Utilization in Agriculture: Detection of Rice Plant Diseases Using an Improved CNN Model,Plants,,
REP-0406,rep0406,2022,rice,T1,"rice blast, brown spot, healthy",3,self,"self (İpsala, Turkey)",field,1569,CNN-custom,custom 6-block CNN,unk,Acc,91.7,test 160 images,no,no,no,unknown,no,unk,16,3.2,Tập test nhỏ (160 ảnh); ảnh cùng ruộng chia ngẫu nhiên,Identification of Some Paddy Rice Diseases Using Deep Convolutional Neural Networks,Yuzuncu Yil University Journal of Agricultural Sciences,,
REP-0437,rep0437,2022,maize,T1,"common rust, gray leaf spot, blight, healthy",4,plantvillage,PlantVillage-corn,lab,4188,CNN-attention,PCENet (pruned 25%),unk,Acc,98.2,val = test; unpruned 97.7,no,yes,no,clean,yes,unk,4,0.8,Tập ngô chỉ là thí nghiệm phụ; val = test,Implementing a Compression Technique on the Progressive Contextual Excitation Network for Smart Farming Applications,Sensors,,"AI-proposed, R1-confirmed 2026-10-03 (supplement); L3 withdrawn by measured duplicate rate 2026-10-04"
REP-0466,rep0466,2022,maize,T1,"SCLB, southern rust, gray leaf spot, healthy",4,mixed,"self (Anhui, China) + PlantVillage",mixed,7701,CNN-ViT-hybrid,CCT-style conv-tokenizer transformer,0.29,Acc,98.7,"val = test (1,750)",no,yes,no,suspect,no,yes,101,20.2,1–6 ảnh/lá chia ngẫu nhiên theo ảnh; GLS chỉ từ PlantVillage (thiên lệch nguồn),Deep Learning-Based Identification of Maize Leaf Diseases Is Improved by an Attention Mechanism: Self-Attention,Frontiers in Plant Science,L2,"AI-proposed, R1-confirmed 2026-10-03"
REP-0485,rep0485,2022,maize,T1,"NLB, GLS, common rust, northern leaf spot, healthy, background",5,other_public,PlantVillage-corn + CD&S,mixed,2100,CNN-TL,DenseNet121 / ResNet50 (SLIC patches),unk,Acc,97.77,CD&S super-pixel acc; PV ResNet50 94.52,no,no,no,suspect,no,unk,59,11.8,"Chia ở mức super-pixel, không theo ảnh nguồn → nghi rò rỉ",Identification of Foliar Disease Regions on Corn Leaves Using SLIC Segmentation and Deep Learning Under Uniform Background and Field Conditions,IEEE Access,L2,"AI-proposed, R1-confirmed 2026-10-03"
REP-0501,rep0501,2022,rice,T1,"bacterial blight, brown spot, rice blast, healthy",4,self,"self (Pune, India) + sensors",field,4200,CNN-ViT-hybrid,Rice Transformer (CNN + cross-attention w/ sensors),unk,Acc,97.38,val = test (840); multimodal image+sensor,no,yes,no,clean,no,no,,,"Kết quả đa phương thức (ảnh + cảm biến), không có số riêng nhánh ảnh",Rice Transformer: A Novel Integrated Management System for Controlling Rice Diseases,IEEE Access,,
REP-0768,rep0768,2022,rice,T1,"brown spot, leaf blast, hispa, N/P/K deficiency, healthy",7,kaggle_derived,Kaggle nutrient deficiency + minhhuy2810,field,4511,Other,DBN on GLCM/colour features (Mayfly),unk,Acc,98.1,"test 30% (1,355)",no,yes,no,clean,no,unk,,,"DBN trên đặc trưng thủ công, không trên ảnh; có lớp thiếu dinh dưỡng/sâu hại",Protecting the environment from pollution through early detection of infections on crops using the deep belief network in paddy,Total Environment Research Themes,,
REP-0008,rep0008,2023,rice,T1,"BLB, brown spot, leaf smut, leaf scald, rice blast",5,kaggle_derived,UCI rice (215 ảnh theo bài),unk,215,Other,ResNet50+Xception+NASNet features → QRNN (ESHO),unk,Acc,98.77,test ~65 ảnh,no,yes,no,clean,no,unk,17,4.2,Nguồn dữ liệu mâu thuẫn (UCI 120 ảnh/3 lớp vs 215 ảnh/5 lớp); test rất nhỏ.,Enhanced Sea Horse Optimization with Deep Learning-based Multimodal Fusion Technique for Rice Plant Disease Segmentation and Classification,"Engineering, Technology and Applied Science Research",,
REP-0026,rep0026,2023,rice,T1,"leaf blast, healthy",2,kaggle_derived,Kaggle shareef0612 riceleaf,field,2000,CNN-TL,ResNet50 (modified),unk,Acc,99.75,'overall acc' có thể là train; val 99.69,no,unk,no,clean,no,unk,177,44.2,Số liệu không nhất quán giữa abstract và bảng; bài toán nhị phân đơn giản.,"Comparing Inception V3, VGG 16, VGG 19, CNN, and ResNet 50: A Case Study on Early Detection of a Rice Disease",Agronomy,,"AI-proposed, R1-confirmed 2026-10-03"
REP-0059,rep0059,2023,rice,T1,"brown spot, leaf blast, bacterial blight",3,kaggle_derived,Kaggle + UCI + IEEE DataPort (không nêu tên),unk,3696,CNN-custom,custom deep CNN,unk,Acc,98.3,số liệu mâu thuẫn 98.3–99.67,no,yes,no,unknown,no,unk,8,2.0,Chất lượng báo cáo rất thấp; ma trận nhầm lẫn 405 mẫu không khớp 30% test.,Towards Intelligent Detection and Classification of Rice Plant Diseases Based on Leaf Image Dataset,Computer Systems Science and Engineering,,
REP-0078,rep0078,2023,maize,T2+T3,"blight, leaf spot, sugarcane mosaic virus",3,self,"self (PMAS-AAUR, Pakistan)",field,2675,YOLO,YOLOv8n,unk,mAP50,99.04,val = test; ngưỡng mAP không nêu,no,yes,no,suspect,no,unk,127,31.8,Tăng cường offline liệt kê trước khi chia; val dùng chọn checkpoint; không có IoU/Dice cho phân đoạn.,A mobile-based system for maize plant leaf disease detection and classification using deep learning,Frontiers in Plant Science,L1,"AI-proposed, R1-confirmed 2026-10-03"
REP-0117,rep0117,2023,rice,T1,"bacterial blight, blast, brown spot, tungro",4,sethy_mendeley,Sethy,field,5932,Other,CNN + LSTM + self-attention,unk,Acc,100,test chỉ 178 ảnh (3%); val 98,no,no,no,suspect,no,unk,24,6.0,100% trên 178 ảnh test rất đáng ngờ; tỉ lệ chia không khớp số ảnh.,Automatic Diagnosis of Rice Leaves Diseases Using Hybrid Deep Learning Model,Journal of Advances in Information Technology,L2,"AI-proposed, R1-confirmed 2026-10-03"
REP-0142,rep0142,2023,maize,T1,"blight, common rust, gray leaf spot, healthy",4,plantvillage,Kaggle Corn/Maize (PlantVillage+PlantDoc),mixed,4188,CNN-TL,EfficientNet-B0,unk,Acc,94,val = test (30%),no,yes,no,clean,no,unk,14,3.5,Không có tập test riêng,Leaf Image Identification: CNN with EfficientNet-B0 and ResNet-50 Used to Classified Corn Disease,Jurnal RESTI,,"AI-proposed, R1-confirmed 2026-10-03 (supplement); L3 withdrawn by measured duplicate rate 2026-10-04"
REP-0143,rep0143,2023,maize,T1,"healthy, NLB, GLS, common rust, NLS",4,mixed,"PlantVillage-corn, PlantDoc-corn, CD&S (self), Digipathos, NLB",mixed,11262,CNN-TL,DenseNet169,unk,Acc,99.5,PlantVillage in-domain; cross-dataset best 81.6,yes,no,no,clean,no,yes,125,31.2,"Tổng quát hoá chéo bộ chỉ 77,5–81,6%; PlantDoc-Corn nhỏ và nhiễu",Toward Generalization of Deep Learning-Based Plant Disease Identification Under Controlled and Field Conditions,IEEE Access,,"AI-proposed, R1-confirmed 2026-10-03"
REP-0158,rep0158,2023,rice,T1,"healthy, brown spot, leaf blast, leaf burn",4,kaggle_derived,Kaggle rice-diseases (minhhuy2810),field,unk,Lightweight-CNN,custom VGG+Inception CNN,unk,Acc,97.1,"only accuracy; 26.1 MB, 261 ms",no,no,no,clean,no,unk,17,4.2,Số ảnh gốc không nêu (≈1.500–2.500); chỉ báo Accuracy,Lightweight Multi-scale Convolutional Neural Network for Rice Leaf Disease Recognition,"Computers, Materials and Continua",,
REP-0165,rep0165,2023,maize,T1,"common rust, gray leaf spot, blight, healthy",4,plantvillage,PlantVillage+PlantDoc corn,mixed,3188,CNN-TL,EfficientNet-B0,unk,Acc,98.85,val_acc max 91.1 in Table 4; P/R/F1 inconsistent,no,unk,no,unknown,no,no,69,17.2,"Nhiều mâu thuẫn (98,85% vs val 91,1%); không mô tả chia tập; tin cậy thấp",Detecting Plant Disease in Corn Leaf Using EfficientNet Architecture—An Analytical Approach,Electronics (Switzerland),,"AI-proposed, R1-confirmed 2026-10-03 (supplement)"
REP-0169,rep0169,2023,rice,T1,"blast severity S1–S4 (mild, average, severe, profound)",4,mixed,"self (Patiala, India) + Mendeley + GitHub",mixed,1751,CNN-custom,custom CNN + SVM head,unk,Acc,97,severity classes; 80/20 split,no,yes,no,suspect,no,unk,107,26.8,Chỉ một bệnh (đạo ôn); nhãn mức độ gán thủ công; số ảnh mâu thuẫn,A Novel Hybrid Severity Prediction Model for Blast Paddy Disease Using Machine Learning,Sustainability (Switzerland),L2,"AI-proposed, R1-confirmed 2026-10-03"
REP-0206,rep0206,2023,maize,T1,"common rust, gray leaf spot, blight, healthy",4,plantvillage,PlantVillage+PlantDoc corn,mixed,4188,CNN-attention,MobileNetV3-Large + CBAM,unk,Acc,94.44,Task 2 val acc; Task 1 binary 98.73,no,yes,no,clean,no,unk,12,3.0,"Val = test; early stopping trên chính tập validation; train acc 1,0 (overfit)",MTDL-EPDCLD: A Multi-Task Deep-Learning-Based System for Enhanced Precision Detection and Diagnosis of Corn Leaf Diseases,Plants,,"AI-proposed, R1-confirmed 2026-10-03 (supplement); L3 withdrawn by measured duplicate rate 2026-10-04"
REP-0209,rep0209,2023,rice,T1,"blast, bacterial blight, brown spot, healthy",4,self,self (Heilongjiang Bayi Agric. Univ. + atlas scans),mixed,4082,CNN-attention,DRSN (ResNet50-style) + CBAM (ICDRSN),unk,Acc,98.65,10-fold CV; augmented pool may be split,no,yes,yes,suspect,no,unk,8,2.0,10-fold CV có thể trên 11.894 ảnh đã tăng cường; 611 ảnh quét atlas,New method for rice disease identification based on improved deep residual shrinkage network,Systems Science and Control Engineering,L1,"AI-proposed, R1-confirmed 2026-10-03"
REP-0243,rep0243,2023,rice,T2,"leaf blast, bacterial blight, brown spot",3,self,"self (Jinzhai, Anhui; figshare)",field,7220,YOLO,"YOLOv5s (YOLOV5-V2, Shuffle block)",unk,mAP50,98.65,val = test; YOLOv5s baseline 98.83; 69 FPS,no,yes,no,clean,no,yes,18,4.5,Ảnh chụp cùng ngày cùng địa điểm; số ảnh mâu thuẫn (7.220 vs 8.016),Diagnosis and application of rice diseases based on deep learning,PeerJ Computer Science,,
REP-0247,rep0247,2023,maize,T1,"healthy, gray leaf spot, blight, common rust",4,other_public,"Kaggle cornleavediseases (Madura, Indonesia)",field,3500,CNN-TL,ResNet-50,unk,Acc,95.59,read from MATLAB training plot; 5 epochs,no,yes,no,clean,no,unk,27,6.8,Chỉ 5 epoch; không có ma trận nhầm lẫn,Convolutional Neural Network-Based Classification Model of Corn Leaf Disease,Mathematical Modelling of Engineering Problems,,"AI-proposed, R1-confirmed 2026-10-03 (supplement)"
REP-0251,rep0251,2023,rice,T1,"brown spot, leaf blast, healthy",3,kaggle_derived,Kaggle rice-disease (tiffanyjade),unk,1548,CNN-ViT-hybrid,ResNet50 + transformer encoder + CBAM (ResViT-Rice),113,Acc,97.84,mean of per-class binary accuracies,no,yes,no,clean,no,unk,25,6.2,Tập 20% gọi là validation lẫn test; mô hình 113M tham số,ResViT-Rice: A Deep Learning Model Combining Residual Module and Transformer Encoder for Accurate Detection of Rice Diseases,Agriculture (Switzerland),,
REP-0274,rep0274,2023,rice,T2,"bacterial leaf blight, rice blast, brown spot",3,kaggle_derived,Kaggle RLD (nischallal),unk,850,YOLO,YOLOv5 + DenseNet-201 + Bi-FAPN,unk,mAP50,70.73,mAP inconsistent 49.3 vs 70.8; test 107,no,no,no,clean,no,unk,82,20.5,Tập nhỏ (850 ảnh); mAP khác nhau giữa các bảng,Rice leaf disease detection based on bidirectional feature attention pyramid network with YOLO v5 model,Environmental Research Communications,,
REP-0301,rep0301,2023,maize,T3,"gray leaf spot, northern leaf blight, northern leaf spot",3,other_public,CD&S (Purdue),field,1050,UNet-family,"U-Net (leaf) + DeepLabv3+ (Xception, lesion)",unk,mIoU,73.79,lesion mwIoU; leaf mwIoU 94.22; no val set,no,unk,no,clean,no,yes,138,34.5,Không có tập validation riêng; test nhỏ (100/150 ảnh),A two-stage deep-learning based segmentation model for crop disease quantification based on corn field imagery,Smart Agricultural Technology,,
REP-0309,rep0309,2023,rice,T1,"bacterial blight, blast, brown spot, tungro",4,sethy_mendeley,Sethy,field,5932,CNN-TL,EfficientNet-B3 (federated),unk,Acc,99.47,"validation accuracy, IID; 75x75 grayscale",no,yes,no,suspect,no,unk,57,14.2,Chỉ validation accuracy; ảnh 75×75 grayscale; mô tả chia không nhất quán,Federated Transfer Learning for Rice-Leaf Disease Classification across Multiclient Cross-Silo Datasets,Agronomy,L2,"AI-proposed, R1-confirmed 2026-10-03 (supplement)"
REP-0318,rep0318,2023,rice,T4+T1,"brown spot, leaf blast, bacterial blight",3,self,self (prior study + Hefei CAS),unk,2538,GAN,WGAN-GP + Opt-Real-ESRGAN; ResNet18 classifier,unk,Acc,91.65,ResNet18 with synthetic data; 1:1 split,no,yes,no,clean,no,unk,78,19.5,Không có tập val; chọn epoch tốt nhất trên test,A High-Quality Rice Leaf Disease Image Data Augmentation Method Based on a Dual GAN,IEEE Access,,
REP-0326,rep0326,2023,maize,T1,"fall armyworm, gray leaf spot, leaf blight, northern leaf spot, rust, healthy",6,other_public,CD&S + PlantDoc + GitHub + web,field,3258,CNN-attention,EfficientNet-B0 (FCA-EfficientNet),3.44,Acc,98.77,test ~326 images,no,no,no,clean,no,unk,28,7.0,Tập test nhỏ (~326 ảnh); có lớp sâu hại,Improved EfficientNet for corn disease identification,Frontiers in Plant Science,,"AI-proposed, R1-confirmed 2026-10-03 (supplement)"
REP-0360,rep0360,2023,rice,T1,"BLB, BLS, BPB, blast, brown spot, tungro + pests, normal (13)",13,other_public,Paddy Doctor,field,16225,CNN-custom,PaddyNet (17-layer CNN),unk,Acc,98.99,"test 3,245 = 20% originals",no,no,no,clean,no,yes,15,3.8,,PaddyNet: An Improved Deep Convolutional Neural Network for Automated Disease Identification on Visual Paddy Leaf Images,International Journal of Advanced Computer Science and Applications,,
REP-0372,rep0372,2023,maize,T2,"northern leaf blight, northern leaf spot, gray leaf spot",3,other_public,CD&S,field,2112,Two-stage-detector,Faster R-CNN (ResNet-50 + CBAM),unk,mAP50,94.6,"Acc 97.89; 7:3 split, no val",no,yes,no,clean,no,unk,110,27.5,"Số ảnh 2,112 không khớp CD&S gốc (1,597)",MaizeNet: A Deep Learning Approach for Effective Recognition of Maize Plant Leaf Diseases,IEEE Access,,
REP-0401,rep0401,2023,rice,T1,"BLB, BLS, BPB, blast, brown spot, dead heart, downy mildew, hispa, tungro, normal",10,other_public,Paddy Doctor,field,10407,CNN-TL,EfficientNet-b0,unk,Acc,97.79,validation accuracy; 5 epochs,no,yes,no,clean,no,unk,18,4.5,Không có test độc lập; chỉ 5 epoch,Non-Destructive Classification of Paddy Rice Leaf Disease Infected by Bacterial and Fungal Species Using Vision-Based Deep Learning,Journal of Advanced Computational Intelligence and Intelligent Informatics,,
REP-0409,rep0409,2023,maize,T2,"northern leaf blight, rust, gray leaf spot, healthy",4,mixed,PlantVillage-corn + 400 field images,mixed,4353,YOLO,YOLOv5n (CTR_YOLOv5n),unk,mAP50-95,95.2,unclear whether val or test,no,unk,no,clean,no,unk,57,14.2,Chủ yếu PlantVillage nền lab; không rõ mAP trên val hay test,Maize Leaf Disease Identification Based on YOLOv5n Algorithm Incorporating Attention Mechanism,Agronomy,,
REP-0446,rep0446,2023,rice,T2,"healthy, brown spot, bacterial blight, blast",4,mixed,Kaggle + self (India),mixed,1200,Two-stage-detector,Faster R-CNN (EfficientNet-B0),unk,mAP50,92.0,mAP 0.92; split ratio unstated,no,unk,no,clean,no,unk,50,12.5,Không nêu số ảnh train/val/test; kết luận mâu thuẫn thân bài về backbone tốt nhất,An Artificial-Intelligence-Based Novel Rice Grade Model for Severity Estimation of Rice Diseases,Agriculture (Switzerland),,
REP-0475,rep0475,2023,maize,T1,"brown spot, southern leaf blight, curvularia leaf spot, common rust, NLB, healthy",6,mixed,"self (Henan/Shandong, China) + Kaggle + NLB",mixed,9401,CNN-TL,EfficientNet-B0 + LayerCAM,unk,F1,96.05,"val = test (2,818); CAM localization mIoU 55.3",no,yes,no,clean,no,unk,19,4.8,Lớp healthy/NLB từ nguồn khác các lớp còn lại → thiên lệch nguồn,Classification and localization of maize leaf spot disease based on weakly supervised learning,Frontiers in Plant Science,,
REP-0476,rep0476,2023,rice,T1,"bacterial blight, blast, brown spot, tungro",4,sethy_mendeley,Sethy,lab,5932,CNN-TL,InceptionV3 (frozen base),unk,Acc,97.47,test 593,no,no,no,suspect,no,unk,3,0.8,Backbone đóng băng; bộ Sethy có nhiều ảnh gần trùng,Disease Detection on Rice Leaves through Deep Learning with InceptionV3 Method,Jurnal RESTI,L2,"AI-proposed, R1-confirmed 2026-10-03"
REP-0973,rep0973,2023,rice,T1,"rice blast, sheath blight, brown spot, leaf blight",4,mixed,"self (Heilongjiang, China) + unnamed public",field,2414,CNN-attention,Improved CNN (Inception+residual+CBAM) + BiGRU,unk,Acc,98.21,"test 1,200 includes augmented images",no,no,no,clean,no,unk,,,"Tập test 1,200 ảnh chứa ảnh tăng cường → kết quả có thể lạm phát",Rice disease identification method based on improved CNN-BiGRU,Artificial Intelligence in Agriculture,L4,"AI-proposed, R1-confirmed 2026-10-03; L4 kept as flag only; split before augmentation -> clean (2026-10-05)"
REP-0003,rep0003,2024,rice,T1,"bacterial blight, blast, brown spot, tungro",4,sethy_mendeley,Sethy,field,5932,Lightweight-CNN,FD-MobileNet / MobileNetV2 (TFLite int8),unk,Acc,98.44,mô phỏng; trên STM32 120 ảnh: 90 / 97.5,no,yes,no,suspect,yes,unk,17,5.7,Test+val gộp 20%; mâu thuẫn tăng cường trước/sau chia; test phần cứng chỉ 120 ảnh.,Effective Edge Solution for Early Detection of Rice Disease on ARM- M Microcontroller,IEEE Access,L2,"AI-proposed, R1-confirmed 2026-10-03"
REP-0004,rep0004,2024,rice,T3,"tungro, brown spot (+ BLB, blast kiểm chứng)",2,mixed,"Kaggle rice (tự gán mask) + self (Yueyang, Hunan)",mixed,2605,Transformer-seg,SegFormer-B0 (AISOA-SSformer),14.71,mIoU,83.1,Dice 80.3; ruộng thật 0-shot mIoU 62.8/68.1,yes,yes,no,clean,no,yes,57,19.0,Không có tập val riêng (chọn siêu tham số trên test); nguồn ảnh gốc mô tả mâu thuẫn.,AISOA-SSformer: An Effective Image Segmentation Method for Rice Leaf Disease Based on the Transformer Architecture,Plant Phenomics,,
REP-0006,rep0006,2024,maize,T1,"common rust, gray leaf spot, NLB, healthy",4,plantvillage,Kaggle Corn/Maize (PV+PlantDoc),mixed,4188,CNN-TL,SqueezeNet,unk,Acc,97.0,80/20 và 10-fold CV mâu thuẫn,no,yes,no,unknown,no,unk,78,26.0,Ma trận nhầm lẫn chỉ ~199 ảnh test; số ảnh 4188 vs 3852 mâu thuẫn.,Deep SqueezeNet learning model for diagnosis and prediction of maize leaf diseases,Journal of Big Data,,"AI-proposed, R1-confirmed 2026-10-03 (supplement); L3 withdrawn by measured duplicate rate 2026-10-04"
REP-0010,rep0010,2024,rice,T1,"brown spot, hispa, leaf blast, healthy",4,kaggle_derived,"Kaggle minhhuy2810 rice (2,092 ảnh dùng)",unk,2092,CNN-TL,ResNet152V2,unk,Acc,98.36,chỉ accuracy; val dùng làm test,no,yes,no,clean,no,unk,2,0.7,"Chỉ báo accuracy, không F1; mô tả chia tập mâu thuẫn.",A Real Time Performance Comparison of Rice Plant Disease Identification System using Deep CNN Models,International Research Journal of Multidisciplinary Scope,,
REP-0019,rep0019,2024,maize,T2+T4,"blight, gray leaf spot, rust, healthy",4,plantvillage,Kaggle/OpenDataLab/PaddlePaddle corn 256×256 (PV-like),lab,2107,YOLO,YOLOv5s-C3CBAM,unk,mAP50,83.0,tập test độc lập 100 ảnh (không nói rõ),no,unk,no,suspect,no,unk,12,4.0,Val chứa ảnh tăng cường + CycleGAN; không rõ bảng kết quả tính trên val hay 100 ảnh test.,Maize Leaf Compound Disease Recognition Based on Attention Mechanism,Agriculture (Switzerland),L1,"AI-proposed, R1-confirmed 2026-10-03"
REP-0020,rep0020,2024,rice,T1,"BLB, sheath rot, narrow brown spot, brown spot, leaf smut",5,self,"self (India, không nêu địa điểm)",unk,344,CNN-custom,Hybrid 3-stream CNN on GLCM,unk,Acc,97.0,F1 92.3; tập test gồm ảnh tăng cường,no,yes,no,clean,no,no,39,13.0,Chỉ 69 ảnh test gốc; test được tăng cường riêng nên chỉ số lạm phát nhẹ.,Comparative analysis of paddy leaf diseases sensing with a hybrid convolutional neural network model,Measurement: Sensors,,
REP-0040,rep0040,2024,rice,T1,"brown spot, leaf blast, hispa, healthy",4,kaggle_derived,Kaggle rice leaf (nền trắng),lab,2658,CNN-custom,Modified LeafNet,1.33,Acc,87.76,val 97.44 vs test 87.76,no,no,no,clean,no,unk,33,11.0,Chênh lệch lớn val/test; ảnh nền trắng hạn chế đại diện.,"Comparative Analysis of Transfer Learning, LeafNet, and Modified LeafNet Models for Accurate Rice Leaf Diseases Classification",IEEE Access,,
REP-0061,rep0061,2024,maize,T1,"blight, common rust, gray leaf spot, healthy",4,plantvillage,Kaggle Corn/Maize (PV+PlantDoc),mixed,4188,CNN-TL,VGG16,unk,Acc,94.67,train acc 99.89,no,yes,no,clean,no,unk,50,16.7,"Chỉ train/test, 10 epoch; bộ Kaggle gộp PV nên có thể ảnh gần trùng.",Corn leaf disease: insightful diagnosis using VGG16 empowered by explainable AI,Frontiers in Plant Science,,"AI-proposed, R1-confirmed 2026-10-03; L3 withdrawn by measured duplicate rate 2026-10-04"
REP-0093,rep0093,2024,maize,T1,"gray leaf spot, common rust, NLB, maize streak virus, healthy",5,plantvillage,PlantVillage-corn + Kaggle crop pest & disease,mixed,8280,CNN-attention,ResNet50 (ICS-ResNet),7.24,Acc,98.87,chọn mô hình theo tập test,no,yes,no,unknown,no,unk,22,7.3,Không có val riêng; Bảng 2 có lỗi tỉ lệ; chủ yếu ảnh PlantVillage nền lab.,ICS-ResNet: A Lightweight Network for Maize Leaf Disease Classification,Agronomy,,
REP-0107,rep0107,2024,rice,T2,"leaf blast, leaf folder, brown spot",3,self,"self (VNUA, Hà Nội)",field,1634,YOLO,YOLOv8n (alpha-EIoU),unk,mAP50,89.9,test 241 ảnh; baseline 88.9,no,no,no,unknown,yes,unk,89,29.7,"1,634 ảnh thu vs 3,175 ảnh 'final' không giải thích; cải thiện chỉ +1% mAP.",Alpha-EIOU-YOLOv8: An Improved Algorithm for Rice Leaf Disease Detection,AgriEngineering,,"AI-proposed, R1-confirmed 2026-10-03"
REP-0115,rep0115,2024,rice,T3,blast (mask nhị phân bệnh/khỏe),1,other_public,Kaggle Rice Leaf Disease with Segmentation Labels,unk,150,UNet-family,U-Net (EfficientNet-B7 + attention gates),unk,other,80.28,pixel accuracy; không IoU/Dice; val = test,no,yes,no,clean,no,unk,3,1.0,Chỉ 150 ảnh blast; chỉ số pixel accuracy yếu; chọn giá trị đỉnh theo epoch.,A novel hybrid deep learning framework for enhanced segmentation of rice leaf diseases using attention-driven efficientnet models,Edelweiss Applied Science and Technology,,
REP-0128,rep0128,2024,rice,T1,"BLB, blast, brown spot, false smut",4,self,"self (Gangavathi, Karnataka)",field,200,CNN-TL,VGG19 (frozen),unk,Acc,90,"'exceeding 90%', không nêu số; test 40 ảnh",no,yes,no,clean,no,unk,7,2.3,"200 ảnh, test 40; early stopping theo dõi trên chính tập test.",Using Pretrained VGG19 Model and Image Segmentation for Rice Leaf Disease Classification,International Journal of Advanced Computer Science and Applications,,
REP-0148,rep0148,2024,rice,T1,"brown spot, bacterial leaf blight, leaf scald, narrow brown spot, leaf blast, healthy",6,kaggle_derived,Kaggle Rice Leafs (dedeikhsandwisaputra),unk,2627,CNN-TL,EfficientNet-B0 + Capsule head,unk,Acc,97.86,evaluated on Kaggle validation folder,no,yes,no,unknown,no,unk,3,1.0,Không có tập test độc lập; không nêu số ảnh train/val,Precision Farming with AI: An Integrated Deep Learning Solution for Paddy Leaf Disease Monitoring,International Journal of Advanced Computer Science and Applications,,
REP-0168,rep0168,2024,maize,T1,"blight, common rust, gray leaf spot, healthy",4,plantvillage,PlantVillage-corn + self sensor data,lab,4188,Ensemble,ResNeXt-34 + VGG-16 + 1D-AlexNet (MMF-Net),unk,Acc,99.23,after sensor fusion; image-only 97.80–98.48,no,yes,no,clean,no,unk,129,43.0,Ghép cảm biến với ảnh PlantVillage không rõ cơ chế; nên dùng số ảnh-only,An Early and Smart Detection of Corn Plant Leaf Diseases Using IoT and Deep Learning Multi-Models,IEEE Access,,"AI-proposed, R1-confirmed 2026-10-03 (supplement); L3 withdrawn by measured duplicate rate 2026-10-04"
REP-0172,rep0172,2024,rice,T1,"blight, blast, brown spot, tungro (each mild/severe), healthy",9,sethy_mendeley,Sethy + Kaggle/UCI healthy,field,5932,CNN-custom,custom VGG16 ('VGG18'),unk,Acc,99.94,test only 180 images; 99.7 in Table 6,no,yes,no,suspect,no,unk,153,51.0,Tăng cường mô tả trước khi chia; test 180 ảnh; số liệu mâu thuẫn,DeepRice: A deep learning and deep feature based classification of Rice leaf disease subtypes,Artificial Intelligence in Agriculture,L1+L2,"AI-proposed, R1-confirmed 2026-10-03"
REP-0176,rep0176,2024,rice,T1,"leaf blight, brown spot, leaf smut, healthy",4,kaggle_derived,Kaggle rice leaf (unnamed),unk,1600,CNN-custom,custom AlexNet-like CNN (TFLite),unk,Acc,94,test only 80 images via Android app,no,yes,no,clean,no,unk,2,0.7,Tập test 80 ảnh; train acc chỉ 83%; nguồn Kaggle không nêu,Identification of Rice Plant Diseases Using Convolutional Neural Network Method,Mathematical Modelling of Engineering Problems,,
REP-0193,rep0193,2024,rice,T1,"leaf blast, bacterial blight, brown spot, healthy",4,self,"self (rice field, location unstated)",field,500,CNN-TL,ResNeXt,unk,Acc,99.22,F1 90.95 vs 99.05 inconsistent; test 150,no,yes,no,clean,no,unk,6,2.0,"Acc 99,22% nhưng F1 90,95%; 500 vs 5.200 ảnh; kiến trúc mô tả lẫn lộn",Detection of diseases in rice leaf using convolutional neural network with transfer learning based on ResNeXt,International Journal of Electrical and Computer Engineering,,
REP-0198,rep0198,2024,rice,T1,"bacterial blight, blast, brown spot, tungro",4,sethy_mendeley,Sethy,field,5932,CNN-attention,custom ResBlock CNN + channel attention,1.26,Acc,99.6,"protocol inconsistent (800 vs 1,185 test)",no,no,no,suspect,no,unk,29,9.7,Validation chia sau tăng cường; số ảnh test mâu thuẫn,Utilizing Convolutional Neural Networks for the Effective Classification of Rice Leaf Diseases Through a Deep Learning Approach,Electronics (Switzerland),L2,"AI-proposed, R1-confirmed 2026-10-03"
REP-0200,rep0200,2024,maize,T1,"northern leaf blight, southern leaf blight, smut, head smut, round spot, brown spot, healthy",7,mixed,"self (CAU Beijing, Bayannur) + online images",mixed,7343,Other,state-space attention net (Mamba-style),unk,Acc,94,7:2:1 and 5-fold CV both mentioned,no,no,no,suspect,no,unk,25,8.3,CutMix/Mosaic mô tả trước khi chia; lớp healthy không nêu số ảnh,A Deep Learning Model for Accurate Maize Disease Detection Based on State-Space Attention and Feature Fusion,Plants,L1,"AI-proposed, R1-confirmed 2026-10-03"
REP-0205,rep0205,2024,maize,T1,"blight, cercospora, gray spot, rust, fall armyworm, herbicide burn/Zn deficiency, healthy",8,kaggle_derived,CSDN-sourced maize set (provenance unclear),field,4107,CNN-attention,ResNeXt-50 + IMA/CDC (ICPNet),unk,Acc,88.46,val = test; image counts inconsistent,no,yes,no,clean,no,unk,6,2.0,Nguồn CSDN mơ hồ; số ảnh mâu thuẫn (4.107 vs 3.785),ICPNet: Advanced Maize Leaf Disease Detection with Multidimensional Attention and Coordinate Depthwise Convolution,Plants,,
REP-0214,rep0214,2024,rice,T1,"bacterial leaf blight, brown spot, leaf smut",3,kaggle_derived,"Kaggle rice 3-disease (unnamed, likely augmented UCI)",unk,4804,CNN-TL,MobileNetV3-Small,unk,Acc,100,100% test for all models; suspicious,no,no,no,suspect,no,unk,1,0.3,Test 100% cho mọi mô hình; nguồn Kaggle 4.804 ảnh không rõ,Application of deep learning for rice leaf disease detection in the Mekong Delta,CTU Journal of Innovation and Sustainable Development,L3,"AI-proposed, R1-confirmed 2026-10-03"
REP-0229,rep0229,2024,maize,T2,"Cercospora zeae-maydis (gray leaf spot), Puccinia polysora, common rust, blight, Mycosphaerella maydis",5,mixed,"MaizeData (self, Jilin + PlantVillage maize); PascalVOC as second benchmark",mixed,unk,YOLO,"YOLOv5s-based AgroYOLO, semi-supervised teacher-student (Agronomic Teacher)",unk,mAP50,42.3,"30% labelled MaizeData; baseline YOLOv5s 35.8; P 53.8, R 42.8; PascalVOC 30%: 53.6",no,no,no,suspect,no,unk,6,2.0,"Tăng cường mô tả trước câu chia 7:2:1, không nêu số ảnh gốc (13 216 ảnh sau tăng cường); bán giám sát 10-30% nhãn",Semi-Supervised One-Stage Object Detection for Maize Leaf Disease,Agriculture (Switzerland),L1,"moved from G3-LEAK exclusion to inclusion, suspected L1 (2026-10-05)"
REP-0230,rep0230,2024,rice,T1,"bacterial leaf blight, brown spot, leaf blast, leaf scald, narrow brown spot, healthy",6,kaggle_derived,Kaggle Rice Leafs (dedeikhsandwisaputra); Kaggle loki4514 (10-class),unk,2627,Ensemble,"Ensemble-1 (VGG16/VGG19/InceptionV3/ResNet50/EffNetV2-M, frozen)",unk,Acc,99,test support 315 unexplained; dataset-2 99.98,no,unk,no,unknown,no,unk,24,8.0,"Tóm tắt nêu 99,78% là train acc; nguồn tập test (315) không rõ",Explainable Deep Transfer Learning Framework for Rice Leaf Disease Diagnosis and Classification,International Journal of Advanced Computer Science and Applications,,
REP-0325,rep0325,2024,rice,T1,"bacterial leaf blight, blast, brown spot, tungro",4,sethy_mendeley,Sethy,field,5932,CNN-TL,MobileNet,unk,Acc,99.0,"test = validation set (1,186); 10 epochs",no,yes,no,suspect,no,unk,9,3.0,Tập test kiêm validation; Sethy nhiều ảnh gần trùng,Innovative Approaches to Rice (Oryza sativa) Crop Health: A Comprehensive Analysis of Deep Transfer Learning for Early Disease Detection,Yuzuncu Yil University Journal of Agricultural Sciences,L2,"AI-proposed, R1-confirmed 2026-10-03"
REP-0361,rep0361,2024,rice,T4+T1,"bacterial blight, blast, brown spot, tungro",4,sethy_mendeley,Sethy,field,5932,GAN,DCGAN + custom 5-conv CNN,unk,Acc,99.75,validation accuracy; split not stated,no,yes,no,suspect,no,unk,4,1.3,Ảnh DCGAN trộn vào tập trước khi chia; chỉ validation acc; bài sơ lược,Improving losses & accuracy through design of deep convolutional generative adversarial network (DCGAN) for plant disease detection tasks,Edelweiss Applied Science and Technology,L1+L2,"AI-proposed, R1-confirmed 2026-10-03"
REP-0386,rep0386,2024,rice,T1,"bacterial leaf blight, sheath rot, narrow brown leaf spot, brown spot, leaf smut",5,self,"self (Tirupathisaram, Tamil Nadu)",field,365,CNN-custom,HCNN (3 parallel CNN) + ITSO,unk,Acc,98.8,test 447 incl. augmented copies of 83 originals,no,yes,no,clean,no,no,10,3.3,Tập gốc 365 ảnh; test gồm bản tăng cường của 83 ảnh gốc,Improved Tunicate Swarm Optimization Based Hybrid Convolutional Neural Network for Classification of Leaf Diseases and Nutrient Deficiencies in Rice (Oryza),Agronomy,,
REP-0400,rep0400,2024,rice,T1,"blast, sheath blight, BLB, tungro, brown spot, viruses (9 stated)",9,other_public,Paddy Doctor + Sethy,field,30000,CNN-TL,ResNet50,unk,Acc,97.5,normalized augmented data,no,no,no,suspect,no,unk,8,2.7,Danh sách lớp không khớp nguồn; số ảnh nói quá; chất lượng báo cáo thấp,Performance analysis of various deep learning models for detecting rice diseases,Journal of Autonomous Intelligence,L2,"AI-proposed, R1-confirmed 2026-10-03 (supplement)"
REP-0402,rep0402,2024,maize,T3,"gray leaf spot, common rust, northern leaf blight (binary lesion mask)",3,plantvillage,"PlantVillage-corn (800, LabelMe masks)",lab,800,Transformer-seg,SE-Swin Unet,122.58,mIoU,84.61,test ~80 images; Acc 92.98,no,no,no,clean,no,unk,14,4.7,Tập test rất nhỏ (~80 ảnh); mô hình 122.58M tham số,SE-SWIN UNET FOR IMAGE SEGMENTATION OF MAJOR MAIZE FOLIAR DISEASES,Engenharia Agricola,,
REP-0421,rep0421,2024,rice,T1,"bacterial blight, blast, brown spot, tungro",4,sethy_mendeley,Sethy,field,5932,CNN-custom,custom CNN (1 conv),unk,Acc,98.08,unclear test vs val,no,unk,no,suspect,no,unk,28,9.3,Tỉ lệ chia mâu thuẫn (70/15/15 vs 70/20/10); CNN rất nông,"Rice Leaf Disease Classification—A Comparative Approach Using Convolutional Neural Network (CNN), Cascading Autoencoder with Attention Residual U-Net (CAAR-U-Net), and MobileNet-V2 Architectures",Technologies,L2,"AI-proposed, R1-confirmed 2026-10-03"
REP-0456,rep0456,2024,maize,T1,"gray leaf spot, common rust, leaf blight, healthy",4,kaggle_derived,"Kaggle 'PlantVillage' (inconsistent, 7,316)",unk,7316,Other,DenseNet + LSTM (MRFO),unk,Acc,98.57,"80:20, val = test; one-vs-rest accuracy",no,yes,no,unknown,no,unk,6,2.0,"Nguồn dữ liệu trích dẫn sai; số ảnh gần gấp đôi PV ngô, nghi tập đã nhân bản",Maize Leaf Disease Detection using Manta-Ray Foraging Optimization with Deep Learning Model,"Engineering, Technology and Applied Science Research",,
REP-0470,rep0470,2024,maize,T1,"MLN, MSV, healthy, non-maize",4,self,"self (Arusha/Kilimanjaro/Manyara, Tanzania)",field,27588,ViT,ViT-12L from scratch,unk,Acc,93.1,"val = test; ViT on 6,675 images only; CNN 90.96",no,yes,no,clean,no,yes,12,4.0,"ViT chỉ dùng 6,675/27,588 ảnh; CNN huấn luyện 4 batch tuần tự bất thường",Deep learning models for the early detection of maize streak virus and maize lethal necrosis diseases in Tanzania,Frontiers in Artificial Intelligence,,
REP-0480,rep0480,2024,maize,T1,"MBLSB, MBS, MCR, MCLS, MTLB, healthy (10 classes)",10,kaggle_derived,"'PlantVillage' (unclear, several sources)",unk,9052,CNN-TL,ResNet50,unk,Acc,87.51,validation accuracy; val = test,no,yes,no,suspect,no,unk,64,21.3,Tăng cường offline cân bằng lớp trước khi chia (không rõ); nguồn dữ liệu mâu thuẫn,Deep transfer learning for fine-grained maize leaf disease classification,Journal of Agriculture and Food Research,L1,"AI-proposed, R1-confirmed 2026-10-03"
REP-0487,rep0487,2024,rice,T1,"bacterial blight, blast, brown spot, tungro (+6 Paddy Doctor classes)",10,mixed,Sethy + Paddy Doctor,mixed,16339,Lightweight-CNN,MobileNetV2 (a=0.35) int8,unk,Acc,99.0,4-class simulated; 10-class 94.57; on STM32 97.5 (120 imgs),no,unk,no,suspect,yes,no,23,7.7,Không nêu tỉ lệ chia; tăng cường offline cân bằng lớp không rõ thứ tự,Resource-optimized cnns for real-time rice disease detection with ARM cortex-M microprocessors,Plant Methods,L1+L2,"AI-proposed, R1-confirmed 2026-10-03"
REP-0492,rep0492,2024,maize,T1,"MLN, MSV, healthy",3,other_public,Mduma & Laizer 2023 (Tanzania),field,15344,CNN-TL,EfficientNetV2-B0,unk,Acc,99.99,"val = test (3,070); CM implies ~99.7",no,yes,no,suspect,no,unk,42,14.0,99.99% mâu thuẫn confusion matrix; bộ có nhiều ảnh liên tiếp cùng cây,A deep learning approach for Maize Lethal Necrosis and Maize Streak Virus disease detection,Machine Learning with Applications,L2,"AI-proposed, R1-confirmed 2026-10-03"
REP-0720,rep0720,2024,maize,T1,"blight, common rust, gray leaf spot, healthy (+FAW, herbicide burn, Zn deficiency)",4,plantvillage,Kaggle corn-or-maize (PV+PlantDoc); +WG-MARNet,mixed,4188,CNN-TL,VGG16 (set 1); EfficientNet-B0 (set 2),unk,Acc,97.15,test 811; set 2 (7-class) 94.80,no,no,no,clean,no,unk,,,"Bộ Kaggle PV+PlantDoc có ảnh trùng, bài không lọc",Maize disease classification using transfer learning and convolutional neural network with weighted loss,Heliyon,,"AI-proposed, R1-confirmed 2026-10-03; L3 withdrawn by measured duplicate rate 2026-10-04"
REP-0827,rep0827,2024,maize,T1,"common rust, gray spot, blight, healthy",4,plantvillage,CMLset (PV + PlantDoc),mixed,4188,CNN-custom,MResNet (dual-dilation residual),unk,Acc,97.45,80/20 test; aug 4x may precede split,no,unk,no,suspect,no,unk,,,"Table 1 tăng cường 4x toàn bộ tập, mâu thuẫn mô tả chỉ tăng train",A multi-scale feature fusion neural network for multi-class disease classification on the maize leaf images,Heliyon,L1,"AI-proposed, R1-confirmed 2026-10-03"
REP-1019,rep1019,2024,maize,T2,"infected (disease+pest), healthy",2,self,self (location unstated),unk,4129,YOLO,YOLOv5 (YOLO-SDW),unk,mAP50,83.5,test 825; 115 fps,no,no,no,unknown,no,no,,,"Chỉ 2 lớp, 'Infected' gộp sâu hại và nhiều bệnh; địa điểm không nêu",YOLO-SDW: A method for detecting infection in corn leaves,Energy Reports,,
REP-0014,rep0014,2025,maize,T1,"eyespot, NLB, common rust, gray leaf spot, P/Zn deficiency, healthy",9,mixed,self (Harbin) + PlantVillage + PlantDoc,mixed,9000,CNN-ViT-hybrid,MobileViT (DSTANet),1.9,Acc,96.11,5-fold 95.44±0.18,no,no,no,clean,no,unk,3,1.5,"2/9 lớp là thiếu dinh dưỡng; mỗi lớp đúng 1000 ảnh, không tách số tự thu vs công khai.",DSTANet: A Lightweight and High-Precision Network for Fine-Grained and Early Identification of Maize Leaf Diseases in Field Environments,Sensors,,"AI-proposed, R1-confirmed 2026-10-03 (supplement)"
REP-0028,rep0028,2025,rice,T1,"bacterial blight, brown spot, leaf blast, narrow brown spot, tungro, healthy (+2)",8,mixed,self (Tamil Nadu) + Sethy Mendeley,mixed,unk,CNN-attention,custom 52-layer DNN (channel attention + inception-residual),3.2,Acc,99.49,5 run 99.65±0.13; ngô Kaggle 88.97,no,no,no,suspect,no,no,12,6.0,"Lớp cân bằng gần tuyệt đối sau tăng cường, không nêu số gốc; mọi mạng pre-trained đạt 100%.",Robust Deep Neural Network for Classification of Diseases from Paddy Fields,AgriEngineering,L1+L2,"AI-proposed, R1-confirmed 2026-10-03"
REP-0037,rep0037,2025,rice,T1,"leaf blast, false smut, neck blast, sheath blight, bacterial stripe, brown spot",6,self,self (Karnataka) ~70% + web ~30%,mixed,18563,Ensemble,GoogLeNet+DenseNet121+ResNet34+VGG16,unk,Acc,96.81,Bảng 4 ghi 97.21; số liệu mâu thuẫn,yes,no,no,clean,no,no,32,16.0,Mâu thuẫn nội bộ về submodel và số liệu; không phải tất cả lớp là bệnh lá.,Deep learning-based automatic diagnosis of rice leaf diseases using ensemble CNN models,Scientific Reports,,
REP-0044,rep0044,2025,maize,T2,"NLB, NLS, GLS",3,other_public,CD&S (Purdue),field,2112,Other-detector,CenterNet (DenseNet-65),6.9,mAP50,95.2,ngưỡng IoU của mAP không nêu; Acc 98.62,no,yes,no,clean,no,unk,4,2.0,"Số ảnh 2,112 vs 1,597 theo lớp không khớp (có thể gồm ảnh tăng cường sẵn của CD&S).",CentralMaizeGuard: Enhanced deep learning model for maize disease detection and management,Archives of Control Sciences,,
REP-0072,rep0072,2025,rice,T2,"leaf folder, rice blast, brown spot",3,self,"self (VNUA, Vietnam)",field,3563,YOLO,YOLOv8s (Ghost + EMA),5.5,mAP50,95.4,mAP50-95 62.4; test 357 ảnh,no,no,no,clean,no,no,10,5.0,Không có lớp healthy; leaf folder là sâu hại; không lặp nhiều seed.,Ghost-Attention-YOLOv8: Enhancing Rice Leaf Disease Detection with Lightweight Feature Extraction and Advanced Attention Mechanisms,AgriEngineering,,
REP-0079,rep0079,2025,rice,T1,"rice blast, sheath blight, brown spot, grassy stunt, ragged stunt, yellow mottle",6,kaggle_derived,"Kaggle Paddy Leaf Diseases Detection (3,829)",field,3829,CNN-custom,8-layer CNN (MIPIO-tuned),unk,Acc,97.0,đọc từ đồ thị; val = test,no,yes,no,clean,no,unk,1,0.5,Chất lượng báo cáo rất thấp; phương pháp không khớp dữ liệu; số liệu mâu thuẫn.,Median interacted pigeon optimization-based hyperparameter tuning of CNN for paddy leaf disease prediction,Chemical and Biological Technologies in Agriculture,,
REP-0109,rep0109,2025,rice,T1,"BLB, leaf blast, brown spot, healthy",4,kaggle_derived,"UCI + Kaggle minhhuy2810 (lọc 1,500)",unk,1500,CNN-TL,Quaternion AlexNet-Atrous (CHBA),unk,Acc,93.5,val = test 300 ảnh,no,yes,no,clean,no,unk,9,4.5,Nhiều lỗi biên tập (sao chép từ bài khác); khung DT/Fog chỉ mô phỏng.,A digital twin-enabled fog-edge-assisted IoAT framework for Oryza Sativa disease identification and classification,Ecological Informatics,,
REP-0112,rep0112,2025,rice,T1,"bacterial blight, kernel smut, false smut, brown spot, healthy",5,self,self (Chongqing) + Internet,field,3380,Ensemble,CG-EfficientNet-B0 ×7 stacking,unk,Acc,96.1,không rõ hold-out hay CV,no,no,no,clean,no,unk,15,7.5,2/5 lớp là bệnh bông/hạt; tỉ lệ ảnh Internet không nêu.,Rice Disease Classification Using a Stacked Ensemble of Deep Convolutional Neural Networks,Sustainability (Switzerland),,
REP-0123,rep0123,2025,rice,T1,"bacterial blight, brown spot, leaf blast, leaf scald, narrow brown spot, healthy",6,kaggle_derived,"Kaggle rice (không nêu tên, 2,100)",unk,2100,CNN-TL,DenseNet121,unk,Acc,98.41,test 630 ảnh,no,unk,no,clean,no,unk,1,0.5,"Nguồn Kaggle không nêu tên; bài ngắn, thiếu chi tiết.","A novel approach to enhance rice foliar disease detection: custom data generators, advanced augmentation, hybrid fine-tuning, and regularization techniques with DenseNet121",IAES International Journal of Robotics and Automation,,
REP-0127,rep0127,2025,maize,T3,NCLB (background/leaf/spot),1,plantvillage,PlantVillage + AI Studio NCLB (tự gán mask),lab,358,UNet-family,UNet (MobileNetV3 + E-ASPP + SimAM),8.18,mIoU,92.74,val = test 72 ảnh; 3 lần lặp,no,yes,no,clean,no,unk,0,0.0,"Tập rất nhỏ (358 ảnh gốc, 72 ảnh đánh giá).",A Lightweight Segmentation Model for Northern Corn Leaf Blight Based on an Enhanced UNet Architecture,Agriculture (Switzerland),,
REP-0130,rep0130,2025,rice,T1,"healthy, brown spot, BLB, leaf blast",4,kaggle_derived,"Kaggle rice 4-class (6,763)",unk,6763,Other,Twin CNN on VGG16+ResNet50+InceptionV3 features (PCA),unk,Acc,96.8,RiceLeafDB ngoài 92.3,yes,no,no,unknown,no,unk,36,18.0,Ma trận nhầm lẫn vượt kích thước lớp test; mô tả dữ liệu và thí nghiệm mâu thuẫn.,A twin CNN-based framework for optimized rice leaf disease classification with feature fusion,Journal of Big Data,,"AI-proposed, R1-confirmed 2026-10-03"
REP-0132,rep0132,2025,rice,T1,"BLB, bacterial leaf streak, blast, brown spot, tungro, normal (+4)",10,other_public,Paddy Doctor,field,10407,CNN-TL,DenseNet121,unk,Acc,97.5,không mô tả chia tập,no,unk,no,unknown,no,unk,20,10.0,"Phương pháp sơ sài: không tỉ lệ chia, không F1; độ tin cậy thấp.",Rice Plant Disease Detection using Convolutional Neural Networks,Discover Artificial Intelligence,,
REP-0133,rep0133,2025,rice,T1,"BLB, brown spot, false smut, sheath blight, healthy",5,self,"self (Pantnagar, Uttarakhand)",field,6773,CNN-TL,EfficientNet-B0 (frozen conv),unk,Acc,98.07,macro-F1 97.53; sau tăng cường giảm còn 91.56,no,no,no,clean,no,unk,15,7.5,Tăng cường làm giảm accuracy test (bất thường); backbone đóng băng.,Enhancing rice disease and insect-pest detection through augmented deep learning with transfer learning techniques,Smart Agricultural Technology,,
REP-0150,rep0150,2025,rice,T1,"blast, bacterial blight, sheath rot, tungro, brown spot, healthy",6,mixed,"self (Dapoli/Karjat, India) + Kaggle/Mendeley",mixed,9346,CNN-TL,"VGG16 (VCNet, GA-tuned)",0.67,Acc,97.71,n_original may include augmented images,no,no,no,unknown,no,no,4,2.0,9.346 ảnh có thể đã gồm ảnh tăng cường; nguồn công khai không nêu tên,VCNet: Optimized Deep Learning framework with deep feature extraction and genetic algorithm for multiclass rice crop disease detection,MethodsX,,
REP-0156,rep0156,2025,rice,T1,"bacterial blight, blast, brown spot, tungro, healthy",5,sethy_mendeley,Sethy + Paddy Doctor (healthy),field,7096,Lightweight-CNN,RLDC-CNN (custom),0.65,Acc,99.15,val = test; random split on Sethy,no,yes,no,suspect,no,unk,0,0.0,Chia ngẫu nhiên theo ảnh trên bộ Sethy nhiều ảnh gần trùng,A novel light-weight convolutional neural network for rice leaf disease classification,IAES International Journal of Artificial Intelligence,L2,"AI-proposed, R1-confirmed 2026-10-03 (supplement)"
REP-0186,rep0186,2025,rice,T1,"bacterial blight, brown spot, leaf smut",3,kaggle_derived,Kaggle rice 3-class (cited as Sethy; UCI-like classes),unk,3118,CNN-ViT-hybrid,custom CNN + MultiHeadAttention,0.82,Acc,95,test 624 vs 780 inconsistent,no,yes,no,suspect,no,unk,4,2.0,Số ảnh test và lớp không khớp nguồn trích dẫn (Sethy 4 lớp),Accurate Rice Disease Detection Using Hybrid Convolutional Neural Networks and Transformer Models,Passer Journal of Basic and Applied Sciences,L3,"AI-proposed, R1-confirmed 2026-10-03"
REP-0195,rep0195,2025,rice,T1+T3,"healthy, brown spot, bacterial leaf blight, leaf smut",4,kaggle_derived,"Kaggle riceleaf (bahribahri, augmented UCI 120)",unk,120,Other,Slice Residual U-Net + CAtt_BiGRU,unk,Acc,99.64,Kaggle set pre-augmented from UCI 120 images,no,yes,no,suspect,no,unk,6,3.0,Chia 70/30 trên 16.000 ảnh đã tăng cường sẵn; không có chỉ số phân đoạn,Slice Residual U-Net Based Rice Plant Disease Classification Using Convolutional Attentional BiGRU,Journal of Internet Services and Information Security,L3,"AI-proposed, R1-confirmed 2026-10-03"
REP-0208,rep0208,2025,maize,T1+T2,"maize lethal necrosis, maize streak virus, maize leaf blight, fall armyworm, healthy, unknown",6,other_public,Lacuna Fund maize (Uganda/Tanzania/Namibia/Ghana),field,38571,CNN-TL,MobileNetV2,unk,Acc,97,ensemble ConvNeXt+ViT 99.82; YOLOv10 mAP50 99.5,yes,no,no,clean,no,unk,12,6.0,Ảnh chụp liên tiếp cùng cây chia ngẫu nhiên; số ảnh detection không nêu,Deep learning models for enhanced in-field maize leaf disease diagnosis,Machine Learning with Applications,,
REP-0213,rep0213,2025,maize,T2,infected (single class),1,other_public,Kaggle Corn Leaf Infection (Acharya 2020),field,2225,YOLO,YOLOv8m (Ray Tune),unk,mAP50,98.5,evaluated on validation split; mAP50-95 67.8,no,yes,no,unknown,no,unk,2,1.0,Chỉ 1 lớp 'infected'; không nêu tỉ lệ train/val,Performance evaluation of hyper-parameter tuning automation in YOLOV8 and YOLO-NAS for corn leaf disease detection,Sinergi (Indonesia),,"AI-proposed, R1-confirmed 2026-10-03 (supplement)"
REP-0217,rep0217,2025,rice,T1,"leaf scald, leaf blast, narrow brown spot, brown spot, bacterial blight, healthy",6,kaggle_derived,Kaggle Rice Leafs (dedeikhsandwisaputra),unk,2627,CNN-ViT-hybrid,DenseNet121 (frozen) + Transformer head,unk,Acc,98.95,evaluated on Kaggle validation folder,no,yes,no,unknown,no,unk,0,0.0,Backbone đóng băng; không có tập test riêng,Optimizing Paddy Leaf Disease Detection: A Comparative Analysis of Advanced Deep Learning Approaches,International Journal of Intelligent Engineering and Systems,,
REP-0219,rep0219,2025,rice,T2,"brown spot, rice blast, bacterial blight",3,self,"self (web-crawled, 3,000 images)",unk,3000,YOLO,YOLOv8n (SSD-YOLO),unk,mAP50,95.3,split not reported; mAP50-95 78.7; 50 FPS,no,unk,no,unknown,no,unk,20,10.0,"Ảnh crawl web, không nêu cách chia tập",SSD-YOLO: a lightweight network for rice leaf disease detection,Frontiers in Plant Science,,
REP-0228,rep0228,2025,rice,T2,"brown spot, leaf blast, bacterial leaf blight, bacterial leaf streak",4,kaggle_derived,Kaggle douaairaq + 2 Roboflow sets,field,6323,YOLO,YOLOv11n + MLFD/MDTA/Lo-Head,2.66,mAP50,84.98,mAP50-95 62.6; 5-fold CV 61.7; 106 FPS,no,no,no,clean,no,unk,2,1.0,Câu chia 7:2:1 trên 19.601 ảnh gây nhầm nhưng bảng xác nhận chia trên ảnh gốc,A lightweight and generalizable deep learning framework for early detection of rice leaf diseases in complex field environments,Scientific Reports,,
REP-0237,rep0237,2025,rice,T3,"blast, bacterial blight, tungro",3,kaggle_derived,Kaggle rice leaf (pixel-labelled by authors),unk,1550,Transformer-seg,LViT + KF-KAN (KBNet),unk,Dice,83.9,IoU 72.3; maize NLB Dice 87.7,no,no,no,unknown,no,unk,6,3.0,Đa phương thức ảnh + văn bản; split theo ảnh gốc,KBNet: A Language and Vision Fusion Multi-Modal Framework for Rice Disease Segmentation,Plants,,
REP-0241,rep0241,2025,rice,T1,"blast, hispa, dead heart, tungro, brown spot, BLB/BLS/BPB, downy mildew, normal",10,other_public,Paddy Doctor,field,10407,CNN-TL,EfficientNet-B3 (enhanced),unk,Acc,98.5,split 80/20 vs 80/10/10 inconsistent,no,no,no,clean,no,unk,3,1.5,Mâu thuẫn tỉ lệ chia và nguồn '30.000 ảnh',Diagnosis of Paddy Diseases Using Pre-Trained Architectures and a Proposed Enhanced EfficientNetB3 Model,Tarim Bilimleri Dergisi,,
REP-0263,rep0263,2025,maize,T1,"maize streak virus, maize lethal necrosis, N/P/Zn/Fe deficiency, healthy",7,mixed,"self (Pokhara, Nepal) + Lacuna/Mduma MSV-MLN (Tanzania)",field,4486,Lightweight-CNN,CNDD-Net (DSConv + CBAM),0.048,Acc,96.71,5-fold CV mean; 95% CI 96.38–97.03,no,no,yes,clean,no,unk,9,4.5,Ảnh bệnh và thiếu dinh dưỡng từ hai nguồn khác nhau (domain shortcut),CNDD-Net: A Lightweight Attention-Based Convolutional Neural Network for Classifying Corn Nutritional Deficiencies and Leaf Diseases,Electronics (Switzerland),,
REP-0268,rep0268,2025,maize,T1,"blight, common rust, gray leaf spot, healthy",4,plantvillage,Kaggle Corn/Maize (PlantVillage+PlantDoc),mixed,4188,CNN-TL,ResNet-18,unk,Acc,96,test 419 images,no,no,no,clean,no,unk,0,0.0,Tập test nhỏ (419 ảnh),An intelligent leaf disease prediction for corn and maize using Convolutional Neural Network,International Journal of Computing and Digital Systems,,"AI-proposed, R1-confirmed 2026-10-03 (supplement); L3 withdrawn by measured duplicate rate 2026-10-04"
REP-0284,rep0284,2025,maize,T1,"maize streak, NCLB, SCLB, N/P/K deficiency, healthy",7,self,"self (Mopani, Limpopo, South Africa)",field,1858,CNN-TL,ResNet50,unk,Acc,78.76,separate test 358 images; bootstrap 95% CI,no,no,no,clean,no,unk,7,3.5,Ảnh resize 64×64; độ chính xác thấp nhưng thực tế hơn,"Identification of maize leaf diseases using red, green, blue-based images with convolutional neural network (CNN) and residual network (ResNet50) models",Smart Agricultural Technology,,
REP-0294,rep0294,2025,rice,T1,"blast, brown spot, bacterial leaf blight, healthy",4,self,"self (India, unspecified)",unk,unk,CNN-custom,custom 3-conv CNN,unk,Acc,96.5,test 15%; no image counts given,no,no,no,unknown,no,unk,7,3.5,"Không nêu số ảnh, không ma trận nhầm lẫn; tạp chí ngoài lĩnh vực; tin cậy rất thấp",A Convolutional Neural Network Approach for Rice Leaf Disease Detection in India Using Deep Learning,Journal of Neonatal Surgery,,
REP-0320,rep0320,2025,maize,T2,2 unnamed classes,2,self,"self (Huizhou, Guangdong)",field,14700,YOLO,YOLOv8n (YOLO MSM),1.63,mAP50,89.24,mAP50-95 58.36; 279 fps on GPU,no,no,no,clean,no,unk,32,16.0,Không nêu tên bệnh của 2 lớp; ảnh cùng địa điểm 13 ngày,A rapid and precise algorithm for maize leaf disease detection based on YOLO MSM,Scientific Reports,,
REP-0341,rep0341,2025,rice,T1,"blast, brown spot, BLB, BLS, tungro, hispa + stem borers, healthy (13)",13,other_public,Paddy Doctor,field,16225,Other,SSDHR custom CNN + LSTM + XGBoost,unk,Acc,99.25,split contradictory (66/34 vs 5-fold),no,no,no,unknown,no,unk,5,2.5,Split mâu thuẫn; số ảnh/lớp không khớp Paddy Doctor gốc; mô tả mơ hồ,Hybrid deep learning for smart paddy disease diagnosis using self supervised hierarchical reconstruction and attention based temporal analysis,Scientific Reports,,"AI-proposed, R1-confirmed 2026-10-03"
REP-0349,rep0349,2025,maize,T1,"blight, common rust, gray leaf spot, healthy",4,plantvillage,PlantVillage + PlantDoc corn,mixed,3850,CNN-ViT-hybrid,MobileViT V2 (CLA-MoSViT),unk,Acc,98.75,split ratio not stated; rice 200-img set 86.08,no,unk,no,suspect,no,unk,8,4.0,Cân bằng lớp trên toàn bộ tập trước khi chia; không nêu tỉ lệ chia,MoSViT: a lightweight vision transformer framework for efficient disease detection via precision attention mechanism,Frontiers in Artificial Intelligence,L1,"AI-proposed, R1-confirmed 2026-10-03"
REP-0350,rep0350,2025,maize,T1,"gray leaf spot, northern leaf blight, northern leaf spot, maize leaf blight, maize streak virus, healthy",6,other_public,CD&S + Makerere,field,3071,CNN-TL,DenseNet-121 (KD to SqueezeNet),unk,Acc,99.22,val = test; SqueezeNetKD 97.13,no,yes,no,clean,no,unk,6,3.0,val = test; hai lớp blight khác nguồn có thể học nguồn ảnh,Maize Leaf Disease Identification with Large and Lightweight Convolutional Neural Models,International Journal on Informatics Visualization,,
REP-0351,rep0351,2025,maize,T1,"blight, common rust, gray leaf spot, healthy",4,plantvillage,Kaggle Corn-or-Maize (PV+PlantDoc),mixed,unk,Lightweight-CNN,MSCPNet (MobileNetV2 + PoolFormer),0.998,Acc,97.44,split sizes not extractable,no,unk,no,clean,no,unk,36,18.0,Số ảnh gốc/sau tăng cường không trích xuất được,MSCPNet: A Multi-Scale Convolutional Pooling Network for Maize Disease Classification,IEEE Access,,"AI-proposed, R1-confirmed 2026-10-03; L3 withdrawn by measured duplicate rate 2026-10-04"
REP-0353,rep0353,2025,rice,T1,"bacterial leaf blight, brown spot, leaf smut, healthy",4,kaggle_derived,Kaggle bahribahri/riceleaf,field,16000,CNN-ViT-hybrid,EfficientNet-B0 + ViT-Small,unk,Acc,99.13,Kaggle set likely pre-augmented; no val,no,yes,no,suspect,no,unk,3,1.5,"Bộ Kaggle 4,000 ảnh/lớp khả năng đã tăng cường sẵn từ tập UCI nhỏ",Efficient-ViT B0Net: A high-performance lightweight transformer for rice leaf disease recognition and classification,Journal of the Nigerian Society of Physical Sciences,L3,"AI-proposed, R1-confirmed 2026-10-03"
REP-0354,rep0354,2025,rice,T1,"rice blast, healthy",2,mixed,self (Tanzania) + Kaggle rice-plant-dataset,field,1949,CNN-custom,custom 3-conv CNN,unk,Acc,94.43,validation accuracy (no test); high-diverse set,no,yes,no,clean,no,unk,18,9.0,Chỉ validation accuracy; ảnh gồm bông và tán lúa,Optimizing dataset diversity for a robust deep-learning model in rice blast disease identification to enhance crop health assessment across diverse conditions,Smart Agricultural Technology,,
REP-0358,rep0358,2025,maize,T1,"gray leaf spot, common rust, northern leaf blight, healthy",4,plantvillage,"Kaggle corn (PV/PlantDoc, 1,000/class)",unk,4000,CNN-TL,ResNet-50v2,unk,Acc,98.0,BN variant; test 800,no,no,no,suspect,no,unk,2,1.0,"Nguồn dữ liệu mơ hồ; 1,000 ảnh/lớp gợi ý bộ đã cân bằng sẵn",The Impact of Convolutional Layer Selection in ResNet-50v2 Architecture on Corn Leaf Disease Classification,Ingenierie des Systemes d'Information,L3,"AI-proposed, R1-confirmed 2026-10-03 (supplement)"
REP-0371,rep0371,2025,rice,T3+T1,"brown spot, leaf blast, leaf blight, leaf scald (4 binary sets)",2,kaggle_derived,Roboflow rice leaf (4 sets),unk,9804,UNet-family,improved U-Net + ACO + CNN,unk,Acc,96.2,Brown Spot set; IoU 78.4; split not described,no,unk,no,unknown,no,unk,0,0.0,Không mô tả chia tập; nguồn Roboflow trích dẫn sai; chất lượng rất yếu,"A Hybrid Framework Combining U-Net, Ant Colony Optimization, and CNN for Rice Leaf Disease Classification under Class Imbalance",Jurnal RESTI,,
REP-0387,rep0387,2025,both,T1,"rice: blast, blight, tungro; maize: blight, rust; healthy",6,mixed,self (East Java) + Kaggle,field,unk,CNN-TL,EfficientNetB0,unk,Acc,98.0,test 825; split ratio not stated,no,no,no,clean,no,unk,1,0.5,Không nêu tổng số ảnh; bước nhảy 86→98% không rõ tập test có đổi,Generalizing In-Field Plant Disease Diagnosis: A Deep Transfer Learning Approach for Multi-Crop and Heterogeneous Imaging Conditions,International Journal of Advanced Computer Science and Applications,,
REP-0407,rep0407,2025,maize,T2,"gray leaf spot, northern leaf blight, northern leaf spot + 5 pests",8,other_public,CD&S + IP102,mixed,2625,YOLO,YOLOv11n (BCS_YOLO),6.7,mAP50,82.0,8 classes incl. pests; disease mAP 0.65–0.86,no,no,no,clean,no,unk,14,7.0,Hơn nửa lớp là sâu hại (IP102); mAP bệnh lá thấp,BCS_YOLO: Research on Corn Leaf Disease and Pest Detection Based on YOLOv11n,Applied Sciences (Switzerland),,
REP-0414,rep0414,2025,rice,T1,"bacterial leaf blight, brown spot, tungro, blast, healthy",5,sethy_mendeley,"Sethy + Kaggle healthy (1,488)",field,7420,CNN-TL,ResNet50 (Gaussian + Canny),unk,Acc,99.0,"80/20, no val; several models tie at 0.99",no,yes,no,suspect,no,unk,11,5.5,Không có val; Sethy nhiều ảnh gần trùng; bản submitted,Exploring Deep Learning and Explainable AI for Precise Rice Leaf Disease Detection and Classification,IEEE Access,L2,"AI-proposed, R1-confirmed 2026-10-03"
REP-0419,rep0419,2025,rice,T2,"blast, bacterial blight, brown spot, sheath blight, false smut, tungro + 6 pests (15)",15,mixed,self (Shanghai + web); Sethy aux,field,unk,YOLO,YOLOv8n (YOLO-DP),unk,mAP50,77.8,mAP50-95 50.1; Sethy set 92.5,yes,no,no,suspect,no,yes,13,6.5,"Val/test chứa ảnh tăng cường (20,129); không nêu số ảnh gốc",YOLO-DP: A detection model of fifteen common rice diseases and pests,Scientific Reports,L1+L4,"AI-proposed, R1-confirmed 2026-10-03; order of split and augmentation not stated -> L1 added (2026-10-05)"
REP-0428,rep0428,2025,rice,T1,"bacterial leaf blight, brown spot, sheath rot, healthy",4,self,"self (Tamil Nadu, India)",lab,3822,CNN-TL,DenseNet121,unk,Acc,97.0,independent test set; mean 96.71,no,no,no,clean,no,unk,1,0.5,Ảnh đầu vào chỉ 64x64; lá cắt đặt nền trắng,Evolution of the mobile app for early diagnosis and sustainable management of rice diseases,Results in Engineering,,
REP-0432,rep0432,2025,rice,T3,"brown spot, rice blast, bacterial blight, healthy leaf, background",5,mixed,"self (Kunming, China) + Kaggle",mixed,1800,Lightweight-CNN,DeepLabv3+ (MobileNetV3-L),3.556,mIoU,81.23,val = test (180 images),no,yes,no,clean,no,unk,6,3.0,"val = test (~180 ảnh); tập Kaggle 1,400 ảnh không nêu tên",Lightweight rice leaf spot segmentation model based on improved DeepLabv3+,Frontiers in Plant Science,,
REP-0436,rep0436,2025,rice,T1,"blast, bacterial blight, brown spot, red stripe, healthy",5,mixed,self (Nigeria/S.Africa) + Kaggle,unk,2807,CNN-custom,custom 4-conv CNN,6.8,Acc,92.0,test 283; quantized model 94%,no,no,no,clean,yes,unk,4,2.0,"Nguy cơ thiên lệch nguồn: lớp Red stripe chỉ từ ảnh tự chụp, BB/Brown spot chỉ từ Kaggle",RiceLeafClassifier-v1.0: A Quantized Deep Learning Model for Automated Rice Leaf Disease Detection and Edge Deployment,Engineering Reports,,
REP-0440,rep0440,2025,rice,T1,"hispa, brown spot, leaf blast, healthy",4,kaggle_derived,"Kaggle rice leaf (unnamed, 1,600)",unk,1600,CNN-TL,DenseNet121 + mPOA,unk,Acc,98.5,val = test; split ratio not stated,no,yes,no,clean,no,unk,2,1.0,Tập validation dùng cả để tối ưu siêu tham số lẫn báo cáo kết quả,Exploiting The Strength of Modified Parrot Optimization Algorithm for Enhancing Rice Leaf Disease Detection Using Convolutional Neural Network and Transfer Learning,International Journal of Technology,,
REP-0447,rep0447,2025,rice,T1,"bacterial blight, blast, brown spot, tungro",4,sethy_mendeley,Sethy,lab,5932,ViT,Multi-ViT (4 binary ViTs),unk,F1,98.13,"test 1,185; no overall accuracy reported",no,no,no,suspect,no,unk,0,0.0,Không báo cáo accuracy tổng; ảnh giảm 128x128,A Multi-ViTs-Based Approach for Automatic Rice Leaf Disease Classification,Iraqi Journal of Science,L2,"AI-proposed, R1-confirmed 2026-10-03"
REP-0449,rep0449,2025,rice,T2,"bacterial leaf blight, blast, brown spot",3,kaggle_derived,Kaggle RiceDisease (Shrestha 2021),mixed,850,YOLO,YOLOv8n (G-YOLO),2.73,mAP50,72.8,test 107 images; baseline 68.4,no,no,no,clean,no,unk,9,4.5,"Tập nhỏ (850 ảnh, test 107); không dùng pretrained",Enhanced YOLOv8 with lightweight and efficient detection head for for detecting rice leaf diseases,Scientific Reports,,
REP-0451,rep0451,2025,maize,T1,"common rust, turcicum leaf blight, gray leaf spot, MLN, healthy",5,mixed,"self (Tigray, Ethiopia) + Kaggle corn-or-maize",mixed,15995,Ensemble,Stacking (DenseNet201+InceptionV3+NASNetMobile+VGG19+ViT),unk,Acc,99.15,"independent test 2,399; 5-fold on rest",no,no,yes,clean,no,yes,3,1.5,Không tách số ảnh thực địa/Kaggle; chia ngẫu nhiên theo ảnh,A statistically validated stacking ensemble of CNNs and vision transformer for robust maize disease classification,Discover Artificial Intelligence,,"AI-proposed, R1-confirmed 2026-10-03; L3 withdrawn by measured duplicate rate 2026-10-04"
REP-0477,rep0477,2025,rice,T1,"bacterial blight, blast, brown spot, tungro",4,sethy_mendeley,"Sethy; Kaggle rice-leafs-disease (2,627)",mixed,8559,CNN-TL,EfficientNet-B0 + TCPSAO,unk,Acc,98.87,Mendeley test 20%; Kaggle 97.54,no,no,no,suspect,no,yes,3,1.5,Phân đoạn GWKDC không phải DL; nhãn phân đoạn không rõ nguồn,Advanced clustering and transfer learning based approach for rice leaf disease segmentation and classification,PeerJ Computer Science,L2,"AI-proposed, R1-confirmed 2026-10-03"
REP-0488,rep0488,2025,rice,T2,"bacterial blight, rice blast, brown spot, planthopper",4,mixed,"self (Harbin, China) + Kaggle Rice Disease",field,5249,YOLO,YOLOv8n (RGC-YOLO),2.01,mAP50,93.2,test 890 labels; Jetson Nano 170 ms,no,no,no,clean,yes,unk,36,18.0,Có lớp sâu hại (rầy nâu); tập Kaggle không nêu tên,Improved Lightweight YOLOv8 Model for Rice Disease Detection in Multi-Scale Scenarios,Agronomy,,
REP-0490,rep0490,2025,rice,T1,"bacterial leaf blight, brown spot, leaf blast, leaf scald, narrow brown spot, healthy",6,kaggle_derived,Kaggle riceleafsv3 (adefiqri12),unk,2710,ViT,FHViT (PVT-style),unk,Acc,99.2,10-fold CV mean; conflicts with 80/20 table,no,unk,yes,clean,no,unk,0,0.0,Giao thức mâu thuẫn (80/20 vs 10-fold); chất lượng báo cáo thấp,An Automatic Rice Plant Disease Classification Using Hierarchical Vision Transformers with Spatial Reduction Attention Mechanism,Ingenierie des Systemes d'Information,,
REP-0495,rep0495,2025,rice,T2+T3,"blast lesion, blast-infected leaf, healthy leaf",3,self,"self (5 regions, Tanzania)",field,unk,Instance-seg,Mask R-CNN R50-FPN (Detectron2),unk,mAP50,94.6,AP50 mask; val = test; AP50:95 89.4,no,yes,no,suspect,no,unk,3,1.5,"Chia 80/20 theo instance, không theo ảnh; không nêu số ảnh gốc",Detectron2-enhanced mask R-CNN for precise instance segmentation of rice blast disease in Tanzania: Supporting timely intervention and data-driven severity assessment,Smart Agricultural Technology,L2,"AI-proposed, R1-confirmed 2026-10-03"
REP-0519,rep0519,2025,rice,T1,"blast, blight, brown spot, hispa, leaf scald, leaf smut, tungro, healthy",8,mixed,"5 public sets (UCI, Sethy-Kaggle, minhhuy2810, ...)",mixed,10553,Lightweight-CNN,MobileNetV2 / ADSNN-BO (federated),unk,Acc,83.14,federated PT-FedAvg 5-fold; centralized 94.07,no,unk,yes,suspect,no,unk,,,Học liên kết; tổng số ảnh không nhất quán giữa các bảng,Federated Learning for Heterogeneous Multi-Site Crop Disease Diagnosis,Mathematics,L2+L3,"AI-proposed, R1-confirmed 2026-10-03"
REP-0543,rep0543,2025,rice,T3,"diseased leaf, lesion (blast)",2,self,"self (Sanya, Hainan, wild rice)",lab,1420,Instance-seg,YOLOv8-Seg improved (pruned),0.22,mAP50,96.3,test 710 augmented from 142 originals,no,no,no,suspect,no,unk,,,Tập test chứa ảnh tăng cường (710 từ 142 gốc); mảnh cắt cùng ảnh nguồn,Accelerating Wild Rice Disease-Resistant Germplasm Exploration: Artificial Intelligence (AI)-Powered Wild Rice Blast Disease Level Evaluation and Disease-Resistance Identification,Rice Science,L2+L4,"AI-proposed, R1-confirmed 2026-10-03"
REP-0644,rep0644,2025,rice,T1,"bacterial blight, leaf blast, leaf roller, stem borer, healthy",5,self,"MIRD (Zhejiang, China)",field,11644,Lightweight-CNN,MobileNetV2 (DKD from DenseNet121),2.23,Acc,98.07,"test 2,326; no val set; FPGA 79 ms",no,yes,no,clean,yes,unk,,,Ảnh UAV cắt thành nhiều ảnh con rồi chia ngẫu nhiên; 2/5 lớp là sâu hại,FPGA-based Mb2DKDNet for field disease and pest diagnosis,Smart Agricultural Technology,,
REP-0965,rep0965,2025,maize,T1,"gray leaf spot, common rust, northern leaf spot, NLB, fall armyworm, leafhopper, healthy",7,mixed,"PlantVillage + self (Guanajuato, Mexico)",mixed,11650,Ensemble,CNN-SVM-MoE (3 experts),unk,Acc,99.14,"val = test (2,330); external field 300 imgs 99.33",yes,yes,no,unknown,no,unk,,,val = test; thứ tự tăng cường không tường minh; có lớp sâu hại,Application of mixture of experts models for the recognition of pests and diseases in maize,Array,,
REP-0005,rep0005,2026,rice,T1,"leaf blast, neck blast, sheath blight, brown spot, BLB, healthy (+3)",9,kaggle_derived,"Kaggle rice 9-class (11,790) + Kaggle 12-class (~Paddy Doctor)",field,11790,CNN-ViT-hybrid,SwinV2 + ConvNeXt two-stream fusion,unk,Acc,99.55,5-fold 98.91; cross-dataset 90.80,yes,no,no,clean,no,unk,0,0.0,Bộ Kaggle 9 lớp có thể đã tăng cường sẵn; có 5-fold và cross-dataset làm đối chứng.,Global-Local Feature-Based Rice Leaf Disease Classification Using Two-Stream Deep Neural Network Feature Fusion,Computers,,"AI-proposed, R1-confirmed 2026-10-03"
REP-0016,rep0016,2026,rice,T1,"BLB, brown spot, leaf blast, leaf scald, narrow brown spot, healthy",6,mixed,"self (Gazipur, Bangladesh) + Kaggle",field,3401,Lightweight-CNN,MobileNetV2 (IoT-RiceMobileNet),2.418,Acc,99.19,5-fold 98.04; tập đa nguồn 99.25,no,no,no,clean,no,yes,0,0.0,Chỉ 773 ảnh tự thu; phần Kaggle có thể đã cân bằng/tăng cường sẵn.,IoT-RiceMobileNet: An improved lightweight MobileNetV2 Model for real-time multi-class rice disease detection using IoT,PloS one,,
REP-0046,rep0046,2026,rice,T1,"brown spot, sheath blight, leaf scald, BLB, leaf blast, healthy",6,kaggle_derived,"Kaggle anshulm257 rice-disease (3,829)",unk,3829,CNN-attention,DenseNet201 + SE,unk,Acc,100,báo 'overall accuracy 100%'; test dùng chọn mô hình,no,yes,no,clean,no,unk,2,2.0,Không có val riêng; KerasTuner/early stopping theo tập test; ảnh giảm còn 100×100.,Hybrid DenseNet Architectures and KerasTuner-Based Optimization for Rice Leaf Disease Detection,IEEE Access,,"AI-proposed, R1-confirmed 2026-10-03"
REP-0047,rep0047,2026,rice,T1,"leaf blast, brown spot, bacterial blight, tungro, sheath blight",5,kaggle_derived,"Kaggle Rice Leaf Disease (2,550)",unk,2550,CNN-attention,VGG16+ResNet50 attention fusion (AMFF-Hybrid Net),unk,Acc,98.5,val = test 765 ảnh; 6 epoch,no,yes,no,clean,no,unk,0,0.0,Không có tập val riêng; số train ghi không nhất quán.,A hybrid deep learning model with adaptive feature fusion for automated rice leaf disease detection and classification,Scientific Reports,,
REP-0049,rep0049,2026,rice,T1,"BLB, brown spot, leaf blast, leaf scald, narrow brown spot, healthy",6,kaggle_derived,Kaggle rice + ảnh Google,unk,4000,Ensemble,VGG16+DenseNet121+InceptionV3+Xception soft voting,unk,Acc,97.0,F1 0.970,no,no,no,clean,no,unk,0,0.0,"Một phần ảnh từ Google, chất lượng nhãn không rõ; train chỉ 327 ảnh/lớp.",Unified voting-based ensemble learning for rice leaf disease detection using improved pretrained models,IAES International Journal of Artificial Intelligence,,
REP-0069,rep0069,2026,rice,T1,"leaf smut, brown spot, bacterial leaf blight",3,kaggle_derived,"UCI/Kaggle vbookshelf rice (4,684 theo bài)",unk,120,CNN-TL,EfficientNetV2 + GFD,unk,Acc,98.92,Bảng 2 ghi 98.2; k-fold không nêu k,no,yes,yes,suspect,no,unk,0,0.0,"Trích dẫn bộ 120 ảnh nhưng dùng 4,684 ảnh (≈40 bản/ảnh) — nghi bộ tăng cường sẵn.",Integrating EfficientNetV2 with guided filopic diffusion for enhanced rice leaf disease recognition,Scientific Reports,L3,"AI-proposed, R1-confirmed 2026-10-03"
REP-0082,rep0082,2026,rice,T1,"BLB, brown spot, healthy, leaf blast, leaf scald, sheath blight",6,kaggle_derived,"Kaggle anshulm257 rice-disease (3,829)",unk,3829,CNN-custom,4-block custom CNN,unk,Acc,97.68,baseline TL đóng băng hoàn toàn,no,no,no,clean,no,unk,0,0.0,So sánh với mô hình pretrained bị đóng băng nên không công bằng.,Optimizing Rice Health: A Comparative Evaluation of Pretrained and Custom Convolutional Neural Networks for Disease Recognition,Artificial Intelligence and Applications,,
REP-0089,rep0089,2026,rice,T1,"healthy, rice blast, sheath blight, BLB, brown spot, bacterial leaf streak",6,self,MRD-Leaf self (Chongqing) + crawl CAS,field,1800,Lightweight-CNN,LMRNet,0.9,Acc,99.26,thực địa 180 ảnh 92.41; 22.47 FPS smartphone,yes,no,no,unknown,yes,unk,0,0.0,Thứ tự tăng cường không nêu; Acc 99.26 nhưng P/R 97.78 bất thường; kết quả thực địa 92.41 đáng tin hơn.,LMRNet: a lightweight convolutional neural network for real-time mountain rice leaf disease recognition on edge devices,Frontiers in Plant Science,,
REP-0090,rep0090,2026,maize,T1,"healthy, MLB, MSV, MLN (+16 lớp tác nhân Plagues Maiz)",3,other_public,Dataverse/Makerere + Tanzania Mendeley + Plagues Maiz,mixed,15822,ViT,MaizeFormerX,9.6,Acc,97.8,"±0.8, 5 seed; Tanzania 97.5; chéo miền 88.9",yes,no,no,clean,no,unk,4,4.0,Quy trình rõ; tập test Plagues Maiz chỉ 119 ảnh.,MaizeFormerX: a lightweight vision transformer with cross-scale attention for explainable maize leaf disease diagnosis,Scientific Reports,,
REP-0106,rep0106,2026,maize,T1,"GLS, NLB, NLS, common rust, healthy, fall armyworm",4,mixed,CD&S + COMLDD (PV+PlantDoc) + self (Kenya),mixed,8848,ViT,DeiT-Ti (ConvDeiT-Tiny),6.9,Acc,99.15,CD&S; COMLDD 98.60; Primary 99.35,no,no,no,clean,no,unk,2,2.0,"Test COMLDD gồm bản tăng cường của chính ảnh test; seed cố định, không lặp.",ConvDeiT-Tiny: Adding Local Inductive Bias to DeiT-Ti for Enhanced Maize Leaf Disease Classification,Plants,L4,"AI-proposed, R1-confirmed 2026-10-03; L3 withdrawn by measured duplicate rate 2026-10-04; L4 kept as flag only; split before augmentation -> clean (2026-10-05)"
REP-0110,rep0110,2026,rice,T2,"bacterial blight, rice blast, brown spot",3,self,self (không nêu địa điểm),field,3234,YOLO,YOLOv5s + ShuffleNetV2,unk,mAP50,89.6,"±0.42, 5 seed; mAP50-95 66.7; val = test",no,yes,no,clean,no,no,3,3.0,Không có tập test riêng; tên bệnh trong bài không nhất quán.,Lightweight YOLOv5 with ShuffleNetV2 for Rice Disease Detection in Edge Computing,"Computers, Materials and Continua",,
REP-0120,rep0120,2026,rice,T1,"bacterial blight, blast, brown spot, tungro, healthy",5,sethy_mendeley,Sethy (+ healthy không rõ nguồn),field,5936,Ensemble,MobileNetV2 + EfficientNet-B1,unk,Acc,99.9,val acc; ma trận nhầm lẫn chỉ 96%,no,yes,no,suspect,no,unk,0,0.0,Không có test độc lập; số liệu mâu thuẫn (99.90 vs 96); thứ tự tăng cường không nêu.,Ensemble CNN Model for Detecting Rice Leaf Diseases by Integrating MobileNetV2 and EfficientNet-B1 Architectures,Journal of Soft Computing and Data Mining,L2,"AI-proposed, R1-confirmed 2026-10-03"
REP-0122,rep0122,2026,maize,T2,"NLB, brown spot, common rust, common smut, downy mildew, GLS (+2)",8,plantvillage,PlantVillage + PlantDoc + Kaggle corn (tự gán bbox),mixed,15119,YOLO,YOLO11n (LSL-YOLO11n),unk,mAP50,83.3,baseline YOLO11n 80.2,no,no,no,clean,no,unk,1,1.0,"Trộn nhiều bộ Kaggle gốc PlantVillage, không kiểm tra trùng lặp; không báo params/FLOPs.",LSL-YOLO11n: a YOLO11n-based model for maize leaf disease detection in complex field environments,Frontiers in Plant Science,,"AI-proposed, R1-confirmed 2026-10-03 (supplement)"
REP-0126,rep0126,2026,both,T1,"BLB, brown spot, leaf scald, narrow brown spot, hispa, sheath blight (+2)",8,other_public,"RLBF (Mendeley, Bangladesh) + PlantVillage-Corn (phụ)",field,1701,Lightweight-CNN,GhostNetV3 (I-GhostNetV3),1.831,Acc,90.02,"±0.12, 7 seed; PV-Corn 98.22 chỉ kiểm tra phụ",no,no,no,clean,no,unk,4,4.0,"Ngô chỉ là sanity check chuyển giao, không dùng làm kết quả chính; test 169 vs 252 mâu thuẫn nhỏ.",I-GhostNetV3: A Lightweight Deep Learning Framework for Vision-Sensor-Based Rice Leaf Disease Detection in Smart Agriculture,Sensors,,
REP-0182,rep0182,2026,maize,T1,"common rust, southern rust, gray leaf spot, maydis leaf blight, turcicum leaf blight, healthy",6,mixed,PlantVillage (healthy) + unnamed secondary source,unk,3725,Ensemble,VGG19 + InceptionV4 + ResNet152V2 (DFLM),unk,Acc,98.85,val = test; augmentation order unclear,no,yes,no,unknown,no,unk,0,0.0,Nguồn 3.025 ảnh bệnh không nêu; kết luận mô tả 14.900 ảnh là toàn tập,Integrated Feature Fusion in Multiclass Maize Leaf Disease Recognition,Inteligencia Artificial,,"AI-proposed, R1-confirmed 2026-10-03"
REP-0183,rep0183,2026,maize,T1,"healthy, common rust, northern leaf blight, gray leaf spot",4,plantvillage,"PlantVillage-corn (Mendeley augmented, Pandian)",lab,unk,Ensemble,VGG16 + MobileNetV2 feature ensemble,unk,Acc,98.65,abstract says 96; YOLO part has no mAP,no,yes,no,unknown,no,unk,0,0.0,Không nêu số ảnh; số liệu mâu thuẫn; phần YOLO không có mAP nên chỉ tính T1,A Deep Learning and YOLO-Based Hybrid Framework for Accurate Classification and Region-of-Interest Detection of Maize Leaf Diseases,Journal of Intelligent Decision Making and Information Science,,
REP-0218,rep0218,2026,rice,T1,"bacterial blight, brown spot, blast, tungro (Mendeley); up to 11 merged",4,sethy_mendeley,"Sethy; Kaggle rice (1,600); BRRI; merged 8,958",field,8958,Ensemble,InceptionV3 + DenseNet-201 + ViT-L/32 (E2ETCA),unk,Acc,100,Mendeley 5-fold CV; BRRI 99.5; merged F1 90.8,no,yes,yes,suspect,no,unk,14,14.0,100% trên Mendeley; tăng cường offline không rõ trước/sau fold,E2ETCA: End-to-end training of CNN and attention ensembles for rice disease diagnosis,Journal of Integrative Agriculture,L1+L2,"AI-proposed, R1-confirmed 2026-10-03"
REP-0220,rep0220,2026,rice,T2,"bacterial blight, rice blast, brown spot",3,self,"self (Korea, field)",field,3234,YOLO,YOLOv11n + RepViT + BiFPN + CBAM,3.5,mAP50,95.2,validation used as final test; 52 FPS,no,yes,no,clean,no,unk,1,1.0,"Không có tập test độc lập; YOLOv11n+BiFPN đơn lẻ (96,5%) cao hơn mô hình đề xuất","Optimizing YOLOv11 for Rice Disease Detection: Integrating RepViT Backbone, BiFPN, and CBAM Attention","Computers, Materials and Continua",,
REP-0224,rep0224,2026,rice,T1,"brown spot, healthy, leaf blast, leaf scald, tungro",5,kaggle_derived,"Kaggle rice (2 sets merged, 1,200/class)",unk,6000,Lightweight-CNN,MobileNetV2 + SE dual-branch (DBLA),unk,Acc,98.3,5 seeds; Jetson Nano FP16 97.9 @ 12.4 FPS,no,no,no,suspect,yes,unk,7,7.0,Quy trình sạch nhưng tập Kaggle có thể chứa ảnh tăng cường sẵn,DBLA-MobileNetV2: Real-Time Rice Leaf Disease Detection on Edge Devices With Dual-Branch Lightweight Attention,IEEE Access,L3,"AI-proposed, R1-confirmed 2026-10-03"
REP-0227,rep0227,2026,both,T1,"bacterial blight, blast, tungro (rice); maize binary side experiment",3,kaggle_derived,"GitHub rice set (Argoooo, internet-collected)",unk,4330,CNN-TL,VGG16,unk,Acc,98.44,3-fold CV only 83.64; maize side exp 96.91,no,no,no,clean,no,yes,0,0.0,"3-fold CV chỉ 83,6% so với 98,4% split đơn; support test mâu thuẫn",Transfer learning-based comparative study of cnn architectures for automated rice disease detection in Bangladesh,Franklin Open,,
REP-0231,rep0231,2026,maize,T1,"blight, common rust, gray leaf spot, healthy",4,plantvillage,Kaggle Corn/Maize (PlantVillage+PlantDoc),mixed,4188,CNN-attention,EfficientNetV2-B0 + SE -> ExtraTrees (LightET-FusionNet),unk,Acc,97.3,"70/15/15, 3 seeds",no,no,no,clean,no,unk,4,4.0,Bộ Kaggle gộp PV+PlantDoc có thể trùng ảnh nội tại,LightET-FusionNet as a Lightweight Deep Ensemble Model for Scalable Maize Disease Classification,IEEE Access,,"AI-proposed, R1-confirmed 2026-10-03 (supplement); L3 withdrawn by measured duplicate rate 2026-10-04"
REP-0280,rep0280,2026,rice,T1,"bacterial leaf blight, brown spot, leaf blast, leaf scald, narrow brown spot, healthy",6,kaggle_derived,RiceLeafV3 (Kaggle),field,2167,CNN-attention,DenseNet-121 + ECA (progressive resizing),unk,Acc,98.17,5 seeds 98.25±0.25; McNemar test,no,no,no,clean,no,unk,0,0.0,,A Lightweight DenseNet-121 with Efficient Channel Attention and Progressive Resizing for Rice Leaf Disease Detection,International Journal of Intelligent Engineering and Systems,,
REP-0295,rep0295,2026,maize,T2,"gray leaf spot, northern leaf blight, rust, negative leaf",4,mixed,"CD&S + PlantDoc + self (Huawei, field)",field,976,YOLO,YOLO11 (CKM-YOLO11),2.72,mAP50,81.5,mAP50-95 48.4; split ratio not stated,no,no,no,clean,no,unk,1,1.0,Chỉ 107 ảnh rust gốc; không nêu tỉ lệ chia; chống rò rỉ rõ ràng,CKM-YOLO11: A Lightweight Maize Foliar Disease Detection Model for Complex Natural Field Environments,Sensors,,"AI-proposed, R1-confirmed 2026-10-03 (supplement)"
REP-0327,rep0327,2026,rice,T2,"bacterial leaf blight, grassy stunt, rice blast, tungro (v8/v9); 8-class RLSD",4,kaggle_derived,Roboflow Rice Plant Diseases v8/v9 + Kaggle RLSD,field,unk,YOLO,YOLOv8s (MCCA-YOLO),35.6,mAP50,90.4,v9 set; v8 92.2; RLSD 61.2; val = test,no,yes,no,unknown,no,unk,0,0.0,Roboflow có thể chứa bản tăng cường; val = test; không nêu số ảnh,Multi-scale closed-loop tuning via spatial frequency collaborative sensitivity for rice leaf disease detection,PLOS ONE,,
REP-0339,rep0339,2026,maize,T1,"blight, common rust, gray leaf spot, healthy",4,plantvillage,Kaggle Corn-or-Maize (PV+PlantDoc),mixed,3616,CNN-TL,GoogLeNet + SVM-RFE + KELM,unk,Acc,99.4,val = test (837); GLS pre-augmented copies,no,yes,no,suspect,no,unk,0,0.0,Bộ Kaggle đã tăng cường sẵn lớp GLS trước khi chia,Enhancing Corn Leaf Disease Identification through Integration of Support Vector Machine-Recursive Feature Elimination with Hybrid CNN-KELM,International Journal on Informatics Visualization,L3,"AI-proposed, R1-confirmed 2026-10-03"
REP-0370,rep0370,2026,maize,T1,"common rust, gray leaf spot, blight, healthy",4,plantvillage,Kaggle Corn-or-Maize (PV+PlantDoc),mixed,4188,Other,G-ResNet (CNN + Vision Mamba),unk,Acc,96.21,test 422 images,no,no,no,clean,no,unk,0,0.0,"Tập test nhỏ (422 ảnh, ~57 GLS); chỉ 15 epoch",Corn or maize leaf disease classification based on CNN and vision mamba model,Scientific Reports,,"AI-proposed, R1-confirmed 2026-10-03; L3 withdrawn by measured duplicate rate 2026-10-04"
REP-0379,rep0379,2026,rice,T2,"BLB, brown spot, leaf blast, leaf scald, narrow brown spot, neck blast, hispa, healthy",8,kaggle_derived,"public rice leaf 8-class (refs [37],[38], unnamed)",field,3178,YOLO,YOLOv13n (RiceLDD-YOLO),unk,mAP50,56.1,evaluated on val (400); mAP50-95 33.5,no,yes,no,clean,no,unk,1,1.0,Không có tập test độc lập; mAP thấp; nguồn dữ liệu không nêu tên,RiceLDD-YOLO: Optimizing the YOLOv13 Model to Improve the Efficiency of Rice Leaf Disease Detection,IEEE Access,,
REP-0382,rep0382,2026,maize,T3,"northern leaf blight, northern leaf spot, gray leaf spot (mask: bg/leaf/disease)",3,other_public,CD&S + Single-CD&S,field,1540,Transformer-seg,LKCAFormer,3.68,mIoU,69.09,disease-class IoU on CD&S; Dice 78.87,no,no,no,clean,no,unk,0,0.0,"Kết quả một seed; tăng cường cả tập val, test giữ sạch",LKCAFormer: a lightweight transformer with large-kernel cooperative attention for the segmentation of field maize leaf diseases,BMC Plant Biology,,
REP-0393,rep0393,2026,maize,T1,"fall armyworm, grasshopper, leaf beetle, maize streak virus, healthy",5,kaggle_derived,Kaggle Maize_Dataset (Ibrahim 2025),mixed,3093,CNN-TL,DenseNet201 + LapGraph-CutFS + SVM,unk,Acc,99.02,val = test (612); macro-F1 98.81,no,yes,no,clean,no,unk,1,1.0,"Chỉ 1 lớp bệnh (MSV), 3 lớp sâu hại; val kiêm test","LapGraph-CutFS: A Deep Learning-Based Framework for Multi-Class Classification of Maize Leaf Pests, Diseases, and Healthy States",IEEE Access,,
REP-0395,rep0395,2026,maize,T2,"blight, common rust, gray leaf spot, healthy",4,kaggle_derived,Roboflow Universe (Project + UiTM),field,4185,YOLO,YOLOv11n (improved),2.26,mAP50,85.36,mean of 5 seeds; pHash dedup train/test,no,no,no,clean,no,unk,0,0.0,,Maize Leaf Disease Detection Based on an Improved YOLOv11n Model,Algorithms,,
REP-0425,rep0425,2026,rice,T1+T4,"leaf blast, brown spot, hispa, bacterial leaf blight, healthy",5,kaggle_derived,Kaggle rice-diseases-image-dataset + 40 Google BLB,field,3393,CNN-TL,InceptionDenseNet + Pix2Pix GAN + Otsu,unk,Acc,86.98,split ratio not stated; raw 74,no,unk,no,clean,no,unk,0,0.0,Lớp BLB chỉ 40 ảnh Google; không nêu tỉ lệ chia,A hybrid deep learning pipeline for rice disease detection using GAN-based augmentation and Otsu thresholding,Discover Computing,,
REP-0427,rep0427,2026,maize,T1,"NCLB, healthy",2,self,"self (Karnataka, India)",field,6538,CNN-TL,VGG16,unk,Acc,94.0,"test set; confusion matrix 357 != 15% of 6,538",no,no,no,clean,no,no,0,0.0,Số mẫu test (357) không khớp 15% dữ liệu; nhị phân 1 bệnh,Integrating deep learning and field validation into a decision support system for Northern Corn Leaf Blight management in maize,BMC Plant Biology,,
REP-0438,rep0438,2026,maize,T1,"blight, common rust, gray leaf spot, healthy",4,plantvillage,Kaggle corn-or-maize (PV+PlantDoc),mixed,4198,CNN-TL,VGG19,unk,Acc,92.74,test 840; no separate validation,no,yes,no,unknown,no,unk,0,0.0,Không có tập validation riêng; chọn cấu hình theo tập test,Performance Comparison of VGG16 and VGG19 Architectures for Corn Leaf Disease Classification,Jurnal RESTI,,"AI-proposed, R1-confirmed 2026-10-03; L3 withdrawn by measured duplicate rate 2026-10-04"
REP-0445,rep0445,2026,maize,T1,"SCLB, healthy",2,self,"self (Karnataka & Himachal Pradesh, India)",mixed,2708,CNN-TL,VGG16,unk,Acc,97.0,test set 408 images,no,no,no,clean,no,unk,3,3.0,Nhị phân 1 bệnh; ma trận nhầm lẫn có thể nhầm trục nhãn,Digital decision support integrated with diagnostics and precision fungicide application for Southern Corn Leaf Blight in maize,Scientific Reports,,
REP-0448,rep0448,2026,maize,T1,"common rust, gray leaf spot, blight, healthy",4,plantvillage,PlantVillage-corn (Kaggle),lab,4188,CNN-TL,"ResNeXt101 (frozen, linear probe)",42.27,Acc,99.0,'testing accuracy'; split not stated,no,unk,no,unknown,no,unk,1,1.0,Giao thức đánh giá mờ; backbone đóng băng hoàn toàn; chỉ Acc,An efficient corn leaf disease prediction using adaptive color edge segmentation with Resnext101 model,Journal of the Saudi Society of Agricultural Sciences,,"AI-proposed, R1-confirmed 2026-10-03 (supplement); L3 withdrawn by measured duplicate rate 2026-10-04"
REP-0453,rep0453,2026,maize,T1,"leaf blight, leaf rust, leaf spot, healthy",4,kaggle_derived,Kaggle corn leaf (ndisan),unk,4000,CNN-TL,EfficientNet-B0 (improved),unk,Acc,96.71,test 15%; aug order unclear,no,no,no,unknown,no,unk,0,0.0,"Mô tả dữ liệu sơ sài, không rõ nguồn gốc; thứ tự tăng cường không rõ",Refining CNN-Based Models for Multi-Class Corn Leaf Disease Classification,Jurnal RESTI,,"AI-proposed, R1-confirmed 2026-10-03 (supplement)"
REP-0459,rep0459,2026,maize,T1,"common rust, gray leaf spot, northern leaf blight, healthy",4,other_public,PlantVillage-corn + PlantDoc-maize,mixed,4166,CNN-attention,EfficientNetV2-S + Attn-BiLSTM + KELM,unk,Acc,99.48,PV test 769; cross-dataset PV->PD 78.34,yes,no,no,clean,no,yes,0,0.0,Cross-dataset PV→PlantDoc chỉ 78.34%; test PlantDoc rất nhỏ (63 ảnh),Efficient Maize Leaf Disease Classification via EfficientNetV2-S and Attention-augmented BiLSTM with Pareto-optimal Binary Aquila Optimizer Feature Selection and Kernel Extreme Learning Machine,International Journal of Intelligent Engineering and Systems,,"AI-proposed, R1-confirmed 2026-10-03 (supplement)"
REP-0462,rep0462,2026,rice,T1,"bacterial leaf blight, bacterial leaf streak, sheath blight, leaf blast, healthy",5,other_public,BanglaRiceLeaf,field,4152,CNN-TL,Xception,unk,Acc,99.76,test 10%; 10 epochs only,no,no,no,suspect,no,yes,0,0.0,Nhiều ảnh cùng một lá chia ngẫu nhiên theo ảnh → nghi rò rỉ mềm,BanglaRiceLeaf: A benchmark dataset for automated rice leaf disease detection and health classification in Bangladesh,Data in Brief,L2,"AI-proposed, R1-confirmed 2026-10-03"
REP-0463,rep0463,2026,maize,T1+T2,"MLB, TLB, common rust, fall armyworm",4,self,"self (MPUAT/IARI/VPKAS, India)",field,10343,YOLO,YOLOv11n (det); MobileViT (cls),unk,mAP50,87.5,detection test; classification MobileViT Acc 99.0,no,no,no,clean,yes,no,1,1.0,"Phân loại chỉ 2 lớp (rust vs FAW), không lớp khoẻ; có lớp sâu hại",Mobile-assisted deep learning framework for identification of insect pests and diseases of maize from field images,Frontiers in Plant Science,,
REP-0471,rep0471,2026,rice,T1,"brown spot, hispa, leaf blast, healthy",4,kaggle_derived,Kaggle rice-diseases-image-dataset (minhhuy2810),field,2092,CNN-custom,custom 4-block CNN + GOA,unk,Acc,70.21,test 492; text says 59.72 vs Table 70.21,no,yes,no,unknown,no,unk,0,0.0,Độ chính xác rất thấp và mâu thuẫn (59.72% vs 70.21%),Robust GOA-Driven CNN Parameter Optimization for Effective Rice Leaf Disease Classification,International Journal on Informatics Visualization,,
REP-0473,rep0473,2026,maize,T1,"gray leaf spot, common rust, blight, healthy",4,plantvillage,Kaggle corn-or-maize (PV+PlantDoc),mixed,4188,CNN-TL,EfficientNet-B0 (frozen),unk,Acc,94.85,val = test; 97.67 in title is training acc,no,yes,no,clean,no,unk,1,1.0,Con số 97.67% ở tiêu đề là accuracy huấn luyện; val = test,Comparative Evaluation of CNN Architectures for Corn Leaf Diseases Classification,International Journal of Advanced Computer Science and Applications,,"AI-proposed, R1-confirmed 2026-10-03; L3 withdrawn by measured duplicate rate 2026-10-04"
REP-0484,rep0484,2026,both,T1,"maize: blight, rust, GLS, healthy; rice: BLB, brown spot, blast, scald, NBS, healthy",6,kaggle_derived,CLDD (PV corn) + RLDD (Kaggle 6x428),unk,6816,CNN-attention,CNN+SE+Capsule+BiLSTM+Attention,unk,Acc,99.88,training accuracy (CLDD); rice test 77-100% per class,no,no,no,clean,no,unk,0,0.0,Bảng chính là accuracy huấn luyện; test lúa chỉ 77–90% ở 4/6 lớp,A CNN-BiLSTM Hybrid for Plant Leaf Disease Classification: Comparative Performance Evaluation of Deep Learning Algorithms,Journal of Advances in Information Technology,,"AI-proposed, R1-confirmed 2026-10-03"
REP-0486,rep0486,2026,rice,T2,"bacterial leaf blight, brown spot, leaf smut",3,kaggle_derived,Roboflow rice-dyl9n v4,field,6715,YOLO,"YOLOv11n (SCD-YOLO, pruned+distilled)",0.827,mAP50,97.4,split ratio unstated; RiceLeafDS cross-test 96.2,yes,unk,no,clean,no,unk,1,1.0,Không nêu tỉ lệ chia; bộ Roboflow có thể chứa ảnh tăng cường sẵn,A Lightweight Edge-Deployable Framework for Intelligent Rice Disease Monitoring Based on Pruning and Distillation,Sensors,,
REP-0494,rep0494,2026,rice,T2,"rice blast, brown spot, bacterial blight",3,mixed,self + Kaggle compiled; Roboflow rice-leaf-disease (external),mixed,4622,YOLO,YOLO11n (DCA-YOLO),1.7,mAP50,88.42,"test 463, 5 seeds; Roboflow external 91.71",yes,no,no,clean,yes,no,0,0.0,Một số ảnh Kaggle có thể trùng với bộ Roboflow (không kiểm tra),Lightweight Visual Detection Framework for Real-Time Rice Leaf Disease Identification on Edge Mobile Robots,Agriculture (Switzerland),,
REP-0509,rep0509,2026,rice,T1,"blast, brown spot, BLB, BLS, panicle blight, hispa, dead heart, downy mildew, tungro, healthy",10,kaggle_derived,Kaggle Crop Data (Paddy Doctor-like),field,10440,CNN-TL,ResNet18 (FC fine-tune),unk,Acc,96.4,"held-out test 1,044",no,no,no,clean,no,unk,,,Số ảnh gốc suy gián tiếp; có lớp sâu hại,AgriPred: An Image-Based Rice Disease Classification System With Inference-Time Text Assistance and Advisory Support,IEEE Access,,
REP-0678,rep0678,2026,rice,T1+T2,"blast, brown spot, leaf smut, tungro, sheath blight, healthy",6,other_public,RiceLeafDiseaseBD,field,9769,Lightweight-CNN,MobileNetV3-Small (KD),1.73,Acc,90.55,"test 1,460; 5-fold + 5 seeds; phone 14.8 ms",no,no,yes,clean,yes,unk,,,Giao thức chặt; độ chính xác ~90.5% do ảnh đồng ruộng phức tạp,AGRI-KD: A Lightweight Multi-Task Framework for Rice Disease Diagnosis with Localization and Severity Quantification,Smart Agricultural Technology,,
REP-1013,rep1013,2026,maize,T3,southern leaf blight lesion (binary),1,self,"CSLB (Pinggu, Beijing; scanner)",lab,315,UNet-family,BPNet (U-shaped + KAN),12.27,mIoU,72.73,5-fold CV; Dice 83.99; PlantDoc IoU 61.22,yes,unk,yes,clean,no,yes,,,"Chỉ 315 ảnh quét trong phòng, không phải đồng ruộng; test = fold CV",BPNet: A boundary-aware and prototype-constrained network for segmenting corn southern leaf blight,Smart Agricultural Technology,,
