report_id,year,crop,task,metric_type,metric_value,n_classes,data_source,dataset_name,n_original_images,n_after_aug,val_is_test,page,quote,confidence,notes
REP-0366,2018,maize,CLS,Acc,98.9,9,mixed,PlantVillage+Google maize (9 cls),500,2860,yes,1,improved GoogLeNet ... top-1 average identification accuracy of 98.9%,medium,Cifar10 variant 98.8%; 500 images augmented to 2860 then 80/20 split (2248/612); no separate val set mentioned
REP-0054,2023,rice,CLS,Acc,98,9,other_public,Bangladesh rice diseases (secondary public data),,,unclear,1,"ensemble ... best accuracy of 98%, and transfer learning can increase the accuracy by 17%",medium,DEX ensemble 98%; best single CNN 97% (DenseNet121); image counts not located; split/val scheme not checked
REP-0307,2021,rice,DET,Acc,99.25,4,mixed,Kaggle rice + own RLDD (4 cls),2400,,yes,18,accuracy is achieved by 99.25%,medium,"Detection accuracy of Faster R-CNN; 50/50 train/test split after augmentation, no val set; 8,400 observations used for training (aug count unclear)"
REP-0329,2022,maize,CLS,Acc,95.99,4,self,Maize in-field ICAR-IIMR (4 cls),5939,,no,1,best-performed model achieved an overall classification accuracy of 95.99% ... on the separate test dataset,medium,Inception-v3_GAP; minority classes augmented (Augmentor) before 70/15/15 split; aug total not extracted
REP-0313,2019,rice,DET,Acc,98.26,3,self,"Own rice disease DB (blast, bacterial blight, blight)",,3010,no,1,"accuracy ... of rice blast, bacterial blight and blight were 96.71%, 97.53% and 98.26%",low,Per-class detection accuracy; max reported (mean ~97.5); 3010 images after rotation/cropping expansion; 60/20/20 split
REP-0316,2020,maize,CLS,Acc,98.62,,self,Maize leaf images natural environment,,,unclear,13,"Finally, 98.62% of accuracy is achieved in the experiments",low,DMS-Robust AlexNet; with feature enhancement up to 99.12% mentioned p12; class count and image counts not extracted; val scheme unclear
REP-0281,2025,maize,CLS,Acc,98.34,4,plantvillage,Kaggle Corn/Maize Leaf Disease (4188 imgs),4188,,yes,1,registered a 99.95% accuracy during training as well as 98.34% during testing,medium,"ResNet152; 70/30 train/test only; dataset augmented (flip, rotate) before/with split"
REP-0191,2023,rice,CLS+GEN,Acc,97,3,mixed,Mendeley+Kaggle+UCI+GitHub paddy (3 cls),3535,5120,yes,1,GCL is suitable for disease classification and works with 97% testing accuracy,medium,GAN augmentation 3535->5120 before 80/20 split; no separate val set
REP-0075,2020,maize,DET,other,91.83,1,self,Maize NLB field images,1019,8152,no,1,"After 60000 iterations, the highest mean average precision (mAP) reaches 91.83%",medium,mAP IoU threshold unspecified; 1019 imgs ->8152 after augmentation; split 5:4:1 train/val/test after aug
REP-0291,2023,rice,CLS,Acc,99.64,10,mixed,"Combined rice leaf disease datasets (10 cls, 10,080 imgs)",,10080,unclear,1,InceptionV3 model is outperforming with an average accuracy of 99.64%,medium,"15 pretrained CNNs; augmentation to 10,080 total then 60:40/80:20/90:10 splits; validation set not clear"
REP-0155,2021,maize,CLS,Acc,97.41,4,unknown,"Maize leaf (normal, sheath blight, rust, NLB)",4428,59778,yes,1,The accuracy of the proposed method in the validation set reached 97.41%,medium,"MAF-ResNet50; reported on validation set; 9:1 train/val split after augmentation (59,778 training samples incl. DCGAN); no separate test"
REP-0167,2023,maize,CLS,Acc,98.23,5,mixed,"CLDD hybrid open-source corn dataset (25,167 imgs)",25167,33409,yes,1,The test results on CLDD showed the accuracy reached 98.23%,medium,"CD-MobileNetV3; 80/20 train/test split after augmentation (26,727/6,682); no val set"
REP-0299,2024,rice,CLS,Acc,99.81,5,mixed,Merged UCI+public rice leaf datasets + 95 web images (5 cls),,5593,unclear,1,"our method achieves an accuracy score of 99.81%, a precision score of 0.99828",medium,dCNN; test-set accuracy 99.65% elsewhere (p9); counts 5285 base incl. 1409 augmented; enhanced set 5593; split details not checked
REP-0146,2022,maize,CLS,Acc,99.94,,self,"Maize NCLB leaf images, Jilin",985,30655,no,1,pre-trained GoogleNet architecture with the Softmax loss function can achieve an excellent accuracy of 99.94% on NCLB diagnosis,medium,"Augmented 985->30,655 then split 14:3:3 train/val/test; class count not extracted"
REP-0275,2023,rice,DET,other,97.44,3,other_public,"IDADP rice (sheath blight, blast, flax spot)",1800,17640,unclear,1,achieving an average accuracy of 97.44% on the IDADP rice,low,"DHLC-DETR detection; metric type (AP/mAP) not explicit; 600 samples per disease; augmented to 17,640; split not checked"
REP-0363,2021,rice,SEG,mIoU,95.6,3,self,"Rice BLS field images (BLS, rice, background)",109,1199,yes,11,BLSNet performed better than UNet and DeepLabV3+ in terms of mIoU,medium,"mIoU 0.956 (Table 2) on validation set; 109 imgs -> 1199 by augmentation, then ~80/20 train/val; no separate test"
REP-0060,2024,rice,CLS+GEN,Acc,95.99,3,plantvillage,PlantVillage (Kaggle mohitsingh1804) rice subset,,,unclear,1,improved recognition with the rate of 95.99% accuracy,low,"DC-GAN-MDFC-ResNet; paper also mentions 900-image set 600 train/300 test; classes stated: bacterial leaf blight, leaf streak, panicle blight; dataset description inconsistent"
REP-0332,2024,rice,CLS,Acc,96.91,10,other_public,"Paddy Doctor (19,131 train / 4,785 test)",,,unclear,1,It achieved a peak accuracy of 99.09% during training and 96.91% during testing,medium,"EfficientNet-B4; 96.91% also called validation accuracy p2; predefined 75/25 split, no distinct validation described"
REP-0238,2025,rice,CLS,Acc,99.13,4,other_public,"Kaggle rice leaf disease (4 cls, 438/class)",1752,4016,yes,1,"ResNet50 emerged as the most accurate model, achieving 99.13% classification accuracy",medium,"Best of 8 pretrained models (study evaluates XAI, not new architecture); 60:40 train/test only; augmented to 1004/class before split"
REP-0384,2025,rice,DET,mAP50,88.3,3,self,"Rice leaf disease dataset (BB, blast, brown spot)",,2318,no,1,RLDD-YOLOv11n achieved a mean Average Precision (mAP) of 88.3%,high,mAP@0.5 per p12; 2318 total images incl. augmentation; split 6:2:2 train/val/test
REP-0454,2023,rice,DET+GEN,other,93,4,sethy_mendeley,"Rice leaf disease image samples (BB 1584, TG 1308, BS 1440, RB 1600)",5932,,no,1,we attained a mean average precision (mAP) of 0.93 and 0.91 for faster-RCNN and SSD,medium,mAP 0.93 Faster R-CNN with StyleGAN2-ADA synthetic augmentation; IoU threshold unspecified; split 70/15/15 train/eval/test; synthetic images added to training
REP-0374,2025,rice,DET,mAP50,93.5,4,self,"RLAVA rice field images (BB, blast, brown spot, tungro)",850,5930,no,1,"it achieves a mean Average Precision (mAP) of 93.5%, while maintaining a compact model size of merely 7.9 MB",medium,RDRM-YOLO; 850 field images -> 5930 after augmentation then 7:2:1 train/val/test; mAP threshold assumed @0.5
REP-0036,2024,maize,CLS+SEG,Acc,96.67,6,plantvillage,PlantVillage maize subset (5 diseases + healthy),6718,8443,yes,1,The PRFSVM model achieves an average accuracy rating of 96.67%,medium,80/20 train/test after augmentation; no validation set mentioned; original count is sum of listed class counts
REP-0175,2025,maize,DET,mAP50,90.2,6,self,"Maize leaf disease images (rust, GLS, NLB, SLB, round spot, healthy)",,7928,no,13,"YOLOv11s-RCDWD achieved 90.2% and 72.5%, respectively",medium,"mAP@0.5 90.2, mAP@0.5:0.95 72.5; 7928 images after augmentation split 7:2:1 train/test/val"
REP-0152,2024,maize,DET,mAP50,91.4,4,kaggle_derived,Four public Kaggle corn disease datasets (1921 imgs),1921,,yes,1,"precision rate of 87.50%, a recall rate of 87.70%, and an mAP@0.5 of 91.40%",medium,"GhostNet_Triplet_YOLOv8s; 8:2 train/test split, no val set; training images augmented"
REP-0099,2024,maize,CLS,Acc,94.56,5,mixed,Kaggle+Harvard Dataverse+Mendeley maize (5 cls),,,unclear,6,a test loss of 0.1479 and an accuracy of 94.56 %,medium,TF CNN on TinyML; 80/20 train/test via Edge Impulse; validation accuracy also reported; augmentation and counts not extracted
REP-0211,2024,maize,DET,mAP50,94.65,1,mixed,Own field maize leaf spot images + 1000 public,4120,5521,no,1,"an average recognition accuracy (mAP50) of 94.65%, and an mAP50-95 of 71.62%",high,Improved YOLOv8; augmented 5521 imgs then 8:1:1 train/val/test
REP-0262,2023,rice,SEG+CLS,Acc,96.61,3,other_public,"Rice disease (BLB, brown spot, leaf smut) UCI-type 120 images",120,30000,no,15,The accuracy of the quaternary ensemble model was 96.61%,medium,"DeepBatch segmentation+classification; best single TL InceptionResNetV2 94.33%; >30,000 augmented images; split 60:20:20; abstract gives no number"
REP-0101,2022,maize,DET,mAP50,48.6,,unknown,Maize leaf disease images (5437 for leaf detection),,,no,12,MFF-CNN 0.486 0.039 4.2,low,mAP@IoU0.5 0.486 per Table 2 (abstract gives no number); split 8:1:1; class count/source not extracted
REP-0306,2022,maize,CLS,Acc,98.94,5,mixed,Kaggle PlantVillage-derived maize (4188) + other maize datasets,,,no,15,"attains an overall training and testing accuracy of 99.89% and 98.94%, respectively",medium,EANet; abstract advertises 99.89% but conclusion says 99.89 is training and 98.94 testing; classes balanced by augmentation to >=2500 per class
REP-0023,2023,rice,CLS,Acc,97.9,3,unknown,"Rice leaf disease (BLB, brown spot, leaf smut)",,4530,no,1,The model is tested with 630 images (14% data); testing accuracy is 97.9%,medium,Small CNN; augmented 2700 train / 1200 val / 630 test; source of images not stated in extracted text
REP-0269,2022,maize,CLS,Acc,97.12,5,self,Maize small leaf spot grading (4 grades + healthy),1268,,no,1,DISE-Net with a test accuracy of 97.12% outperforms the classical VGG16 (91.11%),medium,Augmentation applied to 1268 images before 60/20/20 train/val/test split
REP-0029,2023,rice,CLS,Acc,99.69,,mixed,Rice leaf disease own + search engine + Kaggle (1122 imgs),1122,,no,1,recognition rate achieved on a rice dataset reached 99.69%,medium,Stacking ensemble; expanded dataset split 80/20 after augmentation; class count not extracted
REP-0080,2023,maize,DET,mAP50,74.8,5,plantvillage,PlantVillage maize (5 diseases),4319,12957,no,14,ablation Table 3: full model mAP(0.5) 74.8% vs baseline 71.0%,medium,Value from ablation Table 3 (abstract gives only +3.8%); original count is sum of Table 1; split 7:1:2 after augmentation
REP-0308,2024,rice,CLS,Acc,97,10,other_public,"Rice Plant Leaf Dataset (10,080 imgs)",,10080,unclear,1,"accuracy of 97 %, the model helps farmers identify and identify Rice Plant diseases",low,"DSGAN2; same 10,080-image augmented set as REP-0291; params table says 1000 images 80/20; unreliable reporting"
REP-0063,2022,rice,CLS,Acc,92.61,4,kaggle_derived,"Paddy field biotic stress images (brown spot, hispa, blast, healthy; 3355 imgs)",3355,26840,no,4,ResNet-50 model achieves the highest average paddy crop stress classification accuracy of 92.61%,medium,"Comparison of pretrained CNNs (no new architecture); images augmented to 26,840 then split 70/20/10 train/val/test; dataset matches Kaggle rice-diseases set"
REP-0201,2024,maize,CLS,Acc,98.4,4,unknown,"Maize leaf disease (4 classes, 1902 original images)",1902,4000,unclear,1,SNMPF model achieves a recognition accuracy of 98.40%,medium,Improved ShuffleNetV2; 1902 originals augmented to 4000; split scheme not extracted
REP-0287,2023,maize,CLS,Acc,96.02,6,self,Maize pests and diseases (2150 original images),2150,,no,1,experimental validation was performed to achieve 96.02% recognition accuracy using the ResNet50 model,medium,Abstract figure is optimal validation-set accuracy; test accuracy 97.77% per p14; 3:1:1 train/val/test split
REP-0002,2023,rice,CLS,Acc,98.49,3,self,"Rice blast, false smut, bacterial leaf blight (self-collected)",1546,6000,no,1,the highest accuracy of the improved model in this study in the training set is 0.9864,medium,"[2026-10-03 lead reviewer: changed 98.64 (training acc) -> 98.49 (validation acc, used as test)] 98.64 is training accuracy; validation 98.49; expanded to 6000 then split 6:3:1 (3600/1800/600)"
REP-0022,2022,maize,CLS,Acc,73.4,2,self,In-field maize GLS vs non-GLS images (2332),2332,18656,yes,1,"GLS_net ... binary classification of GLS, which achieved a 73.4% accuracy",medium,Low headline accuracy; field images augmented 8-fold before 75/25 train/test split; best model chosen per epoch on test; PlantVillage GLS_net_pv 94.1%
REP-0335,2023,rice,CLS,Acc,98.43,,mixed,"Paddy leaf (Mendeley+GitHub+Kaggle+UCI+primary), 4,068 images",,4068,unclear,1,The model predicted the paddy disease type and intensity with a 98.43% correctness rate,low,CNN-SVM disease type + severity; class count (3 diseases x 4 severity) not confirmed; dataset augmented; split not extracted
REP-0189,2023,rice,CLS,Acc,96.6,4,sethy_mendeley,"Rice Leaf Disease Image Samples subset (BB, blast, tungro, brown spot)",1068,5163,yes,1,identification accuracy of GE-ShuffleNet (96.6%) is higher than that of ShuffleNet V2 (94.4%),medium,1068 complex-background images augmented to 5163 then 80/20 train/test (4132/1031); no separate val
REP-0031,2025,rice,CLS,Acc,98.56,4,self,"Own rice disease dataset (20,000 imgs, 5000/class)",,20000,yes,1,achieves an average accuracy of 98.56% in identifying the four types of rice diseases,medium,"DepMulti-Net; 20,000 images incl. augmentation split 8:2 train/test; original count not stated; data provenance vague"
REP-0257,2022,maize,CLS,Acc,99.13,4,self,MDSD maize MLB severity (4 stages),1760,,yes,1,proposed network reported approx. 99.13% classification accuracy with the f1-score of 98.97% on the test images,medium,Augmentation of images followed by 80:20 train/test; no separate val
REP-0423,2023,rice,CLS+DET,Acc,91.84,5,self,Own rice disease set (5 diseases x 500),2500,,unclear,1,overall accuracy of the network model for rice disease classification were 91.84%,medium,Classification overall accuracy 91.84%; detection mAP 86.72% also reported; split not extracted
REP-0482,2023,maize,DET,mAP50,87.5,1,other_public,"Public NLB handheld maize dataset (1019 imgs, 7669 annotations)",1019,9070,yes,1,"proposed model achieves 87.5% mAP@0.5 accuracy on the NLB dataset, which is 5.4% higher than the original model",medium,CEMLB-YOLO; augmented to 9070 then 7:3 train/val split; no separate test (val used for reporting)
REP-0260,2022,maize,CLS,Acc,99,4,plantvillage,"PlantVillage maize (4188 -> 46,898 augmented)",4188,46898,yes,1,maize leaf diseases with up to 99% accuracy,low,Abstract gives only up to 99%; 80/20 train/test after augmentation; no val set mentioned; paper focus is severity quantification
REP-0416,2026,rice,CLS+GEN,Acc,96,10,other_public,"Paddy Doctor (16,225 imgs, 10 cls)",16225,,yes,1,proposed GRG-ViT model reaches close to an overall accuracy of 96%,medium,"GAN balancing to ~1,250/class; 80:20 train/validation split, no separate test"
REP-0083,2024,rice,DET,other,90.2,4,self,Tianjin Xiaozhan rice disease images (4 diseases),,,no,1,"detection model achieved the following metrics on the test set: mean average precision of 90.2%, accuracy of 90.4%",medium,YOLO-CRD; mAP threshold unspecified; 3143/554/652 train/val/test (4349 total); augmentation count not extracted
REP-0267,2025,rice,CLS,Acc,83.81,4,kaggle_derived,"Kaggle Rice Leaf Diseases (3355 imgs, 4 cls)",3355,4985,no,21,achieving an accuracy of approximately 83.81%,medium,Test accuracy of 6-layer attention CNN is far lower than other leak cases; 80/10/10 split after augmentation
REP-0328,2022,rice,SEG,mIoU,85.38,3,mixed,"3 open-source rice datasets, 450 annotated images (BB, blast, brown spot)",450,,unclear,1,RSegformer can achieve an 85.38% MIoU at a model size of 14.36 M,medium,Copy-paste augmentation (RLDCP) expands train set; split not extracted; augmented count not extracted
REP-0389,2025,rice,CLS,Acc,99.64,,self,Multi-symptomatic rice leaf blast benchmark (dual scenario),,,no,1,"highest validation accuracy was 99.78 % after parameter adjustment, and its highest test accuracy reached 99.64 %",medium,InceptionV3 transfer learning; 8:2:1 train/val/test; image augmentation used to fix imbalance; class and image counts not extracted
REP-0493,2023,maize,CLS,Acc,97.82,3,self,"Maize RGB-D leaf disease (curvularia, small spot, mixed)",1012,6072,no,12,classification accuracy of the deep image dataset reaches 97.82%,medium,Post-segmentation RGB-D; augmented to 6072 then split 8:1:1 (4860/606/606); page approximate from conclusion
REP-0215,2026,maize,CLS,Acc,99.9,2,self,"Novel full maize plant images (healthy vs infected, 4,895)",4895,,yes,1,"Evaluated on a novel, real-world dataset of full maize plant images, our approach achieves 99.90% classification accuracy",medium,"MXiT; 80/20 train/validation only, reported accuracy is validation; augmentation referenced in ablation; also tested on 3852-image PlantVillage-type corn set"
REP-0282,2022,rice,CLS,Acc,99.35,6,mixed,"Kaggle + own rice leaf images (healthy + 5 diseases), 3060 augmented",,3060,no,1,"recognition accuracy rate reaches 99.35%, and the F1-score reaches 99.36%",medium,WOACW_SimpleNet; split 6:2:2 train/val/test after augmentation
REP-0411,2022,rice,CLS,F1,94.0,2,other_public,Rice leaf smut/blight (80-image original set),80,560,no,17,we achieved an F1-score of 94.0% on the test data,low,Lightweight CNN with Domain Feature Mapping; 80 originals expanded to ~560 (196/42/42 per class) with 70/15/15 split; no accuracy headline in abstract
REP-0429,2023,rice,CLS,Acc,89.4,4,kaggle_derived,"Rice leaf diseases (labelled PlantVillage by authors; 3350 imgs; healthy, brown spot, hispa, blast)",3350,15000,yes,1,AlexNet outperformed other convolutional neural networks (CNNs) ... achieving an accuracy of 89.4%,medium,"Comparison of 6 CNNs; 80/20 train/test after augmentation to 15,000; no val set"
REP-0070,2024,maize,CLS,Acc,99.66,4,plantvillage,Kaggle Corn or Maize Leaf Disease (4188 -> 6176 augmented),4188,6176,no,1,EfficientNet B3 model achieved the highest accuracy of 99.66% on the augmented dataset,high,Original dataset best 98.10% (B6); augmented split 90/5/5 (297 test imgs)
REP-0074,2025,rice,CLS,Acc,100,3,kaggle_derived,"Rice Leaf Disease dataset (4,684 imgs, 3 cls)",4684,,no,12,ViT and Hybrid ConvNeXt attained perfect accuracy,low,Perfect 100% accuracy on 3-class set; second 5-class set best 90.69% (ResNet50); 70/15/15 split; augmentation timing unclear
REP-0116,2025,rice,DET,mAP50,89.8,,self,"Own rice disease field images (13,464 after enhancement)",,13464,no,14,model achieves good detection performance (89.8% mAP @ 0.5),medium,YOLOv11-MSDFF-RiceD pruned (unpruned 90.4); split 70/20/10 after augmentation; class count not extracted
REP-0179,2023,maize,GEN+CLS,Acc,93.64,3,other_public,"AI Challenger 2018 maize leaf images (healthy + gray leaf spot, rust, ... severities)",,500,yes,19,accuracy using the GoogLeNet model reaches up to 93.64%,low,Primary task is CycleGAN image generation; metric is downstream classification accuracy on GAN-expanded dataset; 7:3 train/test split after augmentation; class count approximate
REP-0304,2023,maize,CLS+SEG,Acc,99.85,6,mixed,PlantVillage maize + 370 primary field images (6 cls),370,14803,yes,1,The proposed model (P-CNN) has achieved an accuracy of 99.85%,medium,"Segmentation+classification; 80:20 train/test (11,842/2,961) after augmentation; original count refers to primary images only"
REP-0348,2025,maize,CLS,Acc,98.65,4,plantvillage,Kaggle Corn or Maize Leaf Disease (4188 imgs),4188,18626,yes,2,MXception has an accuracy of 98.65%,medium,"Augmented to 18,626 processed images (4353+5042+4592+4639) then 80:20 train/test; k-fold CV mentioned"
REP-0261,2024,maize,SEG,mIoU,92.43,,self,"Corn leaf blight CLB dataset (20,897 imgs)",,20897,yes,1,"NCLB-Net has significantly improved the MIoU and PA indexes, reaching 92.43% and 94.71%",medium,"NCLB-Net segmentation; 8:2 train/validation split only (16,717/4,180); whether 20,897 includes augmentation is unclear"
REP-0048,2025,rice,CLS,Acc,94.4,,mixed,Rice leaf disease Kaggle/Mendeley/UCI/GitHub combined,,,no,1,"hybrid ViT with ResNet18 model achieved 94.4% accuracy, a precision of 0.948, a recall of 0.944",low,80/10/10 split; images drawn from datasets later augmented (GAN) in prior work; class count and dataset used for headline not confirmed
REP-0053,2026,maize,DET,mAP50,99.5,4,self,"Zambia field maize (GLS, NLB, MSV, healthy; 19,990 imgs)",,19990,no,12,"ZamYOLO-Maize model, obtaining a mAP@50 of 99.5%",medium,YOLOv8n; dataset incl. augmentation split 70/20/10; YOLOv10s F1 0.999 highest overall
REP-0097,2022,rice,CLS,Acc,97.67,,self,Rice disease images incl. leaf blast chronic/acute classes (field),,,no,11,the test accuracy was improved from 0.9573 to 0.9767,medium,Dataset-configuration study (not new model); 8:2 train/val + separate 500-image test; augmentation used to equalize class sizes; class count not extracted
REP-0159,2026,rice,DET,mAP50,91.6,2,self,"BBD-Rice (blast, brown spot; 7840 imgs, 47,313 lesions)",,7840,no,10,achieving 91.6% mAP@0.5 at a processing speed of 190.2,medium,EFR-YOLO; 7840 images after augmentation split 5488/784/1568; original count not stated
REP-0229,2024,maize,DET,mAP50,,5,mixed,"MaizeData (self + PlantVillage maize, 5 diseases)",,,no,1,Agronomic Teacher ... achieve a 6.5% increase in mAP (0.5) on the 30% labeled MaizeData,low,Absolute mAP50 not extracted (abstract reports only +6.5% over baseline with 30% labels); split 7:2:1
REP-0236,2024,maize,DET,Acc,94.6,2,self,Maize common/southern rust field images,,8730,no,1,"The model achieved an accuracy of 94.6%, average accuracy of 91.6%, recall rate of 85.4%",medium,"Maize-Rust (YOLOv8s variant); average accuracy 91.6% is mAP-like; augmented to 8,730 then split 7:2:1"
REP-0408,2025,rice,CLS+SEG,Acc,96.23,5,self,BLBVisionDB rice bacterial leaf blight severity (5 stages),,5896,no,1,"RCAMNet achieved a test accuracy of 96.23%, outperforming conventional raw image-based models (89.58%)",high,"Augmentation to 5,896 images then split 4540/905/451 train/val/test; original count not stated"
REP-0137,2022,rice,CLS,Acc,95.3,5,unknown,"Paddy disease images (blast, brown spot, sheath blight, sheath rot, false smut; ~5000 imgs)",,,unclear,1,Inception-V3 achieved a highest accuracy of 95.3%,low,Comparison of 4 pretrained CNNs; dataset provenance unclear; split and augmentation not extracted
REP-0077,2025,rice,CLS,Acc,98.33,,mixed,Own rice field images + 2546 public images; 840-image test set,,,no,1,"The final integrated model attains 98.33% accuracy, outperforming the strongest individual base learner by 0.48 percentage points",medium,CEL-DL-Bagging ensemble; separate manually screened 840-image test set; class count and aug count not extracted
REP-0166,2025,rice,CLS,Acc,93.75,8,self,"Rice leaf diseases (8 classes, ~110 imgs each)",,1886,yes,1,achieving a training accuracy of 86.56% and a validation accuracy of 93.75%,low,"Headline is validation accuracy; 80/10/10 split described but test result not headline; 1,886 total files after augmentation/balancing"
REP-0355,2026,maize,CLS,Acc,99.66,4,plantvillage,"Kaggle Corn or Maize Leaf Disease (augmented to 60,000)",,60000,unclear,1,The optimized CNN model has achieved 99.66% test accuracy at 0.33% classification error rate,medium,"15,000 balanced samples per class after augmentation; split not extracted; original count not stated"
REP-0071,2025,rice,CLS,Acc,99.43,3,self,"Paddy disease real-time images (BB, blast/brown spot, tungro)",,2871,unclear,1,"ResNet50 demonstrates superior performance, achieving an accuracy of 99.43% in disease classification",medium,"2,296 train / 575 test; no separate validation described; 3 classes in abstract but Table 1 lists blast not brown spot; augmentation not clearly stated"
REP-0322,2025,rice,DET,Acc,89.95,3,other_public,"Public rice leaf disease dataset (2627 imgs; BS, blast, BLB)",2627,35000,no,5,YOLOv5 attained an average accuracy of 89.95%,medium,"Augmented to 35,000 images then 85/15 train/test with 5-fold CV on training"
REP-0323,2025,rice,CLS,Acc,96.0,4,kaggle_derived,"Kaggle rice leaf disease (brown spot, blast, hispa, healthy), 5,678 augmented",,5678,yes,1,DenseNet201 model achieved a higher accuracy of 96.0% compared to the existing models,medium,80/20 train/test after augmentation; 'train and validate' phrase suggests no separate val set
REP-0039,2026,rice,CLS,Acc,95.4,4,sethy_mendeley,"Rice leaf disease dataset (5,932 imgs; BLB, blast, brown spot, tungro)",5932,,unclear,1,"the proposed technique achieved an accuracy of 95.4%, a sensitivity of 94.3%, and a specificity of 98.1%",medium,ERROA-AlexNet; k-fold CV and several train/test ratios; augmentation not detailed
REP-0052,2026,rice,CLS,Acc,94,,kaggle_derived,"Kaggle rice leaf disease (5,256 images)",,5256,yes,1,the novel model demonstrated a validation accuracy just under around 94%,low,5-fold CV validation accuracy only; no held-out test; approximate value; classes not extracted
REP-0113,2026,rice,CLS,Acc,99.56,2,unknown,Rice leaf images (healthy vs unhealthy),,,unclear,1,"The suggested method has an overall accuracy of 99.56%, an F-measure of 99.21%",low,"Twin-attention CNN + CSM; test set ~231 samples; dataset source, augmentation and split not stated in extracted text"
REP-0178,2026,maize,DET,mAP50,93.4,11,self,"Self-built maize disease dataset (11 classes, 17,729 imgs)",,17729,no,1,"retaining 92.7% Precision, 93.4% mAP50, 89.1% Recall and 82.0% mAP50:95",medium,"MAC-Lite distilled student (teacher 94.1); 17,729 images split 7:2:1 (12,410/3,546/1,773); whether set includes augmentation not confirmed"
REP-0256,2025,maize,CLS,Acc,93.2,4,plantvillage,Kaggle Corn or Maize Leaf Disease (4188 -> 5542 augmented),4188,5542,no,18,"achieves the highest average precision, recall, accuracy, and error rates of 93.16%, 92.86%, 93.20%",medium,"Proposed ResNet-based classifier after AVHEQ/CTSO segmentation; augmentation to 5,542 before 70/15/15 split"
REP-0270,2026,maize,CLS,Acc,97.6,,mixed,"30,033 maize images (Ethiopia field + Kaggle/ScienceDirect/Mendeley), 31,500 after augmentation",30033,31500,unclear,1,model achieved a test accuracy of 97.6% and a macro-F1 score of 97.81%,medium,YOLO11n-based classifier; external validation set 97.0%; class count and split not extracted
REP-0340,2026,rice,CLS,Acc,96.19,,kaggle_derived,Rice leaf disease (2099 images -> 6297 augmented),2099,6297,unclear,1,federated learning based EfficientNet ... 96.19% highest accuracy for IID distribution,low,FedLeaf; global accuracy under IID split; augmentation tripled data before client partitioning; class count/test protocol not extracted
REP-0381,2025,maize,CLS,Acc,99.37,4,plantvillage,"PlantVillage corn leaf images (4188, 4 cls)",4188,,yes,1,The EfficientNetV2L and Xception models performed well with 99.37% and 99.15% test accuracy,medium,80/20 stratified train/test; no separate val; augmentation volume not stated
REP-0415,2026,rice,CLS,Acc,98.43,,other_public,Zenodo rice leaf disease dataset (1914 balanced imgs),1914,,no,2,"DenseNet201 (98.72% train, 98.43% val, 98.43% test)",medium,Split 70/20/10 before augmentation per p15 but flagged G3-LEAK upstream; class count not extracted
REP-0464,2026,maize,CLS,Acc,99.4,4,plantvillage,"Kaggle Corn/Maize (4188) + Mendeley maize (3852) = 8,040 imgs",8040,,no,1,"achieving an overall classification accuracy of 99.40%, precision of 99.43%, recall of 99.38%",medium,EDISP CNN-ViT; 8:1:1 split; augmentation counts not extracted; external CD&S validation also reported
REP-0518,2025,rice,DET,other,95,,self,Rice disease images from search engines + expansion (1448 imgs),,1448,no,1,"achieved 93.1% precision, 88% recall, 95% mAP, and a 90.48% F1 score on the custom",medium,TLI-YOLO; mAP threshold not stated; dataset expanded to 1448 by brightness/white balance then split 8:1:1
REP-0527,2026,rice,SEG,mIoU,94.14,1,self,"Wild rice BB lesion images (2,884 -> 14,420)",2884,14420,no,1,lesion segmentation model ... achieves an IoU of 94.14%,medium,"IoU for lesion class; 8:1:1 split of augmented set (11,536/1,442/1,442); downstream resistance-level accuracy 92.0%"
REP-0544,2020,rice,CLS,Acc,92.89,12,self,Paddy crop stress field images (5 varieties x 12 stresses),12000,30000,no,1,The trained models achieve an average accuracy of 92.89% on the held-out dataset,medium,"VGG-16; 12,000 originals enhanced to 30,000 then 60/40 train/test with 10% of test used as validation"
REP-0640,2023,rice,CLS,Acc,98.03,12,mixed,PlantVillage rice (950) + own smartphone images (1309); 12 classes,2259,7200,yes,1,DenseNet201 ... validation accuracies of 0.9803,medium,Random oversampling to 600/class before 70/30 train/validation split; reported value is validation accuracy; 250 separate real-time images used for app validation
REP-0954,2025,maize,DET,mAP50,83.07,4,self,"Corn disease images (grey leaf spot, leaf blight, smut, downy mildew; 4632 imgs)",4632,,no,1,mean Average Precision (mAP) rises from 78.97 % to 83.07 %,medium,SMA-YOLO; augmented dataset split 8:1:1; mAP threshold assumed @0.5; augmented total not stated
REP-0971,2024,maize,CLS,Acc,99.8,4,plantvillage,PlantVillage corn (4187 -> ~4000 balanced),4187,4000,yes,9,classifier achieves the highest accuracy of 99.8% in both 5-fold and 10-fold,medium,"TreeNet features + SVM; cross-validation only (5/10-fold), no held-out test; augmentation/selection balances classes before CV"
