report_id,model,role,metric,m_int,m_ext,delta_pp,delta_rel_pct,internal_set,external_set,n_ext_images,shift_type,same_classes(yes/no/partial),page_int,quote_int,page_ext,quote_ext,confidence,notes
REP-0225,"VGG-16 (fine-tuned, fuzzy-rule severity classes)",proposed,accuracy,95.63,89.0,6.63,6.9,PlantVillage maize Common Rust images relabelled to 4 severity classes; held-out validation split (200 imgs),"100 self-collected camera images (Samsung A30) of maize common rust, 3 light conditions, severity classes by same fuzzy rules",100,lab_to_field+cross_dataset,yes,12,validation accuracy of 95.63 % and a validation loss of 0.2,12-13,"achieved a high testing accuracy of 89% when it was tested against 100 images, with 25 images in each class",medium,"Internal number is VALIDATION accuracy (no separate PlantVillage test split reported; Table 6 text is garbled and appears to mislabel the 89% as validation). Single maize disease (common rust) severity task, not disease-type classification. External set is small (n=100)."
REP-0342,Ensemble (DenseNet-121 + ResNeSt-50 + SE-ResNet-50),proposed,accuracy,99.0,91.0,8.0,8.1,"Split test set (10% of 33,026-image rice dataset, 7:2:1 split), 6 rice diseases","Independent test set: Google images + Shenzhen SenseAgro images, 50 per class x 6 diseases",300,independent_same_domain,yes,9,meaning the Ensemble Model had an accuracy of over 99%,13,"Being tested by independently sourced images, the Ensemble Model achieved 91% accuracy",medium,"Internal accuracy is stated only as 'over 99%' (p9; conclusion p13 says F1 >0.99 per class); 99 used as lower bound so delta is >= 8 pp. Independent set sourced from web+company, so shift is source/collection only."
REP-0397,DenseNet-121,proposed,accuracy,95.571,80.3,15.27,16.0,"Validation set of 4,278-image Internet/Kaggle-derived dataset (healthy, brown spot, leaf blast)","300 images collected Aug 2020 at Kuban educational farm, Krasnodar, Russia: 150 healthy + 150 leaf blast (no brown spot)",300,cross_region+independent_same_domain,partial,9,reaching an accuracy of 95.57% on the validation dataset,8,the classification accuracy was 80.3%,high,Hint confirmed. Internal value is validation accuracy (Table 2: 95.571). External set has only 2 of the 3 trained classes. Paper also reports 95.6% if brown-spot predictions are treated as 'uncertainty' (16% uncertainty) - that is NOT comparable and was not used. PSI = 0.739 (p8).
REP-0143,"DenseNet169 (trained on CD&S RGBA, background removed)",proposed,accuracy,87.52,81.6,5.92,6.8,"CD&S test split, original field-background images (corn NLB/GLS/NLS), model trained on background-removed RGBA","Cross-dataset pool: PlantVillage, PlantDoc, Digipathos, NLB dataset + CD&S white/black-background versions (shared classes only)",,cross_dataset+lab_to_field,partial,7,The DenseNet169 model achieved the highest testing accuracy of 87.52%.,12,generalizing to different datasets and conditions of 81.60% achieved by the DenseNet169 model,medium,"Abstract headline (81.60%). Internal 87.52% is for a model trained on background-removed images but tested on ORIGINAL-background CD&S images, so it understates the in-source ceiling (the CD&S RGB model gets 99.62%, p7). Delta here is therefore small (5.9 pp). External n not stated; only classes shared across datasets used (rust/common rust excluded)."
REP-0143,"DenseNet169 (trained on PlantVillage + CD&S, combined)",proposed,accuracy,98.75,77.5,21.25,21.5,Combined PlantVillage+CD&S test split,"Held-out datasets not used for training (PlantDoc, Digipathos, NLB, CD&S bg variants), shared classes",,cross_dataset+lab_to_field,partial,9,the DenseNet169 model achieving the highest testing accuracy of 98.75%,12,the overall testing accuracies across datasets was 77.50%,low,"Text does not say which model produced the 77.50% cross-dataset figure (assumed DenseNet169, the model with 98.75% internal). Hint '77.5-81.6' is cross-dataset accuracy of combined/field-trained models, NOT of the PlantVillage-only model."
REP-0143,Xception (int) / VGG16 (ext) trained on PlantVillage+PlantDoc+CD&S,proposed,accuracy,95.83,80.33,15.5,16.2,Combined PV+PlantDoc+CD&S test split (best model: Xception),"Datasets/conditions not used for training, shared classes (best model: VGG16)",,cross_dataset+lab_to_field,partial,10,model obtained the highest testing accuracy of 95.83%,12,the VGG16 model achieved the highest testing accuracy across datasets at 80.33%,low,"Best-of-model for each column (different architectures: Xception internal, VGG16 external); matched-model internal for VGG16 not extractable (Table 13 is an image). Delta is an upper-envelope mix."
REP-0143,DenseNet169 (int) / DenseNet169 (ext) trained on PlantVillage+PlantDoc,proposed,accuracy,94.75,79.5,15.25,16.1,Combined PV+PlantDoc test split (best model: Xception 94.75%),"Datasets not used for training, shared classes (DenseNet169)",,cross_dataset+lab_to_field,partial,9,Xception model achieved the highest testing accuracy of 94.75%,12,across datasets not used for training was 79.50% with the DenseNet169 model,low,"Mixed models: 94.75 is Xception, 79.50 is DenseNet169. Adding ~10% field images raised cross-dataset accuracy from 45.36% to 79.50%."
REP-0143,DenseNet169 (PlantVillage only),baseline,accuracy,99.5,37.64,61.86,62.2,PlantVillage corn 4-class hidden test images,"All other datasets (PlantDoc, Digipathos, NLB, CD&S incl. white/black bg), shared classes",,lab_to_field+cross_dataset,partial,6,DenseNet169 achieved the highest testing accuracy of 99.50%,10,"34.82%, 32.45%, 43.09%, 37.64%, and 45.36%",medium,"Lab-only baseline: ext list is InceptionV3, ResNet50, VGG16, DenseNet169, Xception, so DenseNet169=37.64. Best PV-only external is Xception 45.36 (its internal accuracy not extractable; PV internal best is DenseNet169 99.50). This is the paper's lab-to-field gap (~62 pp), far larger than the 77.5-81.6 hint."
REP-0004,AISOA-SSformer,proposed,mIoU,83.1,62.8,20.3,24.4,Own rice leaf segmentation test set (401 test imgs; trained on Tungro + brown spot),"PCR-confirmed field photos, Yueyang, Hunan: bacterial leaf blight (unseen class), no extra training samples",300,open_set+independent_same_domain,no,1,"AISOA-SSformer achieves an 83.1% MIoU, an 80.3% Dice coefficient",15-16,Table 5 group 1 (no added training samples): Bacteria / Ours MIoU 0.628,high,"Hint confirmed (62.8/68.1). Both external diseases (bacterial blight, blast) were NOT in training (Tungro, brown spot) so this is open-set transfer. Group 2/3 add 100/200 training samples (MIoU up to 0.812/0.786) - not zero-shot, not used. Table values read from page image."
REP-0004,AISOA-SSformer,proposed,mIoU,83.1,68.1,15.0,18.1,Own rice leaf segmentation test set (401 test imgs; trained on Tungro + brown spot),"PCR-confirmed field photos, Yueyang, Hunan: rice blast (unseen class), no extra training samples",300,open_set+independent_same_domain,no,1,"AISOA-SSformer achieves an 83.1% MIoU, an 80.3% Dice coefficient",15-16,Table 5 group 1 (no added training samples): Blast / Ours MIoU 0.681,high,"See bacteria row. Training disease types (Tungro, brown spot) stated p3."
REP-0004,Segformer (b0),baseline,mIoU,78.2,56.8,21.4,27.4,Own rice leaf segmentation test set (Table of SOTA comparison),"Field photos: rice blast, no extra training samples (best baseline ext row)",300,open_set+independent_same_domain,no,13,Segformer [18] 0.782 0.729 0.619 0.889 14.15 million 3.38G,16,Table 5 group 1: Blast / Segformer MIoU 0.568,medium,Only baseline reported in Table 5. Segformer bacteria ext MIoU 0.553.
REP-0130,"Twin CNN with feature fusion (VGG16+ResNet50+InceptionV3, PCA)",proposed,accuracy,96.8,92.3,4.5,4.6,"Kaggle Rice Disease Dataset (6,763 imgs, 4 classes), same-dataset test","RiceLeafDB (external; 'similar disease categories, different environmental conditions and imaging setups')",,cross_dataset,partial,21,a slight reduction compared to the 96.8% accuracy observed on the Kaggle dataset,21,The model achieved an accuracy of 92.3% on the external RiceLeafDB dataset,high,"Table 8 gives Acc/Prec/Rec/F1 96.8/96.7/96.4/96.5 vs 92.3/92.1/91.8/91.9. External n and exact class overlap not stated. No field data (authors list this as a limitation, p25)."
REP-0208,MobileNetV2 (deployed in MaizeNet app),proposed,accuracy,97.0,98.9,-1.9,-2.0,"Held-out test set of pooled maize datasets (Uganda/Tanzania/Namibia/Ghana), 6 classes","In-field test with farmers/experts in Uganda, expert-labelled; 5 trained classes only (FAW, Healthy, MLB, MLN, MSV), derived from Fig. 21",624,independent_same_domain,yes,8,"with MobileNetV2 achieving 97% and InceptionResNetV2 achieving 96% across accuracy, precision, recall, and F1-score",15,Fig. 21 confusion matrix: 617 of 624 correct (24+150+147+147+149) excluding Unknown row,low,"NO accuracy figure is stated in text for the field test; m_ext is DERIVED by me from the Fig. 21 confusion matrix (read from page image). Counts: MSV 150/150, MLB 147/150, FAW 147/150, Healthy 149/150, MLN 24/24. 'Delta' is negative (field >= test); in-field set is likely curated by experts. Ensemble (99.82% test) was not field-tested."
REP-0208,MobileNetV2 (deployed in MaizeNet app),proposed,accuracy,97.0,73.9,23.1,23.8,"Held-out test set of pooled maize datasets (Uganda/Tanzania/Namibia/Ghana), 6 classes","In-field test incl. 253 'Unknown'-labelled images (222 maize rust predicted as MLN) - open-set, derived from Fig. 21",877,independent_same_domain+open_set,partial,8,"with MobileNetV2 achieving 97% and InceptionResNetV2 achieving 96% across accuracy, precision, recall, and F1-score","12,15",222 rust images being initially predicted as MLN; Fig. 21 total diagonal 648 of 877,low,"Derived (648/877 = 73.9%) from Fig. 21 incl. Unknown row; expert added maize rust (unseen disease) to field test and relabelled the 222 rust images as Unknown, which the model mostly mapped to MLN (211 of 253 Unknown misclassified as MLN). After retraining with rust class only 2 of 25 rust images wrong (p13). Use this row only for an open-set sensitivity analysis."
REP-0419,YOLO-DP (YOLOv8n-based),proposed,mAP50,77.8,92.5,-14.7,-18.9,Authors' 15-class rice disease/pest dataset test set,"2020 Rice Leaf Disease Image Samples (4 classes), separately split 7:2:1 and RE-TRAINED (Table 7)",,cross_dataset,no,9,a Mean Average Precision mAP50 of 77.8%,13,YOLO-DP 90.5 88.1 92.5 72.1,low,"[NOT-TRANSFER] The paper trains and tests on the second dataset itself (7:2:1 split), it is NOT a train-A-test-B transfer; m_ext is the in-distribution mAP50 on the other dataset and delta is meaningless (negative). Recommend EXCLUDING from the generalisation-gap pool. Also note the conclusion (p13) quotes 90.5/88.1/92.5/72.1 as the main-dataset result, which conflicts with Table 3 (80.9/74.4/77.8/50.1)."
REP-0965,CNN-SVM-MoE,proposed,accuracy,99.14,99.33,-0.19,-0.2,"Pooled 11,650-image maize dataset (PlantVillage + Guanajuato field photos), 7 classes, 20% validation split (bootstrap mean)","300 new iPhone field photos, Guanajuato 2024: Healthy, Fall armyworm, Common rust (100 each)",300,independent_same_domain+cross_region,partial,14,CNN-SVM-MoE model achieved the highest mean accuracy (99.14 %),14,the CNN-MoE and CNN-SVM-MoE models achieved an accuracy of 99.33 %,medium,"Hint-free. External set covers only 3 of 7 trained classes; internal figure is bootstrap mean over the validation split (no separate test split). Delta is negative (external > internal), likely due to easier 3-class subset."
REP-0965,CNN-MoE,proposed,accuracy,98.65,99.33,-0.68,-0.7,"Pooled maize dataset, validation split (bootstrap mean, Table 9)","300 new iPhone field photos, Guanajuato 2024 (HE/FA/CR)",300,independent_same_domain+cross_region,partial,14,"CNN-MoE model, with a mean accuracy of 98.65 %",14,the CNN-MoE and CNN-SVM-MoE models achieved an accuracy of 99.33 %,medium,p10 text says CNN-MoE 98.66; Table 9 0.9865 used.
REP-0965,CNN-SVM (non-MoE),baseline,accuracy,97.78,94.66,3.12,3.2,"Pooled maize dataset, validation split (bootstrap mean, Table 9)","300 new iPhone field photos, Guanajuato 2024 (HE/FA/CR)",300,independent_same_domain+cross_region,partial,14,"CNN-SVM models exhibited very similar performance, achieving 97.71 % and 97.78 % accuracy",14-15,"CNN-SVM 0.9466 (Table 10, 'Results ... under agricultural field conditions')",medium,Best non-MoE baseline. Plain CNN: ext 94.00 (paper states a 3.7% decrease from its internal accuracy).
REP-0005,Swin-V2 + ConvNeXt dual-backbone with attention fusion,proposed,accuracy,99.55,90.8,8.75,8.8,"Dataset-1 (11,790 imgs, 9 classes) 15% test split","Dataset-2 (11,250 imgs, 12 classes) restricted to the 9 aligned classes; zero-shot, no fine-tuning",,cross_dataset,yes,16,"classification accuracy of 99.55%, then ConvNeXt-Tiny (98.69%), Swin Transformer (98.30%)",25,"achieved the highest accuracy of 90.80%, outperforming ConvNeXt-Tiny (88.81%)",high,Hint confirmed. External n not stated. 6 of the 9 aligned classes come from Dataset-2; the other 3 'were also collected from Kaggle' (p25) so the external set is partially same-source. Abstract also reports 97.06% on Dataset-2 internal.
REP-0005,ConvNeXt-Tiny,baseline,accuracy,98.69,88.81,9.88,10.0,Dataset-1 test split,Dataset-2 (9 aligned classes),,cross_dataset,yes,16,ConvNeXt-Tiny (98.69%),25,outperforming ConvNeXt-Tiny (88.81%),high,Best baseline under cross-dataset evaluation.
REP-0089,LMRNet (lightweight CNN),proposed,accuracy,99.26,92.41,6.85,6.9,"Self-built mountain-rice dataset (Chongqing station, Apr 2023-Sep 2025), 6 classes, test split (360 imgs)","Randomly captured in-field images, 30 per category (6 categories) = 180 images, run through app on 3 smartphones",180,independent_same_domain,yes,12,"LMRNet achieved an accuracy of 99.26%, a precision of 97.78%",13,The average recognition rate across all disease categories on the three smartphones was 92.41%,medium,"Hint confirmed. External metric uses a confidence threshold >85% as 'correct' (stricter than top-1) and is measured on-device (mobile deployment), so part of the gap is protocol, not only data shift. External images likely from the same region/station."
REP-0090,MaizeFormerX,proposed,accuracy,96.4,88.9,7.5,7.8,"Dataverse (2x aug): in-dataset test split (15%), Table 5","Tanzania dataset, direct transfer without retraining, shared-label protocol, Table 11 (Dataverse->Tanzania)",,cross_dataset,partial,16,"Table 5 Dataverse 2x, MaizeFormerX Accuracy 96.4",23,"Table 11 Dataverse (2x aug) -> Tanzania, MaizeFormerX 88.9",medium,"Hint refined: paper reports 18 cross-dataset cells (6 pairs x 2x/4x/6x augmentation); only the 2x-augmentation pair rows are listed here (internal acc. at same augmentation level from Table 5: Dataverse 96.4/96.1/97.8, Tanzania 96.9/97.5/95.5, Plagues 95.4/96.9/95.7). Ext range over 2x/4x/6x: D->T 87.3-88.9, D->P 85.9-86.7, T->D 84.9-87.7, T->P 82.7-86.8, P->D 84.4-87.2, P->T 86.1-88.0. Cross-dataset evaluated only on intersection of classes (e.g., Healthy+MSV); n_ext not reported. Table values transcribed from text extraction (+/- SDs stripped)."
REP-0090,MaizeFormerX,proposed,accuracy,96.4,86.7,9.7,10.1,"Dataverse (2x aug): in-dataset test split (15%), Table 5","Plagues Maiz dataset, direct transfer without retraining, shared-label protocol, Table 11 (Dataverse->Plagues Maiz)",,cross_dataset,partial,16,"Table 5 Dataverse 2x, MaizeFormerX Accuracy 96.4",23,"Table 11 Dataverse (2x aug) -> Plagues Maiz, MaizeFormerX 86.7",medium,"Hint refined: paper reports 18 cross-dataset cells (6 pairs x 2x/4x/6x augmentation); only the 2x-augmentation pair rows are listed here (internal acc. at same augmentation level from Table 5: Dataverse 96.4/96.1/97.8, Tanzania 96.9/97.5/95.5, Plagues 95.4/96.9/95.7). Ext range over 2x/4x/6x: D->T 87.3-88.9, D->P 85.9-86.7, T->D 84.9-87.7, T->P 82.7-86.8, P->D 84.4-87.2, P->T 86.1-88.0. Cross-dataset evaluated only on intersection of classes (e.g., Healthy+MSV); n_ext not reported. Table values transcribed from text extraction (+/- SDs stripped)."
REP-0090,MaizeFormerX,proposed,accuracy,96.9,86.1,10.8,11.1,"Tanzania (2x aug): in-dataset test split (15%), Table 5","Dataverse dataset, direct transfer without retraining, shared-label protocol, Table 11 (Tanzania->Dataverse)",,cross_dataset,partial,16,"Table 5 Tanzania 2x, MaizeFormerX Accuracy 96.9",23,"Table 11 Tanzania (2x aug) -> Dataverse, MaizeFormerX 86.1",medium,"Hint refined: paper reports 18 cross-dataset cells (6 pairs x 2x/4x/6x augmentation); only the 2x-augmentation pair rows are listed here (internal acc. at same augmentation level from Table 5: Dataverse 96.4/96.1/97.8, Tanzania 96.9/97.5/95.5, Plagues 95.4/96.9/95.7). Ext range over 2x/4x/6x: D->T 87.3-88.9, D->P 85.9-86.7, T->D 84.9-87.7, T->P 82.7-86.8, P->D 84.4-87.2, P->T 86.1-88.0. Cross-dataset evaluated only on intersection of classes (e.g., Healthy+MSV); n_ext not reported. Table values transcribed from text extraction (+/- SDs stripped)."
REP-0090,MaizeFormerX,proposed,accuracy,96.9,84.5,12.4,12.8,"Tanzania (2x aug): in-dataset test split (15%), Table 5","Plagues Maiz dataset, direct transfer without retraining, shared-label protocol, Table 11 (Tanzania->Plagues Maiz)",,cross_dataset,partial,16,"Table 5 Tanzania 2x, MaizeFormerX Accuracy 96.9",23,"Table 11 Tanzania (2x aug) -> Plagues Maiz, MaizeFormerX 84.5",medium,"Hint refined: paper reports 18 cross-dataset cells (6 pairs x 2x/4x/6x augmentation); only the 2x-augmentation pair rows are listed here (internal acc. at same augmentation level from Table 5: Dataverse 96.4/96.1/97.8, Tanzania 96.9/97.5/95.5, Plagues 95.4/96.9/95.7). Ext range over 2x/4x/6x: D->T 87.3-88.9, D->P 85.9-86.7, T->D 84.9-87.7, T->P 82.7-86.8, P->D 84.4-87.2, P->T 86.1-88.0. Cross-dataset evaluated only on intersection of classes (e.g., Healthy+MSV); n_ext not reported. Table values transcribed from text extraction (+/- SDs stripped)."
REP-0090,MaizeFormerX,proposed,accuracy,95.4,85.1,10.3,10.8,"Plagues Maiz (2x aug): in-dataset test split (15%), Table 5","Dataverse dataset, direct transfer without retraining, shared-label protocol, Table 11 (Plagues->Dataverse)",,cross_dataset,partial,16,"Table 5 Plagues Maiz 2x, MaizeFormerX Accuracy 95.4",23,"Table 11 Plagues Maiz (2x aug) -> Dataverse, MaizeFormerX 85.1",medium,"Hint refined: paper reports 18 cross-dataset cells (6 pairs x 2x/4x/6x augmentation); only the 2x-augmentation pair rows are listed here (internal acc. at same augmentation level from Table 5: Dataverse 96.4/96.1/97.8, Tanzania 96.9/97.5/95.5, Plagues 95.4/96.9/95.7). Ext range over 2x/4x/6x: D->T 87.3-88.9, D->P 85.9-86.7, T->D 84.9-87.7, T->P 82.7-86.8, P->D 84.4-87.2, P->T 86.1-88.0. Cross-dataset evaluated only on intersection of classes (e.g., Healthy+MSV); n_ext not reported. Table values transcribed from text extraction (+/- SDs stripped)."
REP-0090,MaizeFormerX,proposed,accuracy,95.4,88.0,7.4,7.8,"Plagues Maiz (2x aug): in-dataset test split (15%), Table 5","Tanzania dataset, direct transfer without retraining, shared-label protocol, Table 11 (Plagues->Tanzania)",,cross_dataset,partial,16,"Table 5 Plagues Maiz 2x, MaizeFormerX Accuracy 95.4",23,"Table 11 Plagues Maiz (2x aug) -> Tanzania, MaizeFormerX 88.0",medium,"Hint refined: paper reports 18 cross-dataset cells (6 pairs x 2x/4x/6x augmentation); only the 2x-augmentation pair rows are listed here (internal acc. at same augmentation level from Table 5: Dataverse 96.4/96.1/97.8, Tanzania 96.9/97.5/95.5, Plagues 95.4/96.9/95.7). Ext range over 2x/4x/6x: D->T 87.3-88.9, D->P 85.9-86.7, T->D 84.9-87.7, T->P 82.7-86.8, P->D 84.4-87.2, P->T 86.1-88.0. Cross-dataset evaluated only on intersection of classes (e.g., Healthy+MSV); n_ext not reported. Table values transcribed from text extraction (+/- SDs stripped)."
REP-0090,Swin Transformer V2 (best baseline),baseline,accuracy,94.0,84.2,9.8,10.4,"Dataverse (2x aug) in-dataset test, Table 5","Tanzania, direct transfer, Table 11 (Dataverse(2)->Tanzania)",,cross_dataset,partial,16,"Table 5 Dataverse 2x, Swin Transformer V2 Accuracy 94.0",23,"Table 11 Dataverse (2) -> Tanzania, Swin Transformer V2 84.2",medium,Single best-baseline row (Swin V2 is the closest competitor per p19).
REP-0459,EfficientNetV2-S + Att-BiLSTM + BAO + KELM,proposed,accuracy,99.48,78.34,21.14,21.3,PlantVillage maize test split (769 imgs),"Full PlantDoc maize set (314 imgs), model trained on PlantVillage only (PV->PD)",314,lab_to_field+cross_dataset,yes,7,the test accuracy rose to 99.48%,7,the accuracy was 78.34% (246 of 314 images correctly classified),high,"Hint confirmed. Best baseline in this direction is ConvNeXt-T 71.97 (Table 5, p10); its PlantVillage internal accuracy is not reported so no baseline row."
REP-0459,EfficientNetV2-S + Att-BiLSTM + BAO + KELM,proposed,accuracy,93.65,86.03,7.62,8.1,PlantDoc maize test split (63 imgs; Wilson 95% CI 85.0-97.6),"Full PlantVillage maize set (3,852 imgs), model trained on PlantDoc only (PD->PV)",3852,cross_dataset+other,yes,12,Overall accuracy reaches 93.65%,10,Proposed 86.03 0.830 0.808,medium,Reverse (field->lab) direction; internal test set is only 63 images (wide CI). Pairs with the PV->PD row; use that one as headline.
REP-0486,SCD-YOLOv11n (pruned+distilled),proposed,mAP50,97.4,96.2,1.2,1.2,"Authors' own rice dataset test set (6,715 imgs; bacterial leaf spot, brown spot, leaf smut)","RiceLeafDS, zero-shot, only the 2 shared classes (bacterial leaf spot/blight, brown spot)",,cross_dataset,partial,17,mAP@50 decreases from 97.40% on our test set to 96.20% on RiceLeafDS,17,a drop of 1.20 percentage points,high,Paper's own Delta definition (Eq. 16). External n not stated. Model 'trained solely on a public rice disease dataset' (wording ambiguous: 'our dataset' vs public).
REP-0486,SCD-YOLOv11n (pruned+distilled),proposed,mAP50-95,76.21,76.15,0.06,0.1,Authors' own rice dataset test set,"RiceLeafDS, zero-shot, shared 2 classes",,cross_dataset,partial,17,the score decreases slightly from 76.21% to 76.15%,17,a reduction of only 0.06 percentage points,high,Second metric reported by the paper.
REP-0494,DCA-YOLO,proposed,mAP50,88.42,91.71,-3.29,-3.7,"Compiled dataset test set (463 imgs; bacterial blight, brown spot, rice blast)","Roboflow Universe public rice dataset (2,553 imgs, 'various common rice diseases'); Table 6 'public-dataset test set'",,cross_dataset,partial,16,DCA-YOLO achieved the best overall performance on the compiled dataset: mAP@0.5 of 88.42%,17,"on the Roboflow public dataset, DCA-YOLO achieved the best results (mAP@0.5 = 91.71%",low,"[NOT-TRANSFER] Unclear whether models were evaluated zero-shot or re-trained on the Roboflow set; ext (91.71) > int (88.42) and baselines were 'retrained under unified settings' (p10), and Table 6 omits some models, suggesting an in-dataset benchmark. Authors themselves state cross-domain robustness 'could not be established' (p21). Treat as in-distribution on a second dataset; recommend EXCLUDING from the transfer-delta pool or flagging as sensitivity case."
REP-0494,DCA-YOLO,proposed,mAP50-95,45.82,56.78,-10.96,-23.9,Compiled dataset test set,Roboflow public dataset test set (Table 6),,cross_dataset,partial,16,mAP@0.5:0.95 of 45.82%,17,mAP@0.5:0.95 = 56.78%,low,[NOT-TRANSFER] Same caveat as mAP50 row (likely retrained/in-dataset on Roboflow).
REP-1013,BPNet,proposed,IoU,72.73,61.22,11.51,15.8,"CSLB corn southern leaf blight lab-scanned dataset (315 imgs), 5-fold CV","LDSD (PlantDoc-derived, 588-img subset, multi-species) - evaluated by 5-fold CV on LDSD itself",588,other,no,7,BPNet attains an IoU of 72.73% and a Dice score of 83.99%,11,"BPNet ... reaching 61.22% IoU, 74.11% Dice, 81.54% Precision",low,"[NOT-TRANSFER] 'Generalization' = separate 5-fold CV training on each external benchmark (p10), NOT zero-shot transfer; different crops/lesion types (corn vs mixed PlantDoc species) so delta is a dataset-difficulty gap only. Metric is binary lesion IoU, not mIoU. Recommend EXCLUDING from transfer-delta pool."
REP-1013,BPNet,proposed,IoU,72.73,68.44,4.29,5.9,"CSLB dataset, 5-fold CV","ATLDSD (1,641 apple leaf images, 51.9% lab / 48.1% field), 5-fold CV on ATLDSD itself",1641,other,no,7,BPNet attains an IoU of 72.73% and a Dice score of 83.99%,11,"obtaining an IoU of 68.44%, a Dice score of 81.25%",low,"[NOT-TRANSFER] Same caveat as LDSD row (separately trained per dataset, different crop: apple)."
REP-0037,Ensemble GoogLeNet+VGG16+DenseNet-121+ResNet-34,proposed,accuracy,96.81,,,,,separate multi-origin rice test set (ref. 66),,cross_region,,,,6,a separate test set of rice disease images was used ... images from diverse geographical origins,high,"[NO-QUANT] external evaluation described but no number reported (p. 6, 10, 11)"
