report_id,key,year,crop,dataset_name,metric_type,metric_value,val_is_test,leakage,gemini_basis,leakage_evidence,split,aug_order,note,decision,reason_protocol,reviewer,GOI_Y_DO_TIN_CAY (Gemini),criteria,batch,n_original,thay_doi
REP-0111,rep0111,2021,rice,Sethy,Acc,100,no,suspect,A - do chinh xac quyet dinh,"Mục 2.2: 'The dataset is divided into 60% training, 20% validation, and 20% testing... In the training data, an augmentation process will be carried out...'; Bảng 1: cột 'After augmentation' chỉ có cho train (28,470), val/test giữ 1,187 ảnh gốc. Tuy nhiên độ chính xác test 100% (InceptionV3, InceptionResNetV2) trên 1,187 ảnh gợi ý trùng lặp ảnh gần giống (cùng lá chụp nhiều lần) trong bộ Sethy được chia ngẫu nhiên ở mức ảnh.","60/20/20 (train 4,745 / val 1,187 / test 1,187)",Tăng cường SAU khi chia (chỉ train),"Bộ Sethy có nhiều ảnh gần trùng cùng lá, chia ngẫu nhiên ở mức ảnh; kết quả 100% cần thận trọng.",suspect,"Sethy: chia ngẫu nhiên theo ảnh, bộ có nhiều ảnh chụp lặp cùng lá",r1,trung bình,L2,main,,
REP-0117,rep0117,2023,rice,Sethy,Acc,100,no,suspect,A - do chinh xac quyet dinh,"Không mô tả tăng cường dữ liệu (chỉ normalize/smooth/reshape bằng OpenCV) nên không có rò rỉ do tăng cường; tuy nhiên test 178 ảnh đạt 100% và bộ Mendeley của Sethy được biết chứa nhiều ảnh cắt gần trùng nhau từ cùng lá, chia ngẫu nhiên có thể gây trùng lặp train/test – bài không kiểm soát.","4,152 train / 1,602 validation / 178 test hold-out (bài ghi 70/20/10 nhưng tỷ lệ thực 70/27/3); thêm 5-fold CV",Không tăng cường,100% trên 178 ảnh test rất đáng ngờ; tỷ lệ chia không khớp số ảnh.,suspect,"Sethy: chia ngẫu nhiên theo ảnh, bộ có nhiều ảnh chụp lặp cùng lá",r1,trung bình,L2,main,,
REP-0120,rep0120,2026,rice,Sethy (+ healthy không rõ nguồn),Acc,99.9,yes,suspect,A - do chinh xac quyet dinh,Mục 3.2: 'The collected data will be divided into training data and validation data … 70% to 30% … the details of image augmentation preparation are illustrated in Figure 2' – có tăng cường nhưng không nói áp dụng trước hay sau khi chia; kết quả validation 99.90% (≥99.5%) → nghi ngờ theo quy tắc.,70/30 train/validation,Không rõ,Không có test độc lập; số liệu mâu thuẫn (99.90 vs 96); thứ tự tăng cường không nêu.,suspect,Sethy chia ngẫu nhiên theo ảnh; tăng cường không rõ thứ tự; không có test riêng,r1,trung bình,L2,main,,
REP-0218,rep0218,2026,rice,"Sethy; Kaggle rice (1,600); BRRI; merged 8,958",Acc,100,yes,suspect,A - do chinh xac quyet dinh,"Mục 4.2: 'For each original image, we generated augmented variants using resizing, random erasing, normalization, vertical and horizontal flipping, rotation, and color jitter' – tăng cường offline cho toàn bộ ảnh, không nói được thực hiện bên trong từng fold hay trước khi chia fold. Kết hợp với kết quả 100.0% trên Mendeley (Table 4) và 99.5% trên BRRI, theo quy tắc ≥99.5% + không rõ thứ tự → Nghi ngờ.","5-fold CV (Mendeley, Kaggle); 10-fold CV (BRRI); gộp: 80/20 ngẫu nhiên lặp 5 lần",Không rõ,100% trên Mendeley; tăng cường offline không rõ trước/sau fold,suspect,"Sethy; tăng cường offline toàn bộ ảnh, không rõ trước hay trong fold",r1,trung bình,L1+L2,main,,
REP-0300,rep0300,2022,maize,PlantVillage-corn + self (Qingdao) + web,Acc,99.7,no,suspect,A - do chinh xac quyet dinh,"Table 1 tổng natural 245+1,502+511+1,122 = 3,380 = số ảnh gốc, nên tập test (338) là ảnh gốc; Table 4 recall Cercospora 96% = 24/25 khớp 25 ảnh test gốc. Tuy nhiên 'offline supervised data enhancement on the data set in the natural environment' (Mục Results, phần 3) không nêu rõ chỉ trên tập train.","Table 1 theo lớp ~70/20/10: natural train 2,366 / val 676 / test 338; lab train 2,702 / val 744 / test 396",Không rõ,"Tăng cường offline không nêu thứ tự; test natural nhỏ (338, Cercospora 25)",clean,"Số ảnh train/val/test cộng lại đúng bằng số ảnh gốc, test là ảnh gốc; thứ tự tăng cường không nêu",r1,thấp - cần xem,,main,,
REP-0028,rep0028,2025,rice,self (Tamil Nadu) + Sethy Mendeley,Acc,99.49,no,suspect,M - do chinh xac + goi y yeu,"Sec 3.1: 'To increase the number of diversified images in each group ... data augmentation techniques (random rotation −5..+5°, horizontal/vertical reflection) are employed ... The dataset was partitioned into an 80:10:10 ratio' — không nói thứ tự. Table 4: 8 lớp gần cân bằng hoàn hảo (963–998 ảnh/lớp, tổng 7857) dù gộp ảnh tự thu và bộ Mendeley 4 lớp, gợi ý cân bằng bằng tăng cường trước khi chia. Tất cả 8 mạng pre-trained đạt 100% (Table 9), mô hình đề xuất test 99.49%.",80/10/10 train/val/test; 5 lần chạy độc lập,Không rõ,"Lớp cân bằng gần tuyệt đối sau tăng cường, không nêu số gốc; mọi mạng pre-trained đạt 100%.",suspect,Tăng cường mô tả trước khi chia; lớp cân bằng sau tăng cường; có Sethy,r1,trung bình,L1+L2,main,,
REP-0172,rep0172,2024,rice,Sethy + Kaggle/UCI healthy,Acc,99.94,yes,suspect,M - do chinh xac + goi y yeu,"Mục 3.1.1: sau khi phân lớp phụ 'the overall number of images in each class was significantly decreased. Consequently, data augmentation methods like tilting, rotating, cropping, and blurring were used... to increase the number of images', rồi 'The training and validation datasets each contain a total of 2826 and 180 images'; Mục 3.2 liệt kê 'Data Splitting... to avoid data leakage' chỉ như bước chung. Thứ tự tăng cường→chia không được nêu rõ; 2,826+180=3,006 không khớp 5,932 nên không suy ra được từ số liệu.","train 2,826 (314/lớp) / test 180 (20/lớp) ~ 90:10; không có validation riêng",Không rõ,Tăng cường mô tả trước khi chia; test 180 ảnh; số liệu mâu thuẫn,suspect,Tăng cường mô tả trước khi chia; có Sethy,r1,trung bình,L1+L2,main,,
REP-0214,rep0214,2024,rice,"Kaggle rice 3-disease (unnamed, likely augmented UCI)",Acc,100,no,suspect,M - do chinh xac + goi y yeu,"Bảng 1 và mục 4.1 chia 80/10/10 theo lớp; mục 4.3 bước 1 chỉ nói 'pre-processing images... strengthen data... create variants of current training data' không nêu thứ tự. Bảng 2: cả ba mô hình đạt test accuracy 1.0000 ở mọi epoch (10/20/30) trong khi validation accuracy ResNet50 chỉ 0.93–0.97 → dấu hiệu tập test trùng/gần trùng với tập train (dataset Kaggle 4,804 ảnh cho 3 bệnh vốn chỉ có ~120 ảnh gốc UCI nhiều khả năng là tập đã tăng cường sẵn).","80/10/10: train 1316/1328/1200, valid 164/166/150, test 164/166/150",Không rõ,Test 100% cho mọi mô hình; nguồn Kaggle 4.804 ảnh không rõ,suspect,"Bộ Kaggle không tên, nghi bản tăng cường sẵn của UCI, chia ngẫu nhiên",r1,thấp - cần xác minh nguồn,L3,main,,
REP-0341,rep0341,2025,rice,Paddy Doctor,Acc,99.25,no,suspect,M - do chinh xac + goi y yeu,"Mục Methods: 'data pre-processing (resizing, normalisation, augmentation) comes first' — không nêu thứ tự tăng cường/chia; số test 5,448 tương ứng 33.6% của 16,225 ảnh gốc nên có thể không rò rỉ nhưng không xác nhận được. Kết quả 99.25% (và 0.9953 trong phần confusion matrix) rất cao.","Bảng 2: train 10,777 / test 5,448 (66.4/33.6); văn bản còn nói 5-fold CV (mâu thuẫn)",Không rõ,Split mâu thuẫn; số ảnh/lớp không khớp Paddy Doctor gốc; mô tả mơ hồ,unknown,Thứ tự tăng cường không nêu; số test khớp ảnh gốc; mô tả chia mâu thuẫn (hold-out vs 5-fold),r1,trung bình,,main,,
REP-0005,rep0005,2026,rice,"Kaggle rice 9-class (11,790) + Kaggle 12-class (~Paddy Doctor)",Acc,99.55,no,clean,CLEAN >=99.5 - can xem lai,"Sec 4.1: 'data augmentation techniques are applied only to the training images' (random flip p=0.5, rotation ±30°, color jitter); Sec 3.1/3.2 nói đã tổ chức dữ liệu để ảnh trùng/tương quan cao không đồng thời nằm trong train và test; Table 2 tổng split = 11,790/11,250 = số ảnh gốc.",D1: 70/15/15 stratified (8253/1768/1769); D2: 60/20/20 (6750/2250/2250); thêm 5-fold CV trên D1 và cross-dataset test 9 lớp,Tăng cường SAU khi chia (chỉ train),Bộ Kaggle 9 lớp có thể đã tăng cường sẵn; có 5-fold và cross-dataset làm đối chứng.,clean,Tăng cường chỉ trên train; tác giả tách ảnh trùng giữa train/test; có 5-fold và test chéo bộ,r1,cao,,main,,
REP-0026,rep0026,2023,rice,Kaggle shareef0612 riceleaf,Acc,99.75,unk,clean,CLEAN >=99.5 - can xem lai,"Mục 3.1: 'we artificially generated a new training dataset using a data augmentation technique; for instance, image rotation, shear range, and zoom range were implemented on the training dataset'; Mục 4: 'We employed Python's built-in augmentation process to enhance the original training imaging data' (rescale 1/255, shear 0.3, zoom 0.2)","70/30 train/test (có nhắc thêm thư mục validation, số lượng không nêu)",Tăng cường SAU khi chia (chỉ train),Số liệu không nhất quán giữa abstract và bảng; bài toán nhị phân đơn giản.,clean,Tăng cường chỉ trên train; chia 70/30,r1,trung bình,,main,,
REP-0046,rep0046,2026,rice,"Kaggle anshulm257 rice-disease (3,829)",Acc,100,yes,clean,CLEAN >=99.5 - can xem lai,"Mục III.B: 'Data augmentation was performed using the Keras ImageDataGenerator... No augmented images were stored explicitly, ensuring that the effective number of training samples per epoch remained unchanged'; 'The dataset was divided into training and testing subsets using an 80:20 ratio'.","80/20 train/test, một lần chia, không cross-validation",On-the-fly,Không có val riêng; KerasTuner/early stopping theo tập test; ảnh giảm còn 100×100.,clean,"Tăng cường on-the-fly; chia 80/20 (lưu ý: chỉnh tham số theo tập test, đã gắn cờ val=test)",r1,trung bình,,main,,
REP-0143,rep0143,2023,maize,"PlantVillage-corn, PlantDoc-corn, CD&S (self), Digipathos, NLB",Acc,99.5,no,clean,CLEAN >=99.5 - can xem lai,"Mục II.B.3: 'the Keras built-in dataset augmentation techniques were used to train each DL model using the ImageDataGenerator function' (flip, rotation 40°, zoom 0.2, brightness) — tăng cường on-the-fly trên generator huấn luyện; test là 'hidden testing data' (50%) và các bộ dữ liệu độc lập.",35/15/50 train/val/test cho mỗi bộ; thêm test chéo bộ dữ liệu,On-the-fly,"Tổng quát hoá chéo bộ chỉ 77,5–81,6%; PlantDoc-Corn nhỏ và nhiễu",clean,Tăng cường on-the-fly; test giữ riêng 50% và test chéo bộ,r1,cao,,main,,
REP-0297,rep0297,2025,both,Kaggle Corn-or-Maize (PV+PlantDoc) + Kaggle riceleafs,Acc,99.88,no,clean,CLEAN >=99.5 - can xem lai,Mục 3.1: 'both datasets were split into 80% for training (60% training and 20% validation) and 20% for testing'; bài không mô tả tăng cường dữ liệu.,80% train (60% train + 20% val) / 20% test cho cả hai bộ,Không tăng cường,Chỉ báo cáo training accuracy; không có accuracy trên tập test 20%,suspect,"Chỉ báo cáo độ chính xác huấn luyện, không có kết quả trên tập test; bộ Corn-or-Maize có bản sao tăng cường lớp GLS",r1,trung bình,L3+L5,main,,
REP-0484,rep0484,2026,both,CLDD (PV corn) + RLDD (Kaggle 6x428),Acc,99.88,no,clean,CLEAN >=99.5 - can xem lai,"Mục II.B: 'All augmentation operations were applied only to the training dataset, while the validation and test datasets remained unchanged to ensure fair performance evaluation.'",60/20/20 train/val/test,Tăng cường SAU khi chia (chỉ train),Bảng chính là accuracy huấn luyện; test lúa chỉ 77–90% ở 4/6 lớp,clean,"Tăng cường chỉ trên train; LƯU Ý: giá trị đang mã hóa là accuracy huấn luyện, cần đổi sang accuracy test",r1,trung bình,,main,,
REP-0492,rep0492,2024,maize,Mduma & Laizer 2023 (Tanzania),Acc,99.99,yes,clean,CLEAN >=99.5 - can xem lai,"Mục 3.2: 'After the division into training and validation sets, data augmentation techniques were applied' (rotation, scaling, flipping). Confusion matrix Fig. 16 trên 3,070 ảnh val gốc (1047 healthy, 777 MLN, 1229 MSV).","80/20 train/val: 12,274 / 3,070 (val: 1,023 healthy, 796 MLN, 1,251 MSV); không có test set riêng",Tăng cường SAU khi chia (chỉ train),99.99% mâu thuẫn confusion matrix; bộ có nhiều ảnh liên tiếp cùng cây,suspect,"Bộ Tanzania có nhiều ảnh liên tiếp cùng cây, chia ngẫu nhiên theo ảnh; không có test riêng",r1,thấp - cần xem,L2,main,,
REP-0003,rep0003,2024,rice,Sethy,Acc,98.44,yes,suspect,B - co bang chung quy trinh,"Mục VII: 'The collected, pre-processed, and augmented datasets are split 80% for training and 20% for testing and validation' (gợi ý tăng cường trước khi chia). Nhưng mục V.C nói dùng Keras ImageDataGenerator 'real-time augmentation' và mục VII cũng nói 'Data augmentation techniques such as rotation, flipping, and scaling were applied during training'. Tăng cường được dùng để cân bằng lớp (thường là offline). Mâu thuẫn, không có con số để suy luận.",80% train / 20% test+val (không nêu số tuyệt đối); test phần cứng: 30 ảnh/lớp = 120 ảnh lấy từ tập test,Không rõ,Test+val gộp 20%; mâu thuẫn tăng cường trước/sau chia; test phần cứng chỉ 120 ảnh.,suspect,Sethy chia ngẫu nhiên; mô tả có câu tăng cường trước khi chia,r1,trung bình,L2,main,,
REP-0017,rep0017,2019,rice,"self (JAAS, Nanjing)",Acc,95.83,yes,suspect,B - co bang chung quy trinh,Không tăng cường ('no special preprocessing is done'); nhưng patch 128×128 được cắt với stride 96 (chồng lấn 32 px) từ cùng ảnh gốc rồi chia ngẫu nhiên 5-fold — các patch kề nhau/cùng ảnh có thể rơi vào cả train và validation.,5-fold CV; riêng đường cong học: 10% test giữ lại + train tăng dần,Không tăng cường,"Chia 5-fold ở mức patch chồng lấn, không theo ảnh gốc; số ảnh gốc không nêu.",suspect,"Patch chồng lấn từ cùng ảnh gốc, chia 5-fold ở mức patch",r1,cao,L2,main,,
REP-0019,rep0019,2024,maize,Kaggle/OpenDataLab/PaddlePaddle corn 256×256 (PV-like),mAP50,83,unk,suspect,B - co bang chung quy trinh,"Sec 2.3 Table 1: Final Images 8640 = 2107 + 1053 + 5480; ngay sau: 'the constructed dataset of corn leaf diseases was randomly divided into training and validation sets in a 9:1 ratio' → tập validation chứa bản sao tăng cường. Tuy nhiên 'we randomly selected 100 maize leaf disease images from the publicly available dataset, ensuring that these images had not been included in the training and validation sets ... utilized as an independent test set'; Sec 3.5: các mô hình 'uniformly evaluated on the independent validation set mentioned in Section 2.3' — nhiều khả năng mAP báo cáo tính trên 100 ảnh độc lập, nhưng không nói rõ Table 3/4 lấy từ tập nào.","Bộ 8,640 ảnh (đã tăng cường) chia train/val 9:1; tập test độc lập 100 ảnh gốc công khai không nằm trong train/val",Tăng cường TRƯỚC khi chia,Val chứa ảnh tăng cường + CycleGAN; không rõ bảng kết quả tính trên val hay 100 ảnh test.,suspect,Tập validation chứa ảnh tăng cường và CycleGAN (tăng cường trước khi chia),r1,cao,L1,main,,
REP-0065,rep0065,2020,maize,"PlantVillage-corn (bản tăng cường sẵn 12,332)",Acc,98.06,yes,suspect,B - co bang chung quy trinh,"Sec 4.3: 'After the dataset split, the data augmentation technique is applied to the images' và Table 4 tham số ImageDataGenerator (rescale 1/255) → tăng cường sau chia/on-the-fly. Tuy nhiên số ảnh 4 lớp đều = 3.2× PlantVillage maize (12,332 ≈ 3852×3.2) cho thấy bộ 'gathered' là bản đã tăng cường sẵn của PlantVillage nên bản sao có thể nằm cả trong train và test.","90/10 train/test: 11,097 / 1,235; val = test",On-the-fly,"Bộ 12,332 ảnh ≈ 3.2× PlantVillage maize, nghi bản tăng cường sẵn chia ngẫu nhiên.",suspect,"Bộ PlantVillage đã tăng cường sẵn (~3,2x), chia ngẫu nhiên",r1,cao,L3,main,,
REP-0069,rep0069,2026,rice,"UCI/Kaggle vbookshelf rice (4,684 theo bài)",Acc,98.92,yes,suspect,B - co bang chung quy trinh,"Bài không mô tả tăng cường do tác giả thực hiện (chỉ nhắc Mixup/CutMix chung chung ở phần Results). Tuy nhiên mục Dataset: 'This research employs the Rice Leaf Diseases Dataset[14] ... total of 4684 labeled images' trong khi [14] là Prajapati et al. 2017 (UCI 120 ảnh) và Data availability trỏ tới Kaggle vbookshelf (120 ảnh). Số ảnh mỗi lớp ≈ 40 × 40 ảnh gốc → nhiều khả năng bộ 4.684 là bản tăng cường sẵn, chia 8:2 ngẫu nhiên sẽ đưa bản sao vào tập test.","'k fold validation as 8:2 ratios for training and testing' (không nêu k, không nêu số ảnh test)",Không rõ,"Trích dẫn bộ 120 ảnh nhưng dùng 4,684 ảnh (≈40 bản/ảnh) — nghi bộ tăng cường sẵn.",suspect,"Bộ 4.684 ảnh sinh từ UCI 120 ảnh (tăng cường sẵn), chia ngẫu nhiên",r1,cao,L3,main,,
REP-0078,rep0078,2023,maize,"self (PMAS-AAUR, Pakistan)",mAP50,99.04,yes,suspect,B - co bang chung quy trinh,"Pipeline (Section 3): bước 3 'data augmentation named flipping, rotating, scaling, and cropping was applied' trước bước 4 gán nhãn và bước 5 huấn luyện - tăng cường offline toàn tập; nhưng 3.9 lại nói 'In the original data set, 80%, and 20% of images from each class were selected to form the training set, and validation set'. Không nêu số ảnh sau tăng cường nên không kiểm chứng được thứ tự.",80/20 train/val theo lớp; val = test (không có tập test riêng),Không rõ,Tăng cường offline liệt kê trước khi chia; val dùng chọn checkpoint; không có IoU/Dice cho phân đoạn.,suspect,Tăng cường offline liệt kê trước khi chia (mô tả mâu thuẫn); val = test,r1,thấp - cần xem,L1,main,,
REP-0107,rep0107,2024,rice,"self (VNUA, Hà Nội)",mAP50,89.9,no,suspect,B - co bang chung quy trinh,"Mục 2.3.3: tăng cường YOLOv8 (hsv, translate, scale, flipud/fliplr, mosaic) 'does not create additional images ... applied during each epoch'. Tuy nhiên Mục 2.3.1 nói thu 1,634 ảnh còn Mục 2.3.2 nói dataset cuối 3,175 ảnh (~1.94x) rồi chia 2,608/326/241 – nguồn gốc số ảnh tăng thêm không được giải thích, có thể là bản sao/biến đổi offline trước khi chia.","Train 2,608 / val 326 / test 241 (test có 95 folder, 95 blast, 84 brown spot); tác giả khẳng định test không trùng train/val",On-the-fly,"1,634 ảnh thu vs 3,175 ảnh 'final' không giải thích; cải thiện chỉ +1% mAP.",unknown,1.634 ảnh thu nhưng bộ cuối 3.175 ảnh không giải thích; tăng cường on-the-fly,r1,thấp - cần xem,,main,,
REP-0130,rep0130,2025,rice,"Kaggle rice 4-class (6,763)",Acc,96.8,no,suspect,B - co bang chung quy trinh,"Mục Dataset: 'Data Augmentation: To increase the size of the training dataset... The Table 4 provides the distribution of images across the four classes before and after augmentation' (6,763 → 20,289), sau đó 'Splitting the dataset... Training set 70% (4,734), Validation 15% (1,014), Test 15% (1,015)' — số chia khớp tổng gốc 6,763 chứ không phải 20,289, nên khả năng tăng cường chỉ trên train; tuy nhiên ma trận nhầm lẫn (Fig. 10) báo 320 Healthy và 318 Leaf Blast đúng trong khi test chỉ ~270 Healthy/~233 Leaf Blast (15% của mỗi lớp) → số liệu test không nhất quán.","70/15/15 → train 4,734 / val 1,014 / test 1,015 (tổng = 6,763 ảnh gốc)",Không rõ,Ma trận nhầm lẫn vượt kích thước lớp test; mô tả dữ liệu và thí nghiệm mâu thuẫn.,unknown,Số chia khớp 6.763 ảnh gốc (test là ảnh gốc) nhưng số liệu thí nghiệm mâu thuẫn,r1,thấp - cần xem,,main,,
REP-0182,rep0182,2026,maize,PlantVillage (healthy) + unnamed secondary source,Acc,98.85,yes,suspect,B - co bang chung quy trinh,"Mục 3.2.2: 'data augmentation ... after dataset pre-processing and splitting ... After augmentation the data gets count to 14,900 images' (ngụ ý tăng cường sau khi chia). Nhưng Kết luận: 'classify maize leaf disease using fusion and single learning models with a total of 14,900 images' và mục 4.1 chỉ nói 'partitioned 80:20' + 'none of the test-image selections were utilised in training', không nêu số ảnh train/test thực tế. Không thể xác minh bằng số liệu.",80/20 train/test (val = test),Không rõ,Nguồn 3.025 ảnh bệnh không nêu; kết luận mô tả 14.900 ảnh là toàn tập,unknown,Bài nói tăng cường sau khi chia nhưng kết luận mô tả 14.900 ảnh là toàn tập; mâu thuẫn,r1,thấp - cần xem,,main,,
REP-0195,rep0195,2025,rice,"Kaggle riceleaf (bahribahri, augmented UCI 120)",Acc,99.64,yes,suspect,B - co bang chung quy trinh,"Mục 3: 'Each classes includes 4000 number of files and hence the total of 16,000 files ... split into 70:30'. Bộ bahribahri/riceleaf là bản tăng cường (xoay/lật/…) của bộ UCI 120 ảnh, nên chia ngẫu nhiên 70/30 trên 16,000 ảnh gần như chắc chắn đưa bản biến đổi của cùng một ảnh gốc vào cả train và test; tuy nhiên bài không thừa nhận điều này nên chỉ xếp 'Nghi ngờ' theo Addendum.",70/30 train/test random (val = test),Tăng cường TRƯỚC khi chia,Chia 70/30 trên 16.000 ảnh đã tăng cường sẵn; không có chỉ số phân đoạn,suspect,"Bộ bahribahri là bản tăng cường sẵn của UCI 120 ảnh, chia ngẫu nhiên 70/30",r1,cao,L3,main,,
REP-0198,rep0198,2024,rice,Sethy,Acc,99.6,no,suspect,B - co bang chung quy trinh,"Mục 3.1: 'Eight hundred images ... were taken from the original dataset and saved for testing. To improve the dataset, augmentation was applied to the remaining 5132 images ... The data samples were randomly divided into 80:20 ratios for training and validation' → tập test tách trước khi tăng cường (không rò rỉ vào test), nhưng tập validation được chia SAU tăng cường (bản sao xoay/lật của cùng ảnh có ở cả train và val). Đồng thời ma trận nhầm lẫn 'testing' có 1.185 ảnh, không khớp 800 ảnh test đã mô tả → giao thức thực tế không rõ.","Mô tả 1 (mục 3.1): tách 800 ảnh test (200/lớp) trước, 5.132 còn lại tăng cường ×6 rồi chia 80/20 train/val. Mô tả 2 (mục 5): 5.132 ảnh chia 4.105 train / 1.027 val. Ma trận nhầm lẫn (Fig. 7) có 316+288+320+261 = 1.185 ảnh test (= 20% của 5.932)",Tăng cường SAU khi chia (chỉ train),Validation chia sau tăng cường; số ảnh test mâu thuẫn,suspect,Sethy chia ngẫu nhiên theo ảnh; validation chia sau tăng cường,r1,trung bình,L2,main,,
REP-0200,rep0200,2024,maize,"self (CAU Beijing, Bayannur) + online images",Acc,94,no,suspect,B - co bang chung quy trinh,"Mục 3.1.2 mô tả CutOut/CutMix/Mosaic 'during dataset construction' và 'we can effectively expand the size of the dataset', sau đó Mục 3.1.3 mới chia 7:2:1 — thứ tự văn bản gợi ý tăng cường trước khi chia, nhưng không có số liệu sau tăng cường để xác nhận; các phép CutMix/Mosaic trộn nhiều ảnh nên rủi ro cao nếu chia sau.",7:2:1 train/val/test; đồng thời 5-fold CV,Không rõ,CutMix/Mosaic mô tả trước khi chia; lớp healthy không nêu số ảnh,suspect,"CutMix/Mosaic mô tả khi xây dựng tập, trước khi chia",r1,thấp - cần xem,L1,main,,
REP-0209,rep0209,2023,rice,self (Heilongjiang Bayi Agric. Univ. + atlas scans),Acc,98.65,yes,suspect,B - co bang chung quy trinh,"Mục 4.1.2 viết 'the disease categories with a small number share in the training set are processed by random rotation, image mirroring, colour dithering and adding noise' (ngụ ý chỉ train), nhưng Bảng 2 liệt kê tổng 11.894 ảnh sau tăng cường cho MỌI lớp kể cả healthy (1.589->3.087, lớp lớn nhất), và đánh giá bằng 10-fold CV không nói rõ chia trên 4.082 ảnh gốc hay 11.894 ảnh đã tăng cường. Không có số đếm fold để suy luận.",10-fold cross-validation (không nêu số ảnh mỗi fold); val = test,Không rõ,10-fold CV có thể trên 11.894 ảnh đã tăng cường; 611 ảnh quét atlas,suspect,Bảng 2 cho thấy tăng cường mọi lớp trên toàn tập; 10-fold CV trên tập đã tăng cường,r1,trung bình,L1,main,,
REP-0224,rep0224,2026,rice,"Kaggle rice (2 sets merged, 1,200/class)",Acc,98.3,no,suspect,B - co bang chung quy trinh,"Mục III.A: 'data augmentation was applied exclusively to the training set using TensorFlow's ImageDataGenerator... No augmentation was performed on validation or test sets to prevent data leakage' -> quy trình của tác giả sạch. Tuy nhiên dữ liệu là tập Kaggle lúa (các lớp Brown Spot/Leaf Blast/Leaf Scald/Tungro) vốn được biết là chứa nhiều bản sao tăng cường của một số ít ảnh gốc, nên chia ngẫu nhiên theo ảnh vẫn có thể đưa bản sao vào tập test (quy tắc Addendum về tập Kaggle đã tăng cường sẵn).","Mỗi lớp 1,000 train-pool / 200 test; train-pool chia 80/20 -> train 4,000 / val 1,000 / test 1,000; lặp 5 seed",Tăng cường SAU khi chia (chỉ train),Quy trình sạch nhưng tập Kaggle có thể chứa ảnh tăng cường sẵn,suspect,Quy trình tác giả sạch nhưng bộ Kaggle lúa 4 lớp nghi chứa bản sao tăng cường sẵn,r1,thấp - cần xác minh nguồn,L3,main,,
REP-0249,rep0249,2022,rice,"self (Chhattisgarh, India; video frames)",Acc,96.88,yes,suspect,B - co bang chung quy trinh,"Không dùng tăng cường. Tuy nhiên mục 2.1: ảnh là khung hình trích từ video 10-30 giây cho mỗi bệnh ('Video to frame conversion ... dataset of 1500 images'), rồi chia ngẫu nhiên 90-10 (Bảng 6, mục 3.3) -> các khung hình gần trùng lặp của cùng một cảnh quay rất có thể nằm cả ở train và validation.",90/10 train/validation cho HCNN (không có tập test riêng); SegNet: không nêu,Không tăng cường,Khung hình video gần trùng chia ngẫu nhiên; phân đoạn DL không nhắm vết bệnh,suspect,"Khung hình trích từ video, chia ngẫu nhiên theo khung hình",r1,cao,L2,main,,
REP-0311,rep0311,2020,rice,Kaggle rice-diseases-image-dataset (minhhuy2810),Acc,96.6,yes,suspect,B - co bang chung quy trinh,"Mục I: 'The augmentation process is then applied to the dataset to reduce overfitting problem. The proposed CNN classifier is then applied to classify the dataset' và mục V: 'training process is based on all images in dataset containing original and augmented images' – tăng cường được mô tả áp lên toàn bộ dữ liệu, không nói chỉ tập train; không nêu số ảnh sau tăng cường. Testing accuracy (96.60%) cao hơn training accuracy (93.60%) – bất thường, phù hợp với việc tập test chứa bản tăng cường.",50:50 và 70:30 train/test ngẫu nhiên,Không rõ,Tăng cường áp lên toàn bộ dữ liệu; test acc cao hơn train acc,suspect,Tăng cường áp lên toàn bộ dữ liệu trước khi chia,r1,cao,L1,main,,
REP-0334,rep0334,2022,rice,Kaggle rice leaf (4 cls) + GAN samples,Acc,96,unk,suspect,B - co bang chung quy trinh,"Mục Materials: 'some training samples were generated using the Gan network and added to the dataset' rồi Table 2 tổng 2,988 ảnh, chia 2,092/896 (=2,988) → ảnh GAN nằm trong pool trước khi chia; tăng cường hình học theo Table 3 là tham số ImageDataGenerator (random rotation/zoom/shift/shear) áp dụng ngẫu nhiên khi huấn luyện.","0.7:0.3: train 2,092 / test 896; phân loại báo cáo theo 5-fold CV và Bootstrap",On-the-fly,Ảnh GAN thêm vào pool trước khi chia; kết quả 5-fold CV,suspect,Ảnh GAN thêm vào tập trước khi chia,r1,cao,L1,main,,
REP-0339,rep0339,2026,maize,Kaggle Corn-or-Maize (PV+PlantDoc),Acc,99.4,yes,suspect,B - co bang chung quy trinh,"Mục II: 'Initially, the Gray Leaf Spot class contained only 574 images... augmentation ... applied exclusively to the Gray Leaf Spot class, increasing its sample size to 1146... The augmentation was not performed in this study but was already included in the published dataset'; sau đó chia ngẫu nhiên 80/20 trên 4,188 ảnh → bản sao tăng cường GLS có thể nằm cả hai tập.","80/20 (3,349 train / 837 test); val = test",Không tăng cường (bộ Kaggle đã chứa bản sao tăng cường lớp GLS trước khi chia),Bộ Kaggle đã tăng cường sẵn lớp GLS trước khi chia,suspect,"Bộ Corn-or-Maize chứa sẵn bản sao tăng cường lớp GLS, chia ngẫu nhiên",r1,cao,L3,main,,
REP-0346,rep0346,2022,maize,CD&S + PlantDoc + GitHub + Baidu crawl,Acc,98.47,no,suspect,B - co bang chung quy trinh,"Mục 2.1: chia 8:1:1; Mục 2.1/3.1: KeepAugment là tăng cường online theo batch (không rò rỉ). Mục 3.4: 'we algorithmically added rain, fog, and stronger sunlight effects to the images... Data augmentation expanded the number of images to twice the original' – không nói áp dụng trước hay sau chia; kết quả tiêu đề 98.47% dựa trên tập nhân đôi này.",8:1:1 train/val/test,On-the-fly (KeepAugment) cho kết quả 97.85%; tăng cường mô phỏng mưa/sương/nắng offline nhân đôi dữ liệu cho kết quả 98.47% – thứ tự với phép chia không nêu,"97.85% (tăng cường online) sạch; 98.47% dùng nhân đôi offline, thứ tự chia không rõ",unknown,"Kết quả chính dùng tập nhân đôi offline, thứ tự chia không rõ (bản on-the-fly 97,85% là sạch)",r1,trung bình,,main,,
REP-0349,rep0349,2025,maize,PlantVillage + PlantDoc corn,Acc,98.75,unk,suspect,B - co bang chung quy trinh,"Mục 2.2 và Bảng 1 cân bằng toàn bộ tập (mỗi lớp 983→5,898 v.v.) 'we applied the following processing methods to each image', nói 'expanded the size and diversity of the training set' nhưng không nêu thứ tự chia; không có số train/test nên không kiểm chứng được.",Không nêu tỷ lệ/số lượng train/test cho tập ngô; tập lúa 40 train / 10 test mỗi lớp,Không rõ,Cân bằng lớp trên toàn bộ tập trước khi chia; không nêu tỷ lệ chia,suspect,Cân bằng lớp bằng tăng cường trên toàn tập trước khi chia,r1,trung bình,L1,main,,
REP-0353,rep0353,2025,rice,Kaggle bahribahri/riceleaf,Acc,99.13,yes,suspect,B - co bang chung quy trinh,"Mục 3.4: 'On-the-fly image augmentation … applied dynamically to each mini-batch during training, rather than pre-processing and storing augmented images beforehand'; Table 3 chia 3,200/800 mỗi lớp. Tuy nhiên bộ Kaggle với đúng 4,000 ảnh/lớp (kể cả leaf smut) rất có thể là bản đã tăng cường offline của tập gốc nhỏ (UCI 40 ảnh/lớp), khi chia ngẫu nhiên sẽ có bản sao giữa train/test – bài không kiểm tra.","80/20 theo lớp: 3,200 train / 800 test mỗi lớp (12,800 / 3,200)",On-the-fly,"Bộ Kaggle 4,000 ảnh/lớp khả năng đã tăng cường sẵn từ tập UCI nhỏ",suspect,"Bộ bahribahri tăng cường sẵn từ UCI, chia ngẫu nhiên",r1,cao,L3,main,,
REP-0356,rep0356,2022,maize,self (Hunan) + CSDN/Digipathos/GitHub,Acc,97.43,yes,suspect,B - co bang chung quy trinh,Mục 3.1/Bảng 2: toàn bộ tập được mở rộng 8x (mỗi lớp 107→856 ...) trước khi mô tả chia; mục 4.3.2: 'used 80% of the datasets to train ... validated them with 20% of the datasets' — không nói rõ chia trên ảnh gốc hay ảnh đã tăng cường; Fig 1 flowchart: 'data enhancement' rồi mới đến mạng.,80/20 (train/val = test); không nêu số ảnh cụ thể; đo lặp 10 lần,Không rõ,Tăng cường 8x trên toàn tập trước khi chia; ~107–150 ảnh gốc/lớp,suspect,Tăng cường 8x toàn tập trước khi chia,r1,cao,L1,main,,
REP-0361,rep0361,2024,rice,Sethy,Acc,99.75,yes,suspect,B - co bang chung quy trinh,Mục 3.3: 'the training and test datasets were first augmented using the Keras Image Data Generator' và 'The generated images are mixed with the original dataset' — không nêu ảnh tổng hợp chỉ vào train hay cả validation; không có số lượng train/val; kết quả 99.75% với tăng cường không nêu thứ tự.,Không nêu tỷ lệ; chỉ báo 'validation accuracy' (val = test),Không rõ,Ảnh DCGAN trộn vào tập trước khi chia; chỉ validation acc; bài sơ lược,suspect,Sethy; ảnh DCGAN trộn vào tập trước khi chia,r1,cao,L1+L2,main,,
REP-0377,rep0377,2021,rice,UCI rice leaf + Kaggle vbookshelf (+local),Acc,92.86,no,suspect,B - co bang chung quy trinh,"Mục V.C: 'Keras ImageDataGenerator... rotating the training images in a range of 15 degrees... Rescale images is the only common preprocessing technique taken part in both training and testing dataset' → tăng cường chỉ trên generator train, test chỉ rescale. Tuy nhiên nguồn dữ liệu khai báo (UCI + Kaggle vbookshelf) chỉ có 120 ảnh/3 lớp trong khi bài dùng 984 ảnh/5 lớp (216 ảnh Leaf Smut so với 40 ảnh gốc UCI) → khả năng tập 984 chứa bản sao/biến thể của cùng ảnh gốc, chia ngẫu nhiên có thể rò rỉ.",Train+Val 844 / Test 140 (28 ảnh/lớp) — Bảng II,On-the-fly,UCI 120 ảnh không thể sinh 984 ảnh 5 lớp; test nhỏ; leaf smut F1 = 1.0,suspect,Nguồn khai báo UCI 120 ảnh nhưng dùng 984 ảnh (bản tăng cường sẵn),r1,trung bình,L3,main,,
REP-0390,rep0390,2024,rice,self (Tamil Nadu) + Kaggle riceleafs/UCI/Sethy,Acc,92.02,unk,suspect,B - co bang chung quy trinh,"Mục 3.1: 'The training and test dataset for the MobileNet, ResNet152, and OSPS-MicroNet models consisted of 7,000 pre-processed images'; Mục 4: 'The training dataset consisted of ∼7,000 images'; Algorithm 1: 'Input: D={X} //7000 images... for each image xi in the dataset X' → không mô tả tập test giữ riêng; kết luận: 'After training on a dataset of around 7,000... achieved an accuracy of 92.02%'. Không có ma trận nhầm lẫn hay số ảnh test.","không rõ – không nêu tỉ lệ chia; 'training and test dataset... consisted of 7,000 pre-processed images'; Algorithm 1 huấn luyện trên toàn bộ 7,000 ảnh",Không tăng cường,Không nêu tỉ lệ chia; có thể đo trên chính dữ liệu huấn luyện,suspect,Không có tập test giữ riêng; huấn luyện và đánh giá trên cùng 7.000 ảnh,r1,cao,L5,main,,
REP-0419,rep0419,2025,rice,self (Shanghai + web); Sethy aux,mAP50,77.8,no,suspect,B - co bang chung quy trinh,"Mục 'Data set construction': 'The data set was divided into training, validation, and test groups in a 7:2:1 ratio... the original images were processed with transformations flipping and rotation... brightening, dark, salt noise and Gaussian noise... the data set was expanded to 20,129 images. Finally, the composition of the data set is presented in Table 2' – Bảng 2 (train/val/test) cộng đúng 20,129, tức tập val/test cũng gồm ảnh tăng cường; bài nói chia trước rồi tăng cường nhưng không khẳng định tăng cường tách theo từng tập.",7:2:1 train/val/test,Không rõ,"Val/test chứa ảnh tăng cường (20,129); không nêu số ảnh gốc",suspect,Tập val/test chứa ảnh tăng cường,r1,trung bình,L4,main,,
REP-0443,rep0443,2021,rice,Kaggle bahribahri/riceleaf (UCI-derived),Acc,99.2,yes,suspect,B - co bang chung quy trinh,"Tác giả không tăng cường, nhưng mục 3.3.1: 'Out of 4000 images of brown spot only 3008 good quality images are acquired by removing duplicate and dull images' cho thấy bộ nguồn chứa ảnh trùng lặp; bộ Kaggle 4.000 ảnh/lớp là phiên bản tăng cường của bộ UCI (40 ảnh/lớp) nên chia 80/20 ngẫu nhiên sẽ có bản biến thể của cùng ảnh gốc ở cả train và validation.",80/20 train/validation theo lớp (3.200/800; 2.406/602; 789/197); không có tập test độc lập,Không tăng cường,Bộ Kaggle là bản tăng cường sẵn của UCI 120 ảnh; chỉ 1 bệnh,suspect,"Bộ bahribahri tăng cường sẵn từ UCI, chia ngẫu nhiên; không có test riêng",r1,cao,L3+L6,main,,
REP-0462,rep0462,2026,rice,BanglaRiceLeaf,Acc,99.76,no,suspect,B - co bang chung quy trinh,"Mục 4.3: 'the dataset was divided into training, validation, and testing subsets using an 80:10:10 ratio. Prior to splitting, the data were randomly shuffled' – không tăng cường. Tuy nhiên mục 4.1: 'multiple images of the same affected leaf were intentionally taken from different angles, orientations, distances, and lighting conditions' và chia ngẫu nhiên theo ảnh (không theo lá) → ảnh gần trùng của cùng một lá có thể nằm ở cả train và test.","80/10/10 ngẫu nhiên, phân tầng theo lớp",Không tăng cường,Nhiều ảnh cùng một lá chia ngẫu nhiên theo ảnh → nghi rò rỉ mềm,suspect,"Nhiều ảnh cùng một lá chụp nhiều góc, chia ngẫu nhiên theo ảnh",r1,trung bình,L2,main,,
REP-0466,rep0466,2022,maize,"self (Anhui, China) + PlantVillage",Acc,98.7,yes,suspect,B - co bang chung quy trinh,"Mục Data Processing: 'data augmentation techniques are separately applied to each image, with a certain probability during model training online... used only in training, not testing' (RandomFlip, ColorJitter, Cutmix, Mixup). Tuy nhiên mục Data Collection: 'the same leaf will be photographed more than once to get 1–6 images', và việc chia 3:1 theo ảnh không nói chia theo lá/cây → nhiều ảnh cùng một lá có thể nằm cả train và val.","train/val 3:1 (5,969 / 1,750; val 500/lớp, GLS 250); val = test; thêm thí nghiệm 9 tỷ lệ train-val 10–90 → 90–10",On-the-fly,1–6 ảnh/lá chia ngẫu nhiên theo ảnh; GLS chỉ từ PlantVillage (thiên lệch nguồn),suspect,"Mỗi lá 1-6 ảnh, chia ngẫu nhiên theo ảnh",r1,trung bình,L2,main,,
REP-0478,rep0478,2023,maize,"Kaggle corn leaf (unnamed, 9,165)",Acc,99.08,yes,suspect,B - co bang chung quy trinh,"Bài không mô tả tăng cường dữ liệu (chỉ crop/resize 256x256). Tuy nhiên Mục 3.6: 'the amount of data used is 9165 data obtained from training data and valid data' – ma trận nhầm lẫn và độ chính xác 9128/9165 = 0.995 được tính trên toàn bộ dữ liệu gồm cả tập train. Ngoài ra số lượng ~2,000+ ảnh/lớp của bộ Kaggle lớn hơn nhiều PlantVillage corn gốc (513 GLS, 1,192 rust, 985 NLB, 1,162 healthy) nên khả năng bộ Kaggle đã chứa bản sao tăng cường được chia ngẫu nhiên.","80/20 train/validation (7,332 / 1,833); val = test",Không tăng cường,Nghi bộ Kaggle đã tăng cường sẵn; số 99.5% tính cả tập train,suspect,Độ chính xác tính trên toàn bộ dữ liệu gồm cả tập train,r1,cao,L3+L5,main,,
REP-0480,rep0480,2024,maize,"'PlantVillage' (unclear, several sources)",Acc,87.51,yes,suspect,B - co bang chung quy trinh,"Mục 3.1: 'we have performed data augmentation to increase the dataset and make it balanced (Table 1)' – tăng cường offline cân bằng lớp lên ~2,000 ảnh/lớp trước khi nhắc tới bất kỳ phép chia nào; mục 3.4 lại mô tả RandomFlip/ColorJitter/Cutmix 'during online model training'. Không có câu nào nêu thứ tự chia–tăng cường, không có số lượng tập validation.",Không nêu tỉ lệ/số lượng train/val; chỉ báo 'validation accuracy' (val = test),Không rõ,Tăng cường offline cân bằng lớp trước khi chia (không rõ); nguồn dữ liệu mâu thuẫn,suspect,Tăng cường offline cân bằng lớp trước khi chia; không có test riêng,r1,thấp - cần xem,L1,main,,
REP-0485,rep0485,2022,maize,PlantVillage-corn + CD&S,Acc,97.77,no,suspect,B - co bang chung quy trinh,"Mục II.C: 'The training set was augmented by rescaling, rotating, shifting, zooming, and flipping the images using Keras' – tăng cường chỉ trên train. Tuy nhiên mục II.B: 300 ảnh/lớp được cắt SLIC thành super-pixel rồi 'splitting the data using the different training:testing ratios' – chia ngẫu nhiên ở mức super-pixel, nên các super-pixel (patch không chồng lấn) của cùng một ảnh lá có thể nằm cả trong train và test.","Chia ở mức super-pixel: train:test 90:10, 80:20, 70:30, 60:40, 50:50; 30% train dùng làm validation",On-the-fly,"Chia ở mức super-pixel, không theo ảnh nguồn → nghi rò rỉ",suspect,"Chia ở mức super-pixel, không theo ảnh nguồn",r1,cao,L2,main,,
REP-0487,rep0487,2024,rice,Sethy + Paddy Doctor,Acc,99,unk,suspect,B - co bang chung quy trinh,"Phần Methodology: 'standard image augmentation techniques were applied to a deliberately chosen imbalanced dataset'; phần Results: 'This training adopted a balanced dataset enhanced through double augmentation' – tăng cường offline để cân bằng lớp, không nêu chia trước hay sau; chỉ nói '30 images from each class were randomly selected from the test dataset, distinct from the training set'. Không có số lượng train/val/test.","Không nêu tỉ lệ chia; có 'test dataset, distinct from the training set'; kiểm tra phần cứng 30 ảnh/lớp (120 ảnh với 4 lớp)",Không rõ,Không nêu tỉ lệ chia; tăng cường offline cân bằng lớp không rõ thứ tự,suspect,"Sethy; tăng cường offline cân bằng lớp, không nêu thứ tự chia",r1,trung bình,L1+L2,main,,
REP-0495,rep0495,2025,rice,"self (5 regions, Tanzania)",mAP50,94.6,yes,suspect,B - co bang chung quy trinh,"Mục 3.2/3.4: augmentation là random resize (MIN_SIZE_TRAIN 600/800/1000), rotation, scaling, color jitter của Detectron2 áp dụng trong lúc train (on-the-fly), test resize cố định 672 → không rò rỉ do augmentation. Tuy nhiên mục 3.1 chia 80/20 theo 'labeled instances' chứ không theo ảnh, nên instance của cùng một ảnh có thể nằm ở cả train và val; không có test set tách biệt (Table 3 đánh giá trên tập val).","80/20 train/val theo instance: 1,273 / 316 instances; val dùng làm 'unseen test set'",On-the-fly,"Chia 80/20 theo instance, không theo ảnh; không nêu số ảnh gốc",suspect,"Chia theo instance, không theo ảnh",r1,cao,L2,main,,
REP-0543,rep0543,2025,rice,"self (Sanya, Hainan, wild rice)",mAP50,96.3,no,suspect,B - co bang chung quy trinh,"Mục Dataset construction: 'After dividing the dataset into training, validation, and testing subsets at an 8:1:1 ratio, data augmentation was performed ... Ultimately, 7 100 images ... 5 680 for training, 710 for validation, and 710 for testing'. Chia trước, tăng cường sau nên không lẫn giữa train/test; nhưng tập test 710 ảnh chứa bản sao tăng cường của 142 ảnh gốc, và các ảnh 1–12 lá được cắt từ ảnh chụp gốc nên các mảnh cùng ảnh nguồn có thể rơi vào cả hai tập.","8:1:1 trên 1,420 ảnh gốc, sau đó tăng cường từng tập ×5 → 5,680 / 710 / 710",Tăng cường SAU khi chia (chỉ train),Tập test chứa ảnh tăng cường (710 từ 142 gốc); mảnh cắt cùng ảnh nguồn,suspect,Tập test chứa bản tăng cường (710 ảnh từ 142 ảnh gốc); mảnh cắt cùng ảnh nguồn,r1,trung bình,L2+L4,main,,
REP-0827,rep0827,2024,maize,CMLset (PV + PlantDoc),Acc,97.45,unk,suspect,B - co bang chung quy trinh,"Sec. 3.2: 'we applied various image augmentation techniques to the training images' và Sec. 4.1 'We used an image flip method to augment training data', NHƯNG Table 1 liệt kê 'Enhanced number' = đúng 4x số ảnh gốc của TOÀN BỘ mỗi lớp (4,188→16,752), tức toàn bộ tập được tăng cường trước khi chia 8:2 (nếu chỉ tăng train thì tổng phải là 3.4x). Không có số ảnh train/test để kết luận chắc.",80/20 train/test ngẫu nhiên (không nêu số ảnh mỗi tập; val = early stopping),Không rõ,"Table 1 tăng cường 4x toàn bộ tập, mâu thuẫn mô tả chỉ tăng train",suspect,Bảng 1 cho thấy tăng cường 4x toàn tập trước khi chia,r1,cao,L1,main,,
REP-0973,rep0973,2023,rice,"self (Heilongjiang, China) + unnamed public",Acc,98.21,no,suspect,B - co bang chung quy trinh,"Mục 3.3: 'We first divided the dataset into training, validation, and testing sets in a ratio of 6:2:2 and then conduct augmentation.' Tuy nhiên mục 4.1: '300 samples each of rice diseases ... participated in test' (1,200 ảnh test = 20% của 6,000 đã tăng cường, trong khi 20% ảnh gốc chỉ ~483) -> tập test cũng gồm ảnh tăng cường; nếu tăng cường từng phần riêng thì không rò rỉ train-test nhưng số liệu test bị lạm phát.","6:2:2 trước tăng cường (văn bản); tập test cuối 300 ảnh/lớp = 1,200 ảnh; 10-fold CV ở giai đoạn 1",Tăng cường SAU khi chia (chỉ train),"Tập test 1,200 ảnh chứa ảnh tăng cường → kết quả có thể lạm phát",suspect,Tập test chứa ảnh tăng cường,r1,trung bình,L4,main,,
REP-0169,rep0169,2023,rice,"self (Patiala, India) + Mendeley + GitHub",Acc,97,yes,clean,THEM - nhat quan quy tac Sethy,"Mục 3.2: 'After pre-processing, the whole dataset was divided into test sets and training sets in the ratio of 20:80'; không mô tả bất kỳ kỹ thuật tăng cường nào (chỉ normalize/resize).",80:20 train/test,Không tăng cường,Chỉ một bệnh (đạo ôn); nhãn mức độ gán thủ công; số ảnh mâu thuẫn,suspect,Có ảnh Mendeley (nghi Sethy) chia ngẫu nhiên 80/20 theo ảnh; nguồn chưa rõ,r1,thấp - cần xác minh nguồn,L2,main,,
REP-0476,rep0476,2023,rice,Sethy,Acc,97.47,no,clean,THEM - nhat quan quy tac Sethy,"Mục 2 và Fig. 1: chia tập trước (bước 2), rồi 'training data and validation data will go through a data augmentation process' (bước 3) bằng Keras ImageDataGenerator (horizontal_flip, zoom 0.2, shear 0.2); tập test đưa thẳng vào mô hình đã huấn luyện. Table 3 support test = 148+149+148+148 = 593 khớp 10%.","80/10/10: train 4,746 / val 593 / test 593",On-the-fly,Backbone đóng băng; bộ Sethy có nhiều ảnh gần trùng,suspect,"Sethy chia ngẫu nhiên theo ảnh, không chia theo lá (bộ có nhiều ảnh chụp lặp cùng lá); tăng cường on-the-fly sau chia",r1,trung bình,L2,main,,
REP-0061,rep0061,2024,maize,Kaggle Corn/Maize (PV+PlantDoc),Acc,94.67,yes,clean,THEM - nhat quan quy tac Corn-or-Maize,"Section 3: 'dataset contained 4,188 total images ... divided randomly into 70% (2,930 images) for training and 30% (1,258 images) for testing'; tiền xử lý thực tế chỉ 'resizing the images and normalizing the data'. Tổng ma trận nhầm lẫn train = 2,930 và test = 1,258 khớp số ảnh gốc, không có tăng cường.","70/30 ngẫu nhiên: train 2,930 / test 1,258",Không tăng cường,"Chỉ train/test, 10 epoch; bộ Kaggle gộp PV nên có thể ảnh gần trùng.",suspect,"Bộ Corn-or-Maize có sẵn bản sao tăng cường lớp GLS, chia ngẫu nhiên không khử trùng; 70/30",r1,trung bình,L3,main,,
REP-0325,rep0325,2024,rice,Sethy,Acc,99,yes,clean,THEM - nhat quan quy tac Sethy,"Mục 2 và 2.1: chỉ resize ảnh, không mô tả tăng cường; 'The training set consists of 4746 images... The test set contains 1186 images. These images, which are distinct from the training set'. 4746+1186 = 5932 = số ảnh gốc.","80/20: train 4,746 / test 1,186 (Bảng 2 gọi 1,186 là validation set)",Không tăng cường,Tập test kiêm validation; Sethy nhiều ảnh gần trùng,suspect,"Sethy chia ngẫu nhiên theo ảnh, không chia theo lá (bộ có nhiều ảnh chụp lặp cùng lá); tập test kiêm validation",r1,trung bình,L2,main,,
REP-0421,rep0421,2024,rice,Sethy,Acc,98.08,unk,clean,THEM - nhat quan quy tac Sethy,"Mục 2 Materials and Methods chỉ mô tả bilateral filter, resize 128x128, one-hot; không có bước tăng cường dữ liệu nào. Mục 2.5: 'After encoding, the dataset was split into training, validation, and test sets... 70%... validation and test sets were split equally'.",70/15/15 (Mục 2.5); Kết luận lại ghi 70/20/10 – mâu thuẫn,Không tăng cường,Tỷ lệ chia mâu thuẫn (70/15/15 vs 70/20/10); CNN rất nông,suspect,"Sethy chia ngẫu nhiên theo ảnh, không chia theo lá (bộ có nhiều ảnh chụp lặp cùng lá); tỷ lệ chia mâu thuẫn",r1,trung bình,L2,main,,
REP-0720,rep0720,2024,maize,Kaggle corn-or-maize (PV+PlantDoc); +WG-MARNet,Acc,97.15,no,clean,THEM - nhat quan quy tac Corn-or-Maize,"Mục 3.2: 'the data will be read and then divided into three parts: training, testing, and validation ... 60/20/20. The next step is data transformation, which includes operations such as rotating, resizing, applying Gaussian blur' – biến đổi torchvision áp dụng sau khi chia; số ảnh test (811 = 20% của ~4,055; 1,038 ≈ 20% của 5,155) khớp với số ảnh gốc, không phải số đã tăng cường.","60/20/20 (train 2,511 và 3,089; test 811 và 1,038)",On-the-fly,"Bộ Kaggle PV+PlantDoc có ảnh trùng, bài không lọc",suspect,"Bộ Corn-or-Maize có sẵn bản sao tăng cường lớp GLS, chia ngẫu nhiên không khử trùng; tăng cường sau chia",r1,trung bình,L3,main,,
REP-0186,rep0186,2025,rice,Kaggle rice 3-class (cited as Sethy; UCI-like classes),Acc,95,yes,clean,THEM - nhat quan quy tac Sethy,"Mục 3.2: 'all training images were enhanced using rotation and flip (x6)'; Table 2 tách rõ cột Original 3,118 / Training 2,494 / Augmentation 14,964 / Testing 624 – tập test không nhân 6. Câu 'After that, the dataset was divided' viết ngược nhưng số liệu bảng cho thấy chỉ train được tăng cường.","80/20: train 2,494 (→14,964 sau tăng cường) / test 624 (Table 2); Table 3 lại ghi 780 ảnh val; ma trận nhầm lẫn 780 mẫu",Tăng cường SAU khi chia (chỉ train),Số ảnh test và lớp không khớp nguồn trích dẫn (Sethy 4 lớp),suspect,Bộ Kaggle 3 lớp ghi là Sethy nhưng giống bản dẫn xuất UCI; chia ngẫu nhiên,r1,thấp - cần xác minh nguồn,L3,main,,
REP-0351,rep0351,2025,maize,Kaggle Corn-or-Maize (PV+PlantDoc),Acc,97.44,unk,clean,THEM - nhat quan quy tac Corn-or-Maize,"Mục III.B: 'The dataset was split into training and test sets, with augmentation applied exclusively to the training set, ensuring that the test set remained untouched'; III.D: 'Augmentation was selectively applied to the training data, while the test data remained unaltered' (Albumentations offline: rotation, flip, brightness/contrast, motion blur, grid distortion; Algorithm 1 chỉ nhận Dtrain).","train/test (tỷ lệ và số tuyệt đối trong Table 1, không trích xuất được)",Tăng cường SAU khi chia (chỉ train),Số ảnh gốc/sau tăng cường không trích xuất được,suspect,"Bộ Corn-or-Maize có sẵn bản sao tăng cường lớp GLS, chia ngẫu nhiên không khử trùng; tăng cường chỉ trên train",r1,trung bình,L3,main,,
REP-0414,rep0414,2025,rice,"Sethy + Kaggle healthy (1,488)",Acc,99,yes,clean,THEM - nhat quan quy tac Sethy,"Mục IV.B: 'The dataset was divided into training and testing sets, with 80% allocated for training and 20% reserved for testing'; Kết luận: 'In future work, we will incorporate data augmentation' – tức không dùng tăng cường.",80/20 train/test (không có tập validation riêng),Không tăng cường,Không có val; Sethy nhiều ảnh gần trùng; bản submitted,suspect,"Sethy chia ngẫu nhiên theo ảnh, không chia theo lá (bộ có nhiều ảnh chụp lặp cùng lá); không có validation",r1,trung bình,L2,main,,
REP-0447,rep0447,2025,rice,Sethy,F1,98.13,no,clean,THEM - nhat quan quy tac Sethy,"Mục 3.3: 'the dataset was divided into 80% for training (including 20% for validation) and 20% for testing per disease class ... data augmentation ... flipping, cropping, rotating, and color jittering the training data samples' – tăng cường sau khi chia, chỉ trên train.",80/20 theo lớp: train 4.747 (gồm 20% validation) / test 1.185 (316/288/320/261),Tăng cường SAU khi chia (chỉ train),Không báo cáo accuracy tổng; ảnh giảm 128x128,suspect,"Sethy chia ngẫu nhiên theo ảnh, không chia theo lá (bộ có nhiều ảnh chụp lặp cùng lá); tăng cường chỉ trên train",r1,trung bình,L2,main,,
REP-0451,rep0451,2025,maize,"self (Tigray, Ethiopia) + Kaggle corn-or-maize",Acc,99.15,no,clean,THEM - nhat quan quy tac Corn-or-Maize,"Mục 3.6: 'we applied on-the-fly data augmentation at training time with random horizontal flip, rotation up to 20 degrees...'; Mục 3.7: '85%... training and validation, while the other 15% was reserved as an independent test set'; 2,399 = 15% x 15,995 khớp số gốc.","85/15 (train+val / test độc lập); 5-fold CV stratified trên 85%; test 2,399 ảnh",On-the-fly,Không tách số ảnh thực địa/Kaggle; chia ngẫu nhiên theo ảnh,suspect,"Bộ Corn-or-Maize có sẵn bản sao tăng cường lớp GLS, chia ngẫu nhiên không khử trùng (phần Kaggle trộn với ảnh tự thu)",r1,thấp - cần xem,L3,main,,
REP-0477,rep0477,2025,rice,"Sethy; Kaggle rice-leafs-disease (2,627)",Acc,98.87,no,clean,THEM - nhat quan quy tac Sethy,"Mục Dataset: '70% of the dataset was utilized for training, 10% for validation, and the remaining 20% was used for testing'; Kaggle '1,840 training, 525 testing, 262 validation' cộng đúng 2,627 ảnh gốc. Không có bước tăng cường trong huấn luyện; nhiễu/độ sáng/blur chỉ dùng để kiểm tra bền vững (Fig. 4).","Mendeley 70/10/20 (train/val/test); Kaggle 70/20/10 (1,840/525/262)",Không tăng cường,Phân đoạn GWKDC không phải DL; nhãn phân đoạn không rõ nguồn,suspect,"Sethy chia ngẫu nhiên theo ảnh, không chia theo lá (bộ có nhiều ảnh chụp lặp cùng lá) (phần Mendeley)",r1,trung bình,L2,main,,
REP-0519,rep0519,2025,rice,"5 public sets (UCI, Sethy-Kaggle, minhhuy2810, ...)",Acc,83.14,unk,clean,THEM - nhat quan quy tac Sethy,"Mục 4.4.2: 'In each fold, the data from all farms were split such that 80% were used for training and 20% were held out as a test set. These test sets were kept completely disjoint from the training data'. Không mô tả tăng cường dữ liệu.","5-fold CV phân tầng, mỗi fold 80% train / 20% test theo từng farm",Không tăng cường,Học liên kết; tổng số ảnh không nhất quán giữa các bảng,suspect,"Gồm bộ UCI dẫn xuất và Sethy-Kaggle, chia ngẫu nhiên 80/20 trong từng nguồn",r1,thấp - cần xem,L2+L3,main,,
REP-0106,rep0106,2026,maize,CD&S + COMLDD (PV+PlantDoc) + self (Kenya),Acc,99.15,no,clean,THEM - nhat quan quy tac Corn-or-Maize,"Mục 4.2.1: 'Images in each class in the COMLDD dataset were randomly split into 70%... 15%... 15%. After data splitting, we performed data augmentation for every class in all dataset partitions' – tăng cường offline sau khi chia, áp dụng riêng trong từng phân vùng (Bảng 9 liệt kê Test Set Original/Augmented), không chéo phân vùng. CD&S và Primary: 'random online data augmentation... for the training sets' (flip, rotation, noise, blur, color jitter).","70/15/15 ngẫu nhiên theo lớp cho cả 3 bộ; test CD&S 234 ảnh, COMLDD 1,428 (đã tăng cường; bài nói 1,488), Primary ~464",Tăng cường SAU khi chia (chỉ train),"Test COMLDD gồm bản tăng cường của chính ảnh test; seed cố định, không lặp.",suspect,"Bộ Corn-or-Maize có sẵn bản sao tăng cường lớp GLS, chia ngẫu nhiên không khử trùng (COMLDD); tập test gồm bản tăng cường của chính ảnh test",r1,trung bình,L3+L4,main,,
REP-0370,rep0370,2026,maize,Kaggle Corn-or-Maize (PV+PlantDoc),Acc,96.21,no,clean,THEM - nhat quan quy tac Corn-or-Maize,"Mục 'Implement details': 'the dataset was randomly divided into training, validation, and test sets according to a 7:2:1 ratio, resulting in 2930, 836, and 422 images... Data augmentation techniques, such as Random Horizontal Flip, Random Vertical Flip, and Gaussian Blur, were applied exclusively to the training set'. Tổng 2930+836+422 = 4188 = số ảnh gốc.","7:2:1 ngẫu nhiên → 2,930 / 836 / 422 (tổng = 4,188)",Tăng cường SAU khi chia (chỉ train),"Tập test nhỏ (422 ảnh, ~57 GLS); chỉ 15 epoch",suspect,"Bộ Corn-or-Maize có sẵn bản sao tăng cường lớp GLS, chia ngẫu nhiên không khử trùng; tăng cường chỉ trên train",r1,trung bình,L3,main,,
REP-0438,rep0438,2026,maize,Kaggle corn-or-maize (PV+PlantDoc),Acc,92.74,yes,clean,THEM - nhat quan quy tac Corn-or-Maize,"Mục 2.5: 'Data preprocessing involves resizing and augmenting the data. The research dataset was divided into 80% training data and 20% testing data' – nhắc 'augmenting' nhưng không mô tả phép nào và không có số ảnh sau tăng cường; tập test 840 ảnh = 20% × 4,198 ảnh gốc (Hình 5/6) nên test không chứa bản sao tăng cường. Phần hạn chế còn đề xuất 'incorporating data augmentation techniques' cho tương lai → thực tế có thể không tăng cường.",80/20 train/test → test 840 ảnh; không có validation riêng,Không rõ,Không có tập validation riêng; chọn cấu hình theo tập test,suspect,"Bộ Corn-or-Maize có sẵn bản sao tăng cường lớp GLS, chia ngẫu nhiên không khử trùng; không có validation riêng",r1,trung bình,L3,main,,
REP-0473,rep0473,2026,maize,Kaggle corn-or-maize (PV+PlantDoc),Acc,94.85,yes,clean,THEM - nhat quan quy tac Corn-or-Maize,Mục III.A: 'The dataset was divided into training and validation data with a ratio of 80% and 20%'; bài không đề cập tăng cường dữ liệu; chỉ resize 224/299 px.,80/20 train/validation (val = test),Không tăng cường,Con số 97.67% ở tiêu đề là accuracy huấn luyện; val = test,suspect,"Bộ Corn-or-Maize có sẵn bản sao tăng cường lớp GLS, chia ngẫu nhiên không khử trùng; val = test",r1,trung bình,L3,main,,
REP-0006,rep0006,2024,maize,Kaggle Corn/Maize (PV+PlantDoc),Acc,97.0,yes,unknown,,"Sec 'Augmentation': mô tả xoay/lật/xám rồi ngay sau 'The maize leaf dataset consists of 4188 images in total, of which 80% were used for training and 20% for testing' — số 4188 là số gốc Kaggle nên không suy được số sau tăng cường hay thứ tự; SMOTE cũng được áp dụng cho ảnh nhưng không nói trước/sau chia.",80/20 train/test trên 4188 ảnh + '10-fold cross-validation' (mâu thuẫn); ma trận nhầm lẫn test chỉ có ~199 ảnh (51+62+23+55 đúng + 8 sai),Không rõ,Ma trận nhầm lẫn chỉ ~199 ảnh test; số ảnh 4188 vs 3852 mâu thuẫn.,suspect,"Bộ 4.188 ảnh = bản Kaggle Corn-or-Maize (PV+PlantDoc) có sẵn bản sao tăng cường lớp GLS; không khử trùng; 80/20, mô tả chia mâu thuẫn",r1,trung bình,L3,supplement,4188,DOI NHAN
REP-0081,rep0081,2022,maize,PlantVillage-corn,Acc,97.63,yes,clean,,"Mục 2.1: 'Validation set of standardized images is set to 0.2 with seed of 123 resulting to 3351 for training and 837 for validation'. Không tạo ảnh tăng cường; các 'bộ lọc' (grayscale, binary, Sobel, Canny, mask) được ghép thành một ảnh 180×1260×3 duy nhất cho mỗi ảnh gốc (Fig. 9) nên số mẫu không đổi; 'feeding image filters as an augmented data' chỉ là cách nói.","80/20 (3,351 train / 837 val, seed 123); val = test",Không tăng cường,Không có tập test độc lập; thiếu chi tiết huấn luyện.,suspect,"Bộ 4.188 ảnh = bản Kaggle Corn-or-Maize (PV+PlantDoc) có sẵn bản sao tăng cường lớp GLS; không khử trùng; 80/20, val = test",r1,trung bình,L3,supplement,4188,DOI NHAN
REP-0142,rep0142,2023,maize,Kaggle Corn/Maize (PlantVillage+PlantDoc),Acc,94,yes,clean,,"Mục 2.2 & 3: chỉ resize 224x224 rồi chia 70% train / 30% validation; không có bước tăng cường dữ liệu nào được mô tả. Tổng ma trận nhầm lẫn (394+165+356+341 = 1,256) ≈ 30% của 4,188.","70/30 train/validation (val = test); ma trận nhầm lẫn ~1,256 ảnh validation",Không tăng cường,Không có tập test riêng,suspect,"Bộ 4.188 ảnh = bản Kaggle Corn-or-Maize (PV+PlantDoc) có sẵn bản sao tăng cường lớp GLS; không khử trùng; 70/30, val = test",r1,trung bình,L3,supplement,4188,DOI NHAN
REP-0156,rep0156,2025,rice,Sethy + Paddy Doctor (healthy),Acc,99.15,yes,unknown,,"Mục 2 nhắc tiền xử lý gồm 'adjusting the size, enhancing, and standardizing' nhưng mục 2.1 chỉ mô tả resize 224x224 + chuẩn hoá [0,1] rồi chia 80/20 trên 7,096 ảnh; không có tăng cường hình học nào được nêu và các con số (5,676 + 1,420 = 7,096) khớp với tập gốc.","80/20 random: train 5,676 / test 1,420",Không rõ,Chia ngẫu nhiên theo ảnh trên bộ Sethy nhiều ảnh gần trùng,suspect,"Bộ Sethy chia ngẫu nhiên theo ảnh, không chia theo lá (nhiều ảnh chụp lặp cùng lá); 80/20 ngẫu nhiên 5.676/1.420",r1,trung bình,L2,supplement,7096,DOI NHAN
REP-0168,rep0168,2024,maize,PlantVillage-corn + self sensor data,Acc,99.23,yes,clean,,"Mục IV.A: 'Both datasets are separated randomly into training and testing datasets with 75-25% ratio ... training dataset contained 3,141 images ... testing dataset consisted of 1,048 images' — 3,141 + 1,048 = 4,189 ≈ 4,188 ảnh gốc, tức là chia trên ảnh gốc, không có bằng chứng ảnh tăng cường trong tập test. Câu 'rotated to 360 degrees to get more data images' mô tả cách PlantVillage được xây dựng chứ không làm tăng số ảnh được chia.","75/25 ngẫu nhiên (train_test_split): train 3,141 / test 1,048 (không có val riêng)",Không rõ,Ghép cảm biến với ảnh PlantVillage không rõ cơ chế; nên dùng số ảnh-only,suspect,Bộ 4.188 ảnh = bản Kaggle Corn-or-Maize (PV+PlantDoc) có sẵn bản sao tăng cường lớp GLS; không khử trùng; 75/25 ngẫu nhiên,r1,trung bình,L3,supplement,4188,DOI NHAN
REP-0206,rep0206,2023,maize,PlantVillage+PlantDoc corn,Acc,94.44,yes,clean,,"Mục 2.2: tăng cường (shift ±0.005, rotation 10°, horizontal_flip) bằng Keras 'ImageDataGenerator'; mục 2.5: chia 70:30 bằng train_test_split (Task 1) và flow_from_directory (Task 2). Tăng cường on-the-fly không nhân bản ảnh nên không có bản sao trong tập đánh giá.","70/30 train/test (Task 1, train_test_split random_state=314); 70/30 train/val (Task 2, ImageDataGenerator flow_from_directory); val = test",On-the-fly,"Val = test; early stopping trên chính tập validation; train acc 1,0 (overfit)",suspect,Bộ 4.188 ảnh = bản Kaggle Corn-or-Maize (PV+PlantDoc) có sẵn bản sao tăng cường lớp GLS; không khử trùng; 70/30,r1,trung bình,L3,supplement,4188,DOI NHAN
REP-0231,rep0231,2026,maize,Kaggle Corn/Maize (PlantVillage+PlantDoc),Acc,97.3,no,clean,,"Mục II.B: 'divided into 70% training, 15% validation, and 15% testing... test set kept completely independent'; không mô tả tăng cường dữ liệu, chỉ resize/normalize ('avoids over-reliance on augmentation').","70/15/15 stratified hold-out, lặp 3 seed",Không tăng cường,Bộ Kaggle gộp PV+PlantDoc có thể trùng ảnh nội tại,suspect,Bộ 4.188 ảnh = bản Kaggle Corn-or-Maize (PV+PlantDoc) có sẵn bản sao tăng cường lớp GLS; không khử trùng; chia phân tầng 70/15/15 nhưng không khử trùng,r1,trung bình,L3,supplement,4188,DOI NHAN
REP-0268,rep0268,2025,maize,Kaggle Corn/Maize (PlantVillage+PlantDoc),Acc,96,no,clean,,"Mục 5: 'Data augmentation techniques were exclusively applied to the training set... while normalisation and resizing approaches were applied to all datasets'; Mục 1: 'data augmentation procedures are only used on the trained set'; split 2,931/838/419 cộng bằng 4,188 ảnh gốc.","70/20/10 (2,931 / 838 / 419) bằng split-folders",Tăng cường SAU khi chia (chỉ train),Tập test nhỏ (419 ảnh),suspect,Bộ 4.188 ảnh = bản Kaggle Corn-or-Maize (PV+PlantDoc) có sẵn bản sao tăng cường lớp GLS; không khử trùng; tăng cường chỉ trên train nhưng bản sao có sẵn vẫn nằm ở cả hai phía,r1,trung bình,L3,supplement,4188,DOI NHAN
REP-0309,rep0309,2023,rice,Sethy,Acc,99.47,yes,unknown,,Mục 3.2: 'The dataset was split into training and testing subsets at an 80:20 proportion'; tăng cường chỉ được nhắc chung chung ('preprocessing step can involve ... augmentation') không mô tả cụ thể là có thực hiện hay không.,80/20 train/test (mục 3.2); Hình 6 ghi 80/10/10 train/val/test; không nêu số ảnh,Không rõ,Chỉ validation accuracy; ảnh 75×75 grayscale; mô tả chia không nhất quán,suspect,"Bộ Sethy chia ngẫu nhiên theo ảnh, không chia theo lá (nhiều ảnh chụp lặp cùng lá); 80/20, mô tả chia không nhất quán",r1,trung bình,L2,supplement,5932,DOI NHAN
REP-0358,rep0358,2025,maize,"Kaggle corn (PV/PlantDoc, 1,000/class)",Acc,98.0,no,clean,,"Mục 3: chia 2,560/640/800 từ 4,000 ảnh; không có bước tăng cường nào được mô tả.","train 2,560 / val 640 / test 800 (80:20 rồi 80:20)",Không tăng cường,"Nguồn dữ liệu mơ hồ; 1,000 ảnh/lớp gợi ý bộ đã cân bằng sẵn",suspect,"4.000 ảnh (1.000/lớp) lấy từ Kaggle PV/PlantDoc, nhiều khả năng là bản cân bằng của Corn-or-Maize; không khử trùng",r1,thấp - cần xác minh nguồn,L3,supplement,4000,DOI NHAN
REP-0400,rep0400,2024,rice,Paddy Doctor + Sethy,Acc,97.5,no,unknown,,"Mục 4: 'we also do the data augmentation to increase the size of dataset and to avoid over fitting problem. For normalized augmented data set ResNet50 achieved 97.50%' — không nêu thứ tự tăng cường so với chia 75/10/15, không có số ảnh sau tăng cường",75/10/15 train/val/test,Không rõ,Danh sách lớp không khớp nguồn; số ảnh nói quá; chất lượng báo cáo thấp,suspect,"Bộ Sethy chia ngẫu nhiên theo ảnh, không chia theo lá (nhiều ảnh chụp lặp cùng lá) (phần Sethy); thứ tự tăng cường không rõ",r1,thấp - cần xem,L2,supplement,30000,DOI NHAN
REP-0437,rep0437,2022,maize,PlantVillage-corn,Acc,98.2,yes,clean,,Mục 4.1: 'the dataset has 4188 images in total... We randomly split the data into 80% for training and 20% for the evaluation stage'; Mục 4.2 không mô tả bất kỳ tăng cường nào (chỉ resize 224x224).,80/20 random; val = test,Không tăng cường,Tập ngô chỉ là thí nghiệm phụ; val = test,suspect,Bộ 4.188 ảnh = bản Kaggle Corn-or-Maize (PV+PlantDoc) có sẵn bản sao tăng cường lớp GLS; không khử trùng; 80/20 ngẫu nhiên,r1,trung bình,L3,supplement,4188,DOI NHAN
REP-0448,rep0448,2026,maize,PlantVillage-corn (Kaggle),Acc,99.0,unk,unknown,,Toàn bài không mô tả tăng cường dữ liệu và không mô tả cách chia train/test; Bảng 5–6 chỉ báo 'Training Accuracy / Testing Accuracy'. Không có số liệu để suy luận rò rỉ.,Không nêu (chỉ báo 'training/testing accuracy'),Không tăng cường,Giao thức đánh giá mờ; backbone đóng băng hoàn toàn; chỉ Acc,suspect,Bộ 4.188 ảnh = bản Kaggle Corn-or-Maize (PV+PlantDoc) có sẵn bản sao tăng cường lớp GLS; không khử trùng; cách chia không mô tả,r1,trung bình,L3,supplement,4188,DOI NHAN
REP-0014,rep0014,2025,maize,self (Harbin) + PlantVillage + PlantDoc,Acc,96.11,no,clean,,"Sec 2.1: 'The dataset was subsequently split randomly into training, validation, and test sets at a ratio of 6:2:2 ... we applied data augmentation techniques (random brightness, salt-and-pepper noise, random erasing, random scaling) to the images in the training sets.' Table 8: 'Out of the total 1800 images in the test set' = 20% của 9000.","6:2:2 ngẫu nhiên (test 1,800 ảnh); thêm 5-fold CV",Tăng cường SAU khi chia (chỉ train),"2/9 lớp là thiếu dinh dưỡng; mỗi lớp đúng 1000 ảnh, không tách số tự thu vs công khai.",clean,PV và PlantDoc dùng riêng (không phải bản Kaggle gộp) + ảnh tự thu; tăng cường sau chia,r1,trung bình,,supplement,9000,
REP-0122,rep0122,2026,maize,PlantVillage + PlantDoc + Kaggle corn (tự gán bbox),mAP50,83.3,no,clean,,"Mục 2.2: 'the default YOLO online augmentation strategy was adopted, including HSV..., random translation, random scaling, horizontal flipping, and Mosaic augmentation'; 'The dataset was divided into training, validation, and test sets at the image level with a ratio of approximately 7:2:1' – Bảng 1 instance tổng 29,366 khớp số gốc.","≈7:2:1 ở mức ảnh (train 10,609 / val 3,004 / test 1,506 ảnh)",On-the-fly,"Trộn nhiều bộ Kaggle gốc PlantVillage, không kiểm tra trùng lặp; không báo params/FLOPs.",clean,"Phát hiện, tự gán khung bao trên 15.119 ảnh trộn PV/PlantDoc/Kaggle; không xác định được là bản Corn-or-Maize",r1,thấp - cần xem,,supplement,15119,
REP-0165,rep0165,2023,maize,PlantVillage+PlantDoc corn,Acc,98.85,unk,unknown,,"Mục 3.2 chỉ nói 'Preprocessing includes ... data augmentation' và 'The preprocessed image is augmented'; không nêu tỷ lệ chia, số ảnh train/test hay thứ tự tăng cường-chia. Không có số liệu để suy luận.",không rõ (chỉ ghi train/validation theo epoch; không nêu tỷ lệ hay số ảnh),Không rõ,"Nhiều mâu thuẫn (98,85% vs val 91,1%); không mô tả chia tập; tin cậy thấp",unknown,"Nêu PV+PlantDoc nhưng 3.188 ảnh, không khớp bản 4.188; không mô tả chia",r1,thấp - cần xem,,supplement,3188,
REP-0213,rep0213,2025,maize,Kaggle Corn Leaf Infection (Acharya 2020),mAP50,98.5,yes,unknown,,Tiền xử lý chỉ gồm resize (cạnh dài 854) và xoay 90° để đồng nhất hướng (mục Methods); không nêu tăng cường ngoại tuyến; YOLO mặc định tăng cường on-the-fly (mosaic…) nhưng bài không đề cập và không nêu cách chia train/val nên không thể xác nhận.,không nêu tỉ lệ train/validation; đánh giá trên tập validation (val = test),Không rõ,Chỉ 1 lớp 'infected'; không nêu tỉ lệ train/val,unknown,Bộ Kaggle khác (Corn Leaf Infection); không nêu cách chia,r1,cao,,supplement,2225,
REP-0247,rep0247,2023,maize,"Kaggle cornleavediseases (Madura, Indonesia)",Acc,95.59,yes,clean,,Mục 3.2: chỉ resize 300x300 và chia 70/30; không nhắc tăng cường dữ liệu.,70/30 train/test,Không tăng cường,Chỉ 5 epoch; không có ma trận nhầm lẫn,clean,"Bộ Kaggle khác (Madura, Indonesia), không phải Corn-or-Maize",r1,cao,,supplement,3500,
REP-0295,rep0295,2026,maize,"CD&S + PlantDoc + self (Huawei, field)",mAP50,81.5,no,clean,,"Mục 2.3: 'This workflow strictly follows a split-first-then-augment principle ... Original images were first divided into training, validation, and test sets at the source-image level ... Images derived from the same original image were always kept in the same subset'; chỉ dùng Dataset_Original của CD&S để tránh rò rỉ do ảnh tương tự; mosaic/HSV online chỉ trên train.","Chia ở mức ảnh gốc thành train/val/test (tỉ lệ không nêu); tăng cường offline cho train, cắt lát cho val/test giữ trong cùng tập",Tăng cường SAU khi chia (chỉ train),Chỉ 107 ảnh rust gốc; không nêu tỉ lệ chia; chống rò rỉ rõ ràng,clean,"Chia ở mức ảnh gốc trước khi tăng cường, nêu rõ chống rò rỉ",r1,cao,,supplement,976,
REP-0326,rep0326,2023,maize,CD&S + PlantDoc + GitHub + web,Acc,98.77,no,clean,,"Mục 2.2: 3,258 ảnh 'assigned to the training set, validation set and test set in the ratio of 8:1:1'; sau đó 'three different online data augmentation methods are used ... Cutout, Grid Mask and Random Erasing' (Figure 2 'Classical online data augmentation').",8:1:1 train/val/test theo từng lớp (Table 1),On-the-fly,Tập test nhỏ (~326 ảnh); có lớp sâu hại,clean,"CD&S + PlantDoc + web, không phải Corn-or-Maize; tăng cường on-the-fly",r1,cao,,supplement,3258,
REP-0453,rep0453,2026,maize,Kaggle corn leaf (ndisan),Acc,96.71,no,unknown,,"Mục 2.1/2.2: 'The data are organized into training, validation, and testing groups... In the preprocessing stage, images undergo resizing, normalization, and augmentation (rotation, zooming, flipping)'. Không nêu thứ tự tăng cường–chia; không có số ảnh sau tăng cường; split 70/15/15 chỉ nói trên 4,000 ảnh gốc.",70/15/15 stratified (train/val/test),Không rõ,"Mô tả dữ liệu sơ sài, không rõ nguồn gốc; thứ tự tăng cường không rõ",unknown,Bộ Kaggle khác (ndisan); thứ tự tăng cường-chia không rõ,r1,cao,,supplement,4000,
REP-0459,rep0459,2026,maize,PlantVillage-corn + PlantDoc-maize,Acc,99.48,no,clean,,"Mục 3.1: split tạo một lần với seed 42 rồi đóng băng; Mục 3.2: 'On-the-fly augmentation expanded the effective training set: random horizontal flip, rotation ±20°, colour jitter, Gaussian noise'; 'BAO was run on the training partition only'. Số test 769 = 20% của 3,852.","70/10/20 stratified, seed 42 cố định: PV 2,696/387/769; PlantDoc 220/31/63; 5 seed huấn luyện; cross-dataset trên toàn bộ tập kia",On-the-fly,Cross-dataset PV→PlantDoc chỉ 78.34%; test PlantDoc rất nhỏ (63 ảnh),clean,"PV gốc 3.852 ảnh và PlantDoc tách riêng, seed cố định; không phải bản Corn-or-Maize",r1,cao,,supplement,4166,
