report_id,legacy_st_id,doi,title,journal,year,screening_decision,retrieval_status,sha256,match_basis,scopus_cited_by,cites_per_year
REP-0366,,10.1109/ACCESS.2018.2844405,Identification of maize leaf diseases using improved deep convolutional neural networks,IEEE Access,2018,INCLUDE,RETRIEVED,2d1eb549ed96872d37b83c0063b70a7088a67c4f669bac60d1dcb54285eaeb37,,641,71.2
REP-0054,ST-204,10.1016/j.aiia.2023.07.001,Comparison of CNN-based deep learning architectures for rice diseases classification,Artificial Intelligence in Agriculture,2023,INCLUDE,RETRIEVED,f5b18a4c12976205e1e3307348e06c97a6c9217ec9162094d95851539d563151,DOI,263,65.8
REP-0344,,10.1109/ACCESS.2022.3159678,End-to-End Deep Learning Model for Corn Leaf Disease Classification,IEEE Access,2022,INCLUDE,RETRIEVED,093932fb48f29d02b6b035c0b85d33fca7c617fb4085d574891b9733daf2b3b0,,276,55.2
REP-0307,,10.7717/PEERJ-CS.432,A real-time approach of diagnosing rice leaf disease using deep learning-based faster R-CNN framework,PeerJ Computer Science,2021,INCLUDE,RETRIEVED,02d080be01e5156ed5422d0b923cde7d85121310463994f5e92035703dc9d4ce,,330,55.0
REP-0403,ST-040,10.3390/plants11172230,Deep Learning Utilization in Agriculture: Detection of Rice Plant Diseases Using an Improved CNN Model,Plants,2022,INCLUDE,RETRIEVED,a465ca6b4beb9b89b09f73c9275c21969ac172feebe70a4fc4afbaaecd7f5bbc,DOI,260,52.0
REP-0065,,10.1016/j.compag.2020.105456,An optimized dense convolutional neural network model for disease recognition and classification in corn leaf,Computers and Electronics in Agriculture,2020,INCLUDE,RETRIEVED,d6fc3c6426c885fc107cf948f511835b63df306026794cb621ae019d5cb509bf,,362,51.7
REP-0172,ST-056,10.1016/j.aiia.2023.11.001,DeepRice: A deep learning and deep feature based classification of Rice leaf disease subtypes,Artificial Intelligence in Agriculture,2024,INCLUDE,RETRIEVED,5fbf82c8f186a59cfb058cd9c3e4a1dd4629a35ff2695c3009a5fc12b3889b29,DOI,153,51.0
REP-0290,ST-072,10.1016/j.inpa.2019.09.002,Recognition and classification of paddy leaf diseases using Optimized Deep Neural network with Jaya algorithm,Information Processing in Agriculture,2020,UNCLEAR,RETRIEVED,80a8784e85edb83024343c3ce52155bf16bd22be84292e0e00dc55f12e03fdcc,DOI,350,50.0
REP-0026,ST-029,10.3390/agronomy13061633,"Comparing Inception V3, VGG 16, VGG 19, CNN, and ResNet 50: A Case Study on Early Detection of a Rice Disease",Agronomy,2023,INCLUDE,RETRIEVED,b6133430727d4ffa7aa04672cc9ae4a49d51b08fb5fb389e9314fb7a17948841,DOI,177,44.2
REP-0168,,10.1109/ACCESS.2024.3357099,An Early and Smart Detection of Corn Plant Leaf Diseases Using IoT and Deep Learning Multi-Models,IEEE Access,2024,INCLUDE,RETRIEVED,f282ca01ca9b2ec275ad3e23e284860074c02764d6776080c7f64b7f039e87d8,,129,43.0
REP-0276,ST-161,10.1109/ACCESS.2022.3140815,Rice-Fusion: A Multimodality Data Fusion Framework for Rice Disease Diagnosis,IEEE Access,2022,INCLUDE,RETRIEVED,cbaa6085dd4d2ed7a14c1ad2e17b3146a4ff748c99c2ea14cb700fc64d69eaf0,DOI,206,41.2
REP-0017,ST-016,10.1038/s41598-019-38966-0,Rice Blast Disease Recognition Using a Deep Convolutional Neural Network,Scientific Reports,2019,INCLUDE,RETRIEVED,aba86b78f7aee3666bc1dfffa2371523407c080d2dd2ea1e424706bda2e6e497,DOI,283,35.4
REP-0301,,10.1016/j.atech.2022.100108,A two-stage deep-learning based segmentation model for crop disease quantification based on corn field imagery,Smart Agricultural Technology,2023,INCLUDE,RETRIEVED,05db56e1d02e8eab0fe3a2ecdc45f197b3b15635d796c32c1cb766b3b12859be,,138,34.5
REP-0342,ST-112,10.3389/fpls.2021.701038,Automatic Diagnosis of Rice Diseases Using Deep Learning,Frontiers in Plant Science,2021,INCLUDE,RETRIEVED,57a72e2eff96ac48abb8173bfcad78eb31c708048362204900135228f8989c0d,DOI,203,33.8
REP-0338,ST-109,10.1109/ACCESS.2023.3264835,PlantDet: A Robust Multi-Model Ensemble Method Based on Deep Learning For Plant Disease Detection,IEEE Access,2023,INCLUDE,RETRIEVED,3a2ad9c04983a7bc5378b5fbe9e3a686395ef1eb008c9e2d4b231911963068e6,DOI,128,32.0
REP-0078,,10.3389/fpls.2023.1079366,A mobile-based system for maize plant leaf disease detection and classification using deep learning,Frontiers in Plant Science,2023,INCLUDE,RETRIEVED,8a62759a693713fdbe3205eff7ba11b2dc8bd709960a2526f7f6f2c22680c685,,127,31.8
REP-0143,,10.1109/ACCESS.2023.3240100,Toward Generalization of Deep Learning-Based Plant Disease Identification Under Controlled and Field Conditions,IEEE Access,2023,INCLUDE,RETRIEVED,775366122e2db128ed7d99fffdc401868b413d6f93abd7bf763f3909787bc5f8,,125,31.2
REP-0329,,10.1038/s41598-022-10140-z,Deep learning-based approach for identification of diseases of maize crop,Scientific Reports,2022,INCLUDE,RETRIEVED,29ead67a2ca3f0020e84886ad66565f60f2acf2ea0529f8db0d282bcc6d83490,,152,30.4
REP-0313,,10.1109/ACCESS.2019.2943454,Rapid Detection of Rice Disease Based on FCM-KM and Faster R-CNN Fusion,IEEE Access,2019,INCLUDE,RETRIEVED,a9e2731834060c8f3d00187eac6de1611bfc3a6e621021e860935dbcf568f242,,240,30.0
REP-0107,ST-114,10.3390/agriengineering6010018,Alpha-EIOU-YOLOv8: An Improved Algorithm for Rice Leaf Disease Detection,AgriEngineering,2024,INCLUDE,RETRIEVED,a99deb0b85c3c015e6565ceb4cef66e42cb54557b0acbe43e851e6926b116080,DOI,89,29.7
REP-0377,,10.14569/IJACSA.2021.0120134,An Automated Convolutional Neural Network Based Approach for Paddy Leaf Disease Detection,International Journal of Advanced Computer Science and Applications,2021,INCLUDE,RETRIEVED,333008cccc611e01f08005cdb3e8b3408ec9acbe3f540c11ac93d9de460078f9,,175,29.2
REP-0316,,10.1109/ACCESS.2020.2982443,Maize Leaf Disease Identification Based on Feature Enhancement and DMS-Robust Alexnet,IEEE Access,2020,INCLUDE,RETRIEVED,42a17cfc1a7368b7b89f09ee10a232adb957a38ae02e038dc526ad030c614c34,,201,28.7
REP-0281,,10.1186/s12870-025-06386-0,Corn leaf disease diagnosis: enhancing accuracy with resnet152 and grad-cam for explainable AI,BMC Plant Biology,2025,INCLUDE,RETRIEVED,c5655ca0da2fc636d1bbef4b102a34373dc034787cd5aa74e7a6ed107fb93166,,57,28.5
REP-0191,ST-075,10.1007/s41870-022-01094-6,A novel GCL hybrid classification model for paddy diseases,International Journal of Information Technology (Singapore),2023,INCLUDE,RETRIEVED,b7d1433d8d05bc5bca5a426ab4615ae5be7c0329ba1083ce86f16798ea36c1e9,DOI,111,27.8
REP-0075,,10.1109/ACCESS.2020.2973658,Northern Maize Leaf Blight Detection under Complex Field Environment Based on Deep Learning,IEEE Access,2020,INCLUDE,RETRIEVED,1025661907b4de5782de157cdb292409197f0c76601f24cb2da7fa585d526d6b,,194,27.7
REP-0138,,10.1016/j.aiia.2022.11.002,"Disease detection, severity prediction, and crop loss estimation in MaizeCrop using deep learning",Artificial Intelligence in Agriculture,2022,INCLUDE,RETRIEVED,de921fe6dcd4b497394d3c858b08c8a899131b82895a11a2004262692d019b18,,138,27.6
REP-0291,ST-245,10.3390/agronomy13040961,Automatic Recognition of Rice Leaf Diseases Using Transfer Learning,Agronomy,2023,INCLUDE,RETRIEVED,7211bdd7a0f90c12e6fb4469af0bfc1e90a4bbb72c102d97995b430b9e6c7939,DOI,110,27.5
REP-0372,,10.1109/ACCESS.2023.3280260,MaizeNet: A Deep Learning Approach for Effective Recognition of Maize Plant Leaf Diseases,IEEE Access,2023,INCLUDE,RETRIEVED,5384c5f22514d071f93fe085efdc1590519cafd55d8539f8fbe2a562cb8c9a4a,,110,27.5
REP-0376,ST-229,10.1016/j.prime.2024.100534,Automatic recognition of Rice Plant leaf diseases detection using deep neural network with improved threshold neural network,"e-Prime - Advances in Electrical Engineering, Electronics and Energy",2024,INCLUDE,RETRIEVED,1061be0f29e898ecfabff9d496b6bfb6801b9f391ae1fe2e4e8df5dac015a209,DOI,81,27.0
REP-0169,ST-055,10.3390/su15021502,A Novel Hybrid Severity Prediction Model for Blast Paddy Disease Using Machine Learning,Sustainability (Switzerland),2023,UNCLEAR,RETRIEVED,eec8c799bf2ea42b0525ca6e1e4597e8d8b869ee5fb97823a63c1601b8fac8c0,DOI,107,26.8
REP-0006,,10.1186/s40537-024-00972-z,Deep SqueezeNet learning model for diagnosis and prediction of maize leaf diseases,Journal of Big Data,2024,INCLUDE,RETRIEVED,17f6d34c371e31bdaa3da9889d3d1a8d85c5124e8c781c374dad24282fbb7bda,,78,26.0
REP-0468,,10.1109/ACCESS.2021.3120379,Corn Leaf Diseases Diagnosis Based on K-Means Clustering and Deep Learning,IEEE Access,2021,INCLUDE,RETRIEVED,39134079b390059278c830083f937d15e39d72090ca3c22e1233a4df1c3d7924,,149,24.8
REP-0114,ST-119,10.1016/j.ecoinf.2024.102718,An interpretable fusion model integrating lightweight CNN and transformer architectures for rice leaf disease identification,Ecological Informatics,2024,INCLUDE,RETRIEVED,ca1ded9cdc42efa8674b032c63af7639c84ab0b0bc9bc75bf20d329da3be61a2,DOI,73,24.3
REP-0155,,10.3390/rs13214218,High-accuracy detection of maize leaf diseases cnn based on multi-pathway activation function module,Remote Sensing,2021,INCLUDE,RETRIEVED,f036951f1f63e92b55e2f8d02581564473a074aa30bfef2bb3290a697b8f9a7c,,140,23.3
REP-0167,,10.3390/agronomy13020300,Identification Method of Corn Leaf Disease Based on Improved Mobilenetv3 Model,Agronomy,2023,INCLUDE,RETRIEVED,de609291baf29dfbf57f960849909106f97a6925ad9ef8f066dda2a01e6ed7e9,,88,22.0
REP-0299,ST-157,10.1109/ACCESS.2024.3371511,Towards Sustainable Agriculture: A Novel Approach for Rice Leaf Disease Detection Using dCNN and Enhanced Dataset,IEEE Access,2024,INCLUDE,RETRIEVED,eeed1855b2c7fa6e8ce54e4a070ee083336e62dd03a04681e79d36fcdc1c9a5b,DOI,65,21.7
REP-0480,,10.1016/j.jafr.2024.101148,Deep transfer learning for fine-grained maize leaf disease classification,Journal of Agriculture and Food Research,2024,INCLUDE,RETRIEVED,0249964e9bd6787fada50a4108e445c61c60fe3bd4c530d203869022578656d0,,64,21.3
REP-0146,,10.1016/S2095-3119(21)63707-3,Intelligent diagnosis of northern corn leaf blight with deep learning model,Journal of Integrative Agriculture,2022,INCLUDE,RETRIEVED,e7d4ea42f9b268c19771a5274c442851e917af5687ece0d4f5567fa97f41b384,,106,21.2
REP-0274,,10.1088/2515-7620/acdece,Rice leaf disease detection based on bidirectional feature attention pyramid network with YOLO v5 model,Environmental Research Communications,2023,INCLUDE,RETRIEVED,c05e827161d1116e5fa0f5401e5d7b245af9fa83792daaf88c8f1b27624c240a,,82,20.5
REP-0466,,10.3389/fpls.2022.864486,Deep Learning-Based Identification of Maize Leaf Diseases Is Improved by an Attention Mechanism: Self-Attention,Frontiers in Plant Science,2022,INCLUDE,RETRIEVED,f193444f30ca5d84e7fb4400197022a7c1a45478bc8d52b9984491b735fac570,,101,20.2
REP-0275,ST-047,10.3390/agriculture13071361,Disease Detection and Identification of Rice Leaf Based on Improved Detection Transformer,Agriculture (Switzerland),2023,INCLUDE,RETRIEVED,2942e5f2e101aa15bc8eaf0ba1a8a3ba676dad3061b7b534ee592a10102b593e,DOI,80,20.0
REP-0318,ST-160,10.1109/ACCESS.2023.3251098,A High-Quality Rice Leaf Disease Image Data Augmentation Method Based on a Dual GAN,IEEE Access,2023,INCLUDE,RETRIEVED,72b3a0c47831760641639d9c9446a9b69422d2e0a544161b036abbf55b4e62d8,DOI,78,19.5
REP-0363,,10.3390/agriculture11050420,An approach for rice bacterial leaf streak disease segmentation and disease severity estimation,Agriculture (Switzerland),2021,INCLUDE,RETRIEVED,d14ded8c0da0e1ff492a723740c7260d416780c7e3e68dc26448380b9c0fdfd0,,117,19.5
REP-0004,ST-203,10.34133/plantphenomics.0218,AISOA-SSformer: An Effective Image Segmentation Method for Rice Leaf Disease Based on the Transformer Architecture,Plant Phenomics,2024,INCLUDE,RETRIEVED,1f0bcc23104ce1e02045453d0f9ccf0581156bb25bb1b1965d7782f35d76cfb4,DOI,57,19.0
REP-0196,,10.3390/su151612149,Lightweight Federated Learning for Rice Leaf Disease Classification Using Non Independent and Identically Distributed Images,Sustainability (Switzerland),2023,INCLUDE,RETRIEVED,9611528afab674eb3316e46e728f14740ddb7b354d8ff0959e909459c9ea4dd7,,75,18.8
REP-0130,,10.1186/s40537-025-01148-z,A twin CNN-based framework for optimized rice leaf disease classification with feature fusion,Journal of Big Data,2025,INCLUDE,RETRIEVED,0ecde28260e5b20b5fa2b510b15b68e0943131887147122089139e990a1cc152,,36,18.0
REP-0351,ST-140,10.1109/ACCESS.2024.3524729,MSCPNet: A Multi-Scale Convolutional Pooling Network for Maize Disease Classification,IEEE Access,2025,INCLUDE,RETRIEVED,18c7ac90274486aa0b2917012b44c665cf4bc7135c036a483a39364432ead74f,DOI,36,18.0
REP-0488,,10.3390/agronomy15020445,Improved Lightweight YOLOv8 Model for Rice Disease Detection in Multi-Scale Scenarios,Agronomy,2025,INCLUDE,RETRIEVED,da26c5021e5d19cd7338e3f78ddb5d34ad580aaa0871aec78731011378c0f18a,,36,18.0
REP-0060,,10.1007/s43621-024-00285-4,A hybrid approach for rice crop disease detection in agricultural IoT system,Discover Sustainability,2024,INCLUDE,RETRIEVED,ddeed6514cc863d5d566337df35973c7c91fd6130a29933bfd4855b747e17d7a,,52,17.3
REP-0165,,10.3390/electronics12081938,Detecting Plant Disease in Corn Leaf Using EfficientNet Architecture—An Analytical Approach,Electronics (Switzerland),2023,INCLUDE,RETRIEVED,51b706c2d9f56557c1eb6a6f4f4549dbf1da35943edd6494d49e4e5c1b52a5ba,,69,17.2
REP-0061,,10.3389/fpls.2024.1402835,Corn leaf disease: insightful diagnosis using VGG16 empowered by explainable AI,Frontiers in Plant Science,2024,INCLUDE,RETRIEVED,fd70dcb5adebea452aad6e58fde966ec63b4e95d539bf1579e557f80c278bd33,,50,16.7
REP-0332,,10.1109/ACCESS.2024.3451557,Paddy Leaf Disease Classification Using EfficientNet B4 With Compound Scaling and Swish Activation: A Deep Learning Approach,IEEE Access,2024,INCLUDE,RETRIEVED,8bc69c11ba2b2a8ebe150837be78ef70a0c62bd75cebe16afa0fa453762d93e9,,50,16.7
REP-0238,,10.1038/s41598-025-14306-3,Evaluation of deep learning models using explainable AI with qualitative and quantitative analysis for rice leaf disease detection,Scientific Reports,2025,INCLUDE,RETRIEVED,568be8392ac2edf669ef90e1568390a1bde94d21b2bf32bf73b944acf395c51b,,33,16.5
REP-0384,,10.3390/agronomy15061266,RLDD-YOLOv11n: Research on Rice Leaf Disease Detection Based on YOLOv11,Agronomy,2025,INCLUDE,RETRIEVED,3a79678d2bf9ef9c39739db371df6e6a35de2db142d9ae73e923b1840b9cb748,,33,16.5
REP-0037,ST-043,10.1038/s41598-025-13079-z,Deep learning-based automatic diagnosis of rice leaf diseases using ensemble CNN models,Scientific Reports,2025,INCLUDE,RETRIEVED,965e3d985c217eba33201f80f8e8363e75c68f861d5a882913671f2e8aeea468,DOI,32,16.0
REP-0320,,10.1038/s41598-025-88399-1,A rapid and precise algorithm for maize leaf disease detection based on YOLO MSM,Scientific Reports,2025,INCLUDE,RETRIEVED,0cb6c32ef6f5742c6c7209cdc54cffbaeda5bf835cde991a8688f407c7e6d94c,,32,16.0
REP-0454,ST-090,10.3390/app13031346,An Improved Approach to Detection of Rice Leaf Disease with GAN-Based Data Augmentation Pipeline,Applied Sciences (Switzerland),2023,INCLUDE,RETRIEVED,15af33c2e649e50970f25769876fbffb86b2abc5ff6d40c150a5c8b3e4fdb0dd,DOI,63,15.8
REP-0190,,10.3390/su142013610,A Transfer Learning-Based Artificial Intelligence Model for Leaf Disease Assessment,Sustainability (Switzerland),2022,INCLUDE,RETRIEVED,12efabbce6e01606bcc56cb8012561855cbe7b36c227d7c344f3cc6cec758e5c,,77,15.4
REP-0374,ST-013,10.3390/agriculture15050479,RDRM-YOLO: A High-Accuracy and Lightweight Rice Disease Detection Model for Complex Field Environments Based on Improved YOLOv5,Agriculture (Switzerland),2025,INCLUDE,RETRIEVED,395818870c7854051de12ccb6b157c2ff453e5eba7582db17c07c9f730dd4dcc,DOI,29,14.5
REP-0036,,10.1038/s41598-024-60506-8,Maize leaf disease recognition using PRF-SVM integration: a breakthrough technique,Scientific Reports,2024,INCLUDE,RETRIEVED,048362c47f4d6f4e19cbfd015861ce142fccef72238d2abd20a9d1e1e419dd8b,,43,14.3
REP-0309,ST-087,10.3390/agronomy13102483,Federated Transfer Learning for Rice-Leaf Disease Classification across Multiclient Cross-Silo Datasets,Agronomy,2023,INCLUDE,RETRIEVED,533ef6f9d76219d00cbb190c2902a26b93edb778a6617d4fe772c69f1b782d7e,DOI,57,14.2
REP-0409,,10.3390/agronomy13020521,Maize Leaf Disease Identification Based on YOLOv5n Algorithm Incorporating Attention Mechanism,Agronomy,2023,INCLUDE,RETRIEVED,1d200e1d77ea653929c5b073da688c2e2cfe29d8ad11c021ead6b03c1e36e16f,,57,14.2
REP-0218,ST-134,10.1016/j.jia.2024.03.075,E2ETCA: End-to-end training of CNN and attention ensembles for rice disease diagnosis,Journal of Integrative Agriculture,2026,INCLUDE,RETRIEVED,09fb97b1b7a66c674746f0ddef7cb8487010ea570746293b71d73417c751f3cc,DOI,14,14.0
REP-0492,ST-137,10.1016/j.mlwa.2024.100556,A deep learning approach for Maize Lethal Necrosis and Maize Streak Virus disease detection,Machine Learning with Applications,2024,INCLUDE,RETRIEVED,aad558874dafcbb55b0e8e1927f37ad38a1f00a603101da34c8240318fa2ed0f,DOI,42,14.0
REP-0202,,10.3390/plants11202668,Classification of Corn Diseases from Leaf Images Using Deep Transfer Learning,Plants,2022,INCLUDE,RETRIEVED,c7e21853bc410ec7cfa298454489763599377bf6d904dc01e682bbf25ae7dac0,,69,13.8
REP-0216,ST-103,10.1007/s44447-025-00007-w,Vision transformers for rice leaf disease detection and severity estimation: a precision agriculture approach,Journal of the Saudi Society of Agricultural Sciences,2025,INCLUDE,RETRIEVED,8b3a91ac5a7a75686939b8916ffd1a6e842155e0ec3cb4a4caf0e1ddbc142580,DOI,27,13.5
REP-0020,ST-018,10.1016/j.measen.2023.100966,Comparative analysis of paddy leaf diseases sensing with a hybrid convolutional neural network model,Measurement: Sensors,2024,INCLUDE,RETRIEVED,d64a35c85ae8d1806ea9b3b86ff60465161e6628827325750c5ca4764b129bf2,DOI,39,13.0
REP-0175,,10.3390/app15084535,YOLOv11-RCDWD: A New Efficient Model for Detecting Maize Leaf Diseases Based on the Improved YOLOv11,Applied Sciences (Switzerland),2025,INCLUDE,RETRIEVED,3f5f3ba2f1fea513010ea0163d713f8be356aa953477f86aaa8c61ab5930694c,,26,13.0
REP-0152,,10.3390/agriculture14020220,Lightweight Network for Corn Leaf Disease Identification Based on Improved YOLO v8s,Agriculture (Switzerland),2024,INCLUDE,RETRIEVED,4dcb2be1b7736a710810ed2b816e531f19ea9b2e53a3861920dcea804a99a326,,38,12.7
REP-0446,ST-084,10.3390/agriculture13010047,An Artificial-Intelligence-Based Novel Rice Grade Model for Severity Estimation of Rice Diseases,Agriculture (Switzerland),2023,INCLUDE,RETRIEVED,877762e06320d84db9f1b01fde1643e23bb560d97f48144d902957011bfdcdf3,DOI,50,12.5
REP-0027,ST-030,10.3390/electronics11142110,Automatic Rice Disease Detection and Assistance Framework Using Deep Learning and a Chatbot,Electronics (Switzerland),2022,INCLUDE,RETRIEVED,e9681301786a8392c56110cfda6114ca28b3c37b3a810c97975d0e4fba6c108c,DOI,62,12.4
REP-0253,,10.32604/cmc.2021.012431,Paddy Leaf Disease Detection Using an Optimized Deep Neural Network,"Computers, Materials and Continua",2021,UNCLEAR,RETRIEVED,84fa81dc63f4919dc119e2bbb45c47bc85a84c550adf0c67b1f37408320c5ac6,,74,12.3
REP-0099,,10.1016/j.atech.2024.100490,TinyML for smart agriculture: Comparative analysis of TinyML platforms and practical deployment for maize leaf disease identification,Smart Agricultural Technology,2024,INCLUDE,RETRIEVED,36236cb99165ec0da35e9b098067f9fbb5b448d5b03aff6afe7a36c0342c098d,,36,12.0
REP-0211,,10.3390/agriculture14050666,Corn Leaf Spot Disease Recognition Based on Improved YOLOv8,Agriculture (Switzerland),2024,INCLUDE,RETRIEVED,9023bf8912198d2b3e765344f3e31b72061cd7b59e2075d13d2b83c990c3e428,,36,12.0
REP-0233,,10.1002/agj2.21341,DFNet: Dense fusion convolution neural network for plant leaf disease classification,Agronomy Journal,2024,INCLUDE,NOT_RETRIEVED,,,36,12.0
REP-0262,ST-026,10.1515/biol-2022-0689,Identification of rice leaf diseases and deficiency disorders using a novel DeepBatch technique,Open Life Sciences,2023,INCLUDE,RETRIEVED,28c09df525646c723000609c8d70cbfdb4df8cfc9b437557a2e6b5141b5f6e50,DOI,47,11.8
REP-0485,,10.1109/ACCESS.2022.3215497,Identification of Foliar Disease Regions on Corn Leaves Using SLIC Segmentation and Deep Learning Under Uniform Background and Field Conditions,IEEE Access,2022,INCLUDE,RETRIEVED,8385e4e14879e2d3ad6a8366c1622eb5afedc0b7e960042a3ceeccbc40e11d63,,59,11.8
REP-0101,,10.3390/app12167960,One-Stage Disease Detection Method for Maize Leaf Based on Multi-Scale Feature Fusion,Applied Sciences (Switzerland),2022,INCLUDE,RETRIEVED,ea2a793ecc1d54ead9212ea30ddedb64a917585368d755108f3cb8fd2c25cd1c,,57,11.4
REP-0040,ST-159,10.1109/ACCESS.2024.3373000,"Comparative Analysis of Transfer Learning, LeafNet, and Modified LeafNet Models for Accurate Rice Leaf Diseases Classification",IEEE Access,2024,INCLUDE,RETRIEVED,ac4e5b0cc26808d40877f8dd2143c16b30a19627d4a57bf3c662e1b159e26578,DOI,33,11.0
REP-0306,,10.3389/fpls.2022.1003152,Efficient attention-based CNN network (EANet) for multi-class maize crop disease classification,Frontiers in Plant Science,2022,INCLUDE,RETRIEVED,5950412f09186e3fe49d13c2a2532e27fa100d917db4bfeadf5981b0093cb6cf,,55,11.0
REP-0023,ST-021,10.3390/agriculture13081549,Enhancing Rice Crop Management: Disease Classification Using Convolutional Neural Networks and Mobile Application Integration,Agriculture (Switzerland),2023,INCLUDE,RETRIEVED,7caf8187d83c1a94a43c4974b67554cc5a96770bd186cfbc37cec8a5b9f35767,DOI,43,10.8
REP-0443,ST-080,10.18280/ts.380619,Early-Stage Brown Spot Disease Recognition in Paddy Using Image Processing and Deep Learning Techniques,Traitement du Signal,2021,INCLUDE,RETRIEVED,9b37be3211848b215b82f4050377645318dd6aa3de3b04cc9ef0d72e54989559,DOI,64,10.7
REP-0225,,10.3390/pathogens10020131,Automatic fuzzy logic-based maize common rust disease severity predictions with thresholding and deep learning,Pathogens,2021,INCLUDE,RETRIEVED,e5f3fe1dc63f7189337f736ade7e05b457b0ee25f3ba7dccde4f05323d3b52e1,,63,10.5
REP-0269,,10.3390/agronomy12040906,Maize Small Leaf Spot Classification Based on Improved Deep Convolutional Neural Networks with a Multi-Scale Attention Mechanism,Agronomy,2022,INCLUDE,RETRIEVED,60730c13598332c692820e4acc1a06c82c0171abd7e1141ecf42a0c83f9068df,,52,10.4
REP-0029,,10.3389/fpls.2023.1165940,Stacking-based and improved convolutional neural network: a new approach in rice leaf disease identification,Frontiers in Plant Science,2023,INCLUDE,RETRIEVED,ff3434697bde53a4b4d12ec6e582b696840b9cf1cc9e634851ab664549c41c27,,40,10.0
REP-0132,,10.1007/s44163-025-00277-x,Rice Plant Disease Detection using Convolutional Neural Networks,Discover Artificial Intelligence,2025,INCLUDE,RETRIEVED,e8a548f01108b884f91e83875bca3a3d765c1d7d52117be710d68b4eb5a7e1ee,,20,10.0
REP-0219,ST-105,10.3389/fpls.2025.1643096,SSD-YOLO: a lightweight network for rice leaf disease detection,Frontiers in Plant Science,2025,INCLUDE,RETRIEVED,97460361abdfb90d5c2f4a22395286749c4dd3808bad8c679aa186044a04844b,DOI,20,10.0
REP-0346,,10.3390/agriculture12122047,DFCANet: A Novel Lightweight Convolutional Neural Network Model for Corn Disease Identification,Agriculture (Switzerland),2022,INCLUDE,RETRIEVED,64b77a95d4f82c34110016750b37ada9a7e572e35c9538377490a1e68dd2e13d,,50,10.0
REP-0080,,10.3390/agriculture13091664,Lightweight One-Stage Maize Leaf Disease Detection Model with Knowledge Distillation,Agriculture (Switzerland),2023,INCLUDE,RETRIEVED,67e7cdab9d3f50af8df34a207aeda2ffb33aa3d5e1d7abd78f7c3e0885850dad,,39,9.8
REP-0198,ST-081,10.3390/electronics13204095,Utilizing Convolutional Neural Networks for the Effective Classification of Rice Leaf Diseases Through a Deep Learning Approach,Electronics (Switzerland),2024,INCLUDE,RETRIEVED,2d06160abcf97a010bd5fabf4510358407779daf1b567a74b8ae9597d8f5932a,DOI,29,9.7
REP-0308,ST-202,10.1016/j.ijcce.2024.05.004,A novel rice plant leaf diseases detection using deep spectral generative adversarial neural network,International Journal of Cognitive Computing in Engineering,2024,INCLUDE,RETRIEVED,9f380302e4749f873ed462079b878fc576168961a51d87ed437fb3f522db6084,DOI,29,9.7
REP-0311,ST-089,10.14569/IJACSA.2020.0110716,An efficient convolutional neural network for paddy leaf disease and pest classification,International Journal of Advanced Computer Science and Applications,2020,INCLUDE,RETRIEVED,c5a3b498bad6f54dd2232a03a4e1aa6f20b97a3f4ee9e0050ea9d81d03e05af0,DOI,68,9.7
REP-0498,,10.3389/fpls.2024.1420584,A lightweight dual-attention network for tomato leaf disease identification,Frontiers in Plant Science,2024,UNCLEAR,RETRIEVED,25579e3d107ff25a04da3b0e4d65b64a70f4dcf31444db753406d023554876a0,,29,9.7
REP-0063,,10.1016/j.aiia.2022.09.001,A comparative analysis of paddy crop biotic stress classification using pre-trained deep neural networks,Artificial Intelligence in Agriculture,2022,INCLUDE,RETRIEVED,a8bd9b65697765e9cc4ea3a2af9020b629d32d520e15aba9c6711faf4a3da285,,48,9.6
REP-0421,,10.3390/technologies12110214,"Rice Leaf Disease Classification—A Comparative Approach Using Convolutional Neural Network (CNN), Cascading Autoencoder with Attention Residual U-Net (CAAR-U-Net), and MobileNet-V2 Architectures",Technologies,2024,INCLUDE,RETRIEVED,3e944876de1cd2643f9b4061071c7c04df6fed38dccfe817dfea8f5ddf2a51ed,,28,9.3
REP-0201,,10.3390/plants13121621,Maize Leaf Disease Recognition Based on Improved Convolutional Neural Network ShuffleNetV2,Plants,2024,INCLUDE,RETRIEVED,3842c9eb894ac3159ae2a5952e3675b52016b4db25c2c96019603259943908ac,,27,9.0
REP-0354,ST-228,10.1016/j.atech.2024.100726,Optimizing dataset diversity for a robust deep-learning model in rice blast disease identification to enhance crop health assessment across diverse conditions,Smart Agricultural Technology,2025,INCLUDE,RETRIEVED,8e4715ddd8a9ff0fa5410292e9546b3e56dd18b7a41b04c55a7e9e1a4a8d972a,DOI,18,9.0
REP-0287,,10.3390/agronomy13092242,Enhancing Corn Pest and Disease Recognition through Deep Learning: A Comprehensive Analysis,Agronomy,2023,INCLUDE,RETRIEVED,5f5faec54c390c2c8c1c14b68091f0c0e1d22d3ccd4cf343fb18f108af6d45c8,,35,8.8
REP-0002,ST-001,10.3390/su15129321,Analysis and Research on Rice Disease Identification Method Based on Deep Learning,Sustainability (Switzerland),2023,INCLUDE,RETRIEVED,2957b5f4ae87e188695e698d14e535099dd8fe1faa8ae4ab93fed140ffd81017,DOI,34,8.5
REP-0012,,10.3390/su152015039,Enhancing Rice Leaf Disease Classification: A Customized Convolutional Neural Network Approach,Sustainability (Switzerland),2023,INCLUDE,RETRIEVED,7ee70fa823643285053f683f113511601b94a6624955700895c0f0f8df00a6e5,,34,8.5
REP-0042,ST-048,10.1038/s41598-025-94891-5,Artificial intelligence for sustainable farming with dual branch convolutional graph attention networks in rice leaf disease detection,Scientific Reports,2025,INCLUDE,RETRIEVED,3d6a4cde1ccdd82f9f349c504cbaa372628787de8a66dcdf186faf6c88ebdeff,DOI,17,8.5
REP-0022,,10.3390/plants11151942,Deep Learning Diagnostics of Gray Leaf Spot in Maize under Mixed Disease Field Conditions,Plants,2022,INCLUDE,RETRIEVED,a6e919eafb1a718cd5d8b4407b9fcf8d041f6f91d5b4d39db555b5b24203491e,,42,8.4
REP-0200,,10.3390/plants13223151,A Deep Learning Model for Accurate Maize Disease Detection Based on State-Space Attention and Feature Fusion,Plants,2024,INCLUDE,RETRIEVED,c7233b875fc4c8ab81ac2960276a8a163d52a8ebf330c30988ae1a553bb250b1,,25,8.3
REP-0335,,10.3389/fpls.2023.1234067,A novel fine-tuned deep-learning-based multi-class classifier for severity of paddy leaf diseases,Frontiers in Plant Science,2023,INCLUDE,RETRIEVED,11046390a2a6eb7215cc6cb3c1a511b1f45a3d03ef11949649732ab13f89b1e0,,33,8.2
REP-0230,,10.14569/IJACSA.2024.0151287,Explainable Deep Transfer Learning Framework for Rice Leaf Disease Diagnosis and Classification,International Journal of Advanced Computer Science and Applications,2024,INCLUDE,RETRIEVED,025dce2d368560cfe99abbf5ab5786e7dd2cba858ab7b2c7d17bf2fd9648840b,,24,8.0
REP-0487,,10.1186/s13007-024-01280-6,Resource-optimized cnns for real-time rice disease detection with ARM cortex-M microprocessors,Plant Methods,2024,INCLUDE,RETRIEVED,9dd3f910512b23992e8813c55c538fd4d625aaee7b4c6bba26e546e410069657,,23,7.7
REP-0112,ST-118,10.3390/su17010124,Rice Disease Classification Using a Stacked Ensemble of Deep Convolutional Neural Networks,Sustainability (Switzerland),2025,INCLUDE,RETRIEVED,9d2f2f92414a08a98721244518cf6646ac6a8d025defc4a17b42347df0ec4632,DOI,15,7.5
REP-0133,ST-009,10.1016/j.atech.2025.100954,Enhancing rice disease and insect-pest detection through augmented deep learning with transfer learning techniques,Smart Agricultural Technology,2025,INCLUDE,RETRIEVED,30025ecc1bf0eccde8f7951926ae401aa1282f58720eaa332c52a3e86f281fc1,DOI,15,7.5
REP-0093,ST-262,10.3390/agronomy14071587,ICS-ResNet: A Lightweight Network for Maize Leaf Disease Classification,Agronomy,2024,INCLUDE,RETRIEVED,8a75a2ecbbe9d9ab8565521103b6ab6ee41b6a3c8b762e877dd74cb105ccc03f,DOI,22,7.3
REP-0108,,10.25165/j.ijabe.20221505.6658,Maize leaf disease identification using deep transfer convolutional neural networks,International Journal of Agricultural and Biological Engineering,2022,INCLUDE,NOT_RETRIEVED,,,36,7.2
REP-0189,ST-209,10.32604/cmc.2023.038446,Identification of Rice Leaf Disease Using Improved ShuffleNet V2,"Computers, Materials and Continua",2023,INCLUDE,RETRIEVED,be54cd7cca9ce64c60aba1550c516c9b7ff55072517347fa528d98241d468898,DOI,29,7.2
REP-0031,ST-035,10.3389/fpls.2025.1522487,Identification of rice leaf disease based on DepMulti-Net,Frontiers in Plant Science,2025,INCLUDE,RETRIEVED,d585a41b86bc7ffe776ca5e8d8c8a59567d3d41a601a1126ca4854889674f712,DOI,14,7.0
REP-0224,,10.1109/ACCESS.2026.3662799,DBLA-MobileNetV2: Real-Time Rice Leaf Disease Detection on Edge Devices With Dual-Branch Lightweight Attention,IEEE Access,2026,INCLUDE,RETRIEVED,192a8bc53c7f090e7b1d710fc113ebeddd697792f8ebb3a5cf30d6795eb8e07c,,7,7.0
REP-0257,,10.3389/fpls.2022.1077568,A lightweight convolutional neural network for recognition of severity stages of maydis leaf blight disease of maize,Frontiers in Plant Science,2022,INCLUDE,RETRIEVED,345bc27ee3935802a6f676c0c76b4e12ecd7ebbcd697f9e71cc38072059893d0,,35,7.0
REP-0326,,10.3389/fpls.2023.1224385,Improved EfficientNet for corn disease identification,Frontiers in Plant Science,2023,INCLUDE,RETRIEVED,b86164e64ca34fdc91b5d723e563359b808c44f298ed0b91f2c31e47a46905bd,,28,7.0
REP-0407,,10.3390/app15158231,BCS_YOLO: Research on Corn Leaf Disease and Pest Detection Based on YOLOv11n,Applied Sciences (Switzerland),2025,INCLUDE,RETRIEVED,0546d521ea89e1be94ff514f2ee2e46c5b5c624287a2e3a4b98d8f5d0bf81209,,14,7.0
REP-0204,,10.3390/agriculture11121216,A method for segmenting disease lesions of maize leaves in real time using attention YOLACT++,Agriculture (Switzerland),2021,INCLUDE,RETRIEVED,72085c7a73d65c1a4c633088233766fcbf5c26c9b97ea4ac9d829fc95242cd3c,,41,6.8
REP-0247,,10.18280/mmep.100220,Convolutional Neural Network-Based Classification Model of Corn Leaf Disease,Mathematical Modelling of Engineering Problems,2023,INCLUDE,RETRIEVED,9f538ccd408f305c3a56372e319f9b9c0ef243e50d48be0312bfa5ed5c9a9a62,,27,6.8
REP-0391,,10.1002/fes3.70001,Deep Learning–Based Enhanced Optimization for Automated Rice Plant Disease Detection and Classification,Food and Energy Security,2024,INCLUDE,RETRIEVED,d0228429f8d07769cccf0fe285914c314cca7fbe137ebbd93e13fce97014be2e,,20,6.7
REP-0419,ST-049,10.1038/s41598-025-19310-1,YOLO-DP: A detection model of fifteen common rice diseases and pests,Scientific Reports,2025,INCLUDE,RETRIEVED,d4bd190630ca29b5d486243897aa69553745f37a631bf8493e32eb84ebf57949,DOI,13,6.5
REP-0423,ST-054,10.3390/agriculture13010170,Rice Plaque Detection and Identification Based on an Improved Convolutional Neural Network,Agriculture (Switzerland),2023,INCLUDE,RETRIEVED,6a0ad4fd5226f1c0f8eb911620b50f126a7f3c10b2a06cdfdf7127009f9eca9c,DOI,26,6.5
REP-0482,,10.3390/app13169285,CEMLB-YOLO: Efficient Detection Model of Maize Leaf Blight in Complex Field Environments,Applied Sciences (Switzerland),2023,INCLUDE,RETRIEVED,e5f450d73a223133c9dcf5390baac584aed96416d3170d12afb4cdf980af60fc,,26,6.5
REP-0260,,10.3390/app12178412,Adaptive Thresholding of CNN Features for Maize Leaf Disease Classification and Severity Estimation,Applied Sciences (Switzerland),2022,INCLUDE,RETRIEVED,fcceb8b1a7c4859d25239e997b599900efa3061f690589bdc98e3c2089048443,,32,6.4
REP-0251,ST-007,10.3390/agriculture13061264,ResViT-Rice: A Deep Learning Model Combining Residual Module and Transformer Encoder for Accurate Detection of Rice Diseases,Agriculture (Switzerland),2023,INCLUDE,RETRIEVED,be31a96b4212f6f9c0ddb02c8a1d73caa144beeb9ceea1c07a70ceddee17cac0,DOI,25,6.2
REP-0398,,10.1155/2023/1576960,Enhancing the Paddy Disease Classification by Using Cross-Validation Strategy for Artificial Neural Network over Baseline Classifiers,Journal of Sensors,2023,INCLUDE,RETRIEVED,a34a896014b818b39321ffc4f59fdc13c6aedd0ed8e30ea0d3712f04dcb405ba,,25,6.2
REP-0028,,10.3390/agriengineering7070205,Robust Deep Neural Network for Classification of Diseases from Paddy Fields,AgriEngineering,2025,INCLUDE,RETRIEVED,4c5c30126ee3099041a7adb124b91c333ff9a8baea602713b9cc31285da11244,,12,6.0
REP-0117,ST-124,10.12720/jait.14.3.418-425,Automatic Diagnosis of Rice Leaves Diseases Using Hybrid Deep Learning Model,Journal of Advances in Information Technology,2023,INCLUDE,RETRIEVED,ed91c12324ae5b0a18b0d294287ad76acf507540bc43c94becd55fbd60ef5a72,DOI,24,6.0
REP-0208,ST-136,10.1016/j.mlwa.2025.100673,Deep learning models for enhanced in-field maize leaf disease diagnosis,Machine Learning with Applications,2025,INCLUDE,RETRIEVED,8b44b91a9fded7ba4b923b1f3db4ec4aca8e8ea05c643c0570a7a577dbcbafc2,DOI,12,6.0
REP-0334,,10.3389/fpls.2022.922809,A hybrid attention-enhanced DenseNet neural network model based on improved U-Net for rice leaf disease identification,Frontiers in Plant Science,2022,INCLUDE,RETRIEVED,a36374e34532366024150df1abd394290fa2530c032f91bd8971296fda9e293d,,30,6.0
REP-0416,,10.3389/fpls.2025.1649399,Enhancing multiclass plant disease classification using GAN-boosted vision transformer with XAI insights,Frontiers in Plant Science,2026,INCLUDE,RETRIEVED,15390a029baffa2d65377a20fef4ebfd3087a374de4f2fb3e45185e7e08d2ae9,,6,6.0
REP-0003,ST-002,10.1109/ACCESS.2024.3470970,Effective Edge Solution for Early Detection of Rice Disease on ARM- M Microcontroller,IEEE Access,2024,INCLUDE,RETRIEVED,79f9f348c6850ecb0ca7bbe7bead3a8881f0d7fef76c18bf6980ac4e75435e7b,DOI,17,5.7
REP-0083,ST-095,10.32604/phyton.2024.052397,YOLO-CRD: A Lightweight Model for the Detection of Rice Diseases in Natural Environments,Phyton-International Journal of Experimental Botany,2024,INCLUDE,RETRIEVED,06403bd1c10459346bdf482c0dd147ca57cfb08520fe1018d29b6aa001351ca2,DOI,17,5.7
REP-0266,,10.32604/cmc.2022.022215,An Optimized Convolution Neural Network Architecture for Paddy Disease Classification,"Computers, Materials and Continua",2022,INCLUDE,RETRIEVED,797fef95d5d18614fccd742b0539df71b101c2433fb04d8c37d669a89bb8785e,,28,5.6
REP-0151,,10.3390/electronics14091704,FPGA-Based Low-Power High-Performance CNN Accelerator Integrating DIST for Rice Leaf Disease Classification,Electronics (Switzerland),2025,INCLUDE,RETRIEVED,99438da28984c93210677a6b8f2e11424987b2fb6e776dc03d295d20fe7f69c1,,11,5.5
REP-0414,ST-046,10.1109/ACCESS.2025.3609671,Exploring Deep Learning and Explainable AI for Precise Rice Leaf Disease Detection and Classification,IEEE Access,2025,INCLUDE,RETRIEVED,45879e29f587152fd38faac047f92f244504dfc8e4bb410b97a1720241444596,DOI,11,5.5
REP-0072,,10.3390/agriengineering7040093,Ghost-Attention-YOLOv8: Enhancing Rice Leaf Disease Detection with Lightweight Feature Extraction and Advanced Attention Mechanisms,AgriEngineering,2025,INCLUDE,RETRIEVED,6156e0ac7a2e699ae0f40a1955fa648fd8fe3c6eb0cb5a0cf1964c05e0ff0e02,,10,5.0
REP-0267,ST-033,10.3389/fpls.2025.1594329,Harnessing artificial intelligence for sustainable rice leaf disease classification,Frontiers in Plant Science,2025,INCLUDE,RETRIEVED,9d06a71f2f472d6c64433d11e2115da28df881204945e6a5b522e82c0739e066,DOI,10,5.0
REP-0328,ST-102,10.3390/plants11223174,A Copy Paste and Semantic Segmentation-Based Approach for the Classification and Assessment of Significant Rice Diseases,Plants,2022,INCLUDE,RETRIEVED,109a47ff35ae034d6583631d098443907e16dfd0a4ea1f44bd8d35f5feff9ee9,DOI,24,4.8
REP-0475,,10.3389/fpls.2023.1128399,Classification and localization of maize leaf spot disease based on weakly supervised learning,Frontiers in Plant Science,2023,INCLUDE,RETRIEVED,5c74df204a35b7e99190aeab3e6ea7e369985bd7269c89637aa92684a9ef6294,,19,4.8
REP-0402,,10.1590/1809-4430-Eng.Agric.v44e20230097/2024,SE-SWIN UNET FOR IMAGE SEGMENTATION OF MAJOR MAIZE FOLIAR DISEASES,Engenharia Agricola,2024,INCLUDE,RETRIEVED,4c3e3d3bd17ba5ed5e6f2ce108f43eaa221c32a828ff950e3f02b13f991ee13d,,14,4.7
REP-0109,ST-116,10.1016/j.ecoinf.2025.103063,A digital twin-enabled fog-edge-assisted IoAT framework for Oryza Sativa disease identification and classification,Ecological Informatics,2025,INCLUDE,RETRIEVED,8356b56a71908fc4910cc89b3fbe36ab5cffac2cc2a205447cf5b78ca297cf89,DOI,9,4.5
REP-0243,ST-130,10.7717/PEERJ-CS.1384,Diagnosis and application of rice diseases based on deep learning,PeerJ Computer Science,2023,INCLUDE,RETRIEVED,d03376ce43415ce04acc9bb7e382b7b1b5d2b2e3156dbfc680b4c14227cd4969,DOI,18,4.5
REP-0263,ST-149,10.3390/electronics14071482,CNDD-Net: A Lightweight Attention-Based Convolutional Neural Network for Classifying Corn Nutritional Deficiencies and Leaf Diseases,Electronics (Switzerland),2025,INCLUDE,RETRIEVED,034a302194cb0714decc1e6845e1ce40f6e9a535a9728b6535ef9a2908daa0de,DOI,9,4.5
REP-0364,,10.1371/journal.pone.0322705,"Segmentation-based lightweight multi-class classification model for crop disease detection, classification, and severity assessment using DCNN",PLoS ONE,2025,INCLUDE,RETRIEVED,d9155e91d936ade02edc325d895799175449b9dd6d409f198c87fa49545a0689,,9,4.5
REP-0389,ST-025,10.1016/j.atech.2025.100867,Recognition of multi-symptomatic rice leaf blast in dual scenarios by using convolutional neural networks,Smart Agricultural Technology,2025,INCLUDE,RETRIEVED,16d072405748f692dab31d55606c6f9cfaa0ee38c2c416b38f9b735d7d38b2db,DOI,9,4.5
REP-0401,ST-037,10.20965/jaciii.2023.p0333,Non-Destructive Classification of Paddy Rice Leaf Disease Infected by Bacterial and Fungal Species Using Vision-Based Deep Learning,Journal of Advanced Computational Intelligence and Intelligent Informatics,2023,INCLUDE,RETRIEVED,0003bd64a14e748dfcdd3421b6c6632f24caca889141e30e927eab9b9e611b53,DOI,18,4.5
REP-0449,,10.1038/s41598-025-06843-8,Enhanced YOLOv8 with lightweight and efficient detection head for for detecting rice leaf diseases,Scientific Reports,2025,INCLUDE,RETRIEVED,b14efe6be2cd27d599b8983ae1493c1f79c8de1c8a9ac130c17e0d87debca58b,,9,4.5
REP-0008,,10.48084/etasr.6324,Enhanced Sea Horse Optimization with Deep Learning-based Multimodal Fusion Technique for Rice Plant Disease Segmentation and Classification,"Engineering, Technology and Applied Science Research",2023,INCLUDE,RETRIEVED,0c9bbcf6ee65d858e35403fb93364f57b896959bd077787355cd9c7361310e4b,,17,4.2
REP-0158,ST-189,10.32604/cmc.2023.027269,Lightweight Multi-scale Convolutional Neural Network for Rice Leaf Disease Recognition,"Computers, Materials and Continua",2023,INCLUDE,RETRIEVED,81a3cd0137b16dfef491e6b72381dff6f28440f293129376d1e5ba7bcec5e9b5,DOI,17,4.2
REP-0356,,10.1371/journal.pone.0267650,Maize leaf disease identification based on WG-MARNet,PLoS ONE,2022,INCLUDE,RETRIEVED,7c8969afd840770849b13986156e4bd93866e6adec700df8c4d00e0c2fa38ca4,,21,4.2
REP-0493,,10.3389/fpls.2023.1268015,A novel method for maize leaf disease classification using the RGB-D post-segmentation image data,Frontiers in Plant Science,2023,INCLUDE,RETRIEVED,cac4959bc25b512ebe3196d66b55034e70acfef22377a0155c345cb7f9127c21,,17,4.2
REP-0019,,10.3390/agriculture14010074,Maize Leaf Compound Disease Recognition Based on Attention Mechanism,Agriculture (Switzerland),2024,INCLUDE,RETRIEVED,608ea2181c0f383772a62620ea4261caf4bed84dc211006c7cd700447ec49fbf,,12,4.0
REP-0090,,10.1038/s41598-026-44550-0,MaizeFormerX: a lightweight vision transformer with cross-scale attention for explainable maize leaf disease diagnosis,Scientific Reports,2026,INCLUDE,RETRIEVED,6848ec5a89636ff6ef9a947349ef4e931ca4b04d401d9e3f6ca911f30e1da648,,4,4.0
REP-0126,,10.3390/s26031025,I-GhostNetV3: A Lightweight Deep Learning Framework for Vision-Sensor-Based Rice Leaf Disease Detection in Smart Agriculture,Sensors,2026,INCLUDE,RETRIEVED,f207cff66416c3e8d537fae59faa7b20a76c041ef4bbe336e24fe3e2c8abffc3,,4,4.0
REP-0215,,10.1038/s41598-026-41190-2,A novel lightweight hybrid CNN–ViT for maize leaf disease classification,Scientific Reports,2026,INCLUDE,RETRIEVED,85ad4e1dd5c71f24a305b94a280b22332eb1baf3868c7694e8e0679c083e78c1,,4,4.0
REP-0231,,10.1109/ACCESS.2026.3660760,LightET-FusionNet as a Lightweight Deep Ensemble Model for Scalable Maize Disease Classification,IEEE Access,2026,INCLUDE,RETRIEVED,85c6514fa8f22e0784e9f5bb36bf311b4ab34a2c0e8a14d96eb88e44fdbe4a6a,,4,4.0
REP-0249,ST-005,10.1155/2022/6871085,A Novel AI-Based Approach for Better Segmentation of the Fungal and Bacterial Leaf Diseases of Rice Plant,Journal of Sensors,2022,INCLUDE,RETRIEVED,3481f01380fcc4a48a8be71ba262356e1ca578a913fac72cb40b75a59b9d7900,DOI,20,4.0
REP-0254,,10.3390/agriculture12101543,A Lightweight Real-Time Rice Blast Disease Segmentation Method Based on DFFANet,Agriculture (Switzerland),2022,INCLUDE,RETRIEVED,2bd05af6a5fd62bbc0cb46c3df3c2d5ceb3a0fbf62954a2cb0990d9ae81bf7d1,,20,4.0
REP-0349,,10.3389/frai.2025.1498025,MoSViT: a lightweight vision transformer framework for efficient disease detection via precision attention mechanism,Frontiers in Artificial Intelligence,2025,INCLUDE,RETRIEVED,c515dbe9d7710757b1f3fb64f4b216b45126de743174bded7ed18ba27a5b036b,,8,4.0
REP-0455,,10.1080/23311932.2025.2562165,ViTCon: a hybrid CNN-ViT model for improved plant leaf disease detection,Cogent Food and Agriculture,2025,INCLUDE,RETRIEVED,91da551158946320f110a758f6e7ade40d049f46eca3df343b1049d1442d942b,,8,4.0
REP-0470,,10.3389/frai.2024.1384709,Deep learning models for the early detection of maize streak virus and maize lethal necrosis diseases in Tanzania,Frontiers in Artificial Intelligence,2024,INCLUDE,RETRIEVED,9a848ba152f07ec23ecf82e4292bba0ebd116c3e4603f2c4220b7d7eb09ff237,,12,4.0
REP-0021,ST-019,10.32604/cmc.2022.028504,Rice Disease Diagnosis System (RDDS),"Computers, Materials and Continua",2022,INCLUDE,RETRIEVED,dbf1dbabf0106c511c223b7b1d113a5ffa3abe8311604ffad9fbd99ca1c096c1,DOI,19,3.8
REP-0360,,10.14569/IJACSA.2023.01406122,PaddyNet: An Improved Deep Convolutional Neural Network for Automated Disease Identification on Visual Paddy Leaf Images,International Journal of Advanced Computer Science and Applications,2023,INCLUDE,RETRIEVED,f1ac34e1707642cc6d35cc76d435528c74f36b5742fc36a413addd134630c6fc,,15,3.8
REP-0478,,10.11591/ijece.v13i3.pp2908-2920,Corn plant disease classification based on leaf using residual networks-9 architecture,International Journal of Electrical and Computer Engineering,2023,INCLUDE,RETRIEVED,fbd50ca738cb61b5d1e9c0b6156e747064bd65a535a77bfb8a10992d0eb2adc6,,15,3.8
REP-0111,,10.11591/IJAI.V10.I4.PP1069-1078,A performance evaluation of convolutional neural network architecture for classification of rice leaf disease,IAES International Journal of Artificial Intelligence,2021,INCLUDE,RETRIEVED,e3e1e09697e0552c92f5b68688eafcb545c5ed935b140b482474d6c030a88842,,22,3.7
REP-0282,ST-052,10.3389/fpls.2022.1008819,Image classification and identification for rice leaf diseases based on improved WOACW_SimpleNet,Frontiers in Plant Science,2022,INCLUDE,RETRIEVED,804b5c29d53d5f6af6eb10e3070c92d5bb58a82459a51fe3dc0fd9d884c9083a,DOI,18,3.6
REP-0411,ST-044,10.3390/foods11233914,Feature Mapping for Rice Leaf Defect Detection Based on a Custom Convolutional Architecture,Foods,2022,INCLUDE,RETRIEVED,7eb67e5483f0bfdf48a4d40211b0f98ab77720e93875741fe4732bc8654ba579,DOI,18,3.6
REP-0142,,10.29207/resti.v7i2.4736,Leaf Image Identification: CNN with EfficientNet-B0 and ResNet-50 Used to Classified Corn Disease,Jurnal RESTI,2023,INCLUDE,RETRIEVED,c31c8e0eed4707ca638958a52b01f4dac6d5147e2fb9f14286e5f325f75c7a1d,,14,3.5
REP-0284,,10.1016/j.atech.2025.101226,"Identification of maize leaf diseases using red, green, blue-based images with convolutional neural network (CNN) and residual network (ResNet50) models",Smart Agricultural Technology,2025,INCLUDE,RETRIEVED,172dd12475802d73b719fe39eb0a819f24f8676bd11fa1bd6ae02a45fc8ae789,,7,3.5
REP-0294,ST-077,10.52783/jns.v14.1909,A Convolutional Neural Network Approach for Rice Leaf Disease Detection in India Using Deep Learning,Journal of Neonatal Surgery,2025,UNCLEAR,RETRIEVED,e016d78a6ad5e0ba4c9fbf6f75e42b017c7ed9a12ec9177e7dea8cf3a3778725,DOI,7,3.5
REP-0129,,10.37936/ecti-cit.2024181.254501,An Ensemble of Transfer Learning based InceptionV3 and VGG16 Models for Paddy Leaf Disease Classication,ECTI Transactions on Computer and Information Technology,2024,INCLUDE,RETRIEVED,fec7285fe3450457491b59dfc9950c4f2a593574e0b8e9755cf4c44c8a60ba8a,,10,3.3
REP-0386,ST-022,10.3390/agronomy14081851,Improved Tunicate Swarm Optimization Based Hybrid Convolutional Neural Network for Classification of Leaf Diseases and Nutrient Deficiencies in Rice (Oryza),Agronomy,2024,INCLUDE,RETRIEVED,e631daddaf1271994f8de90d8023c8dc79812fcfe3253855b915b54cc581017c,DOI,10,3.3
REP-0140,ST-017,10.18280/ria.360503,Enhanced Hybrid Neural Networks (CoAtNet) for Paddy Crops Disease Detection and Classification,Revue d'Intelligence Artificielle,2022,INCLUDE,RETRIEVED,12bd7c143523b2accacb77afa229ca942c8e525306685e4f48844170cfd6f962,DOI,16,3.2
REP-0406,,10.29133/yyutbd.1140911,Identification of Some Paddy Rice Diseases Using Deep Convolutional Neural Networks,Yuzuncu Yil University Journal of Agricultural Sciences,2022,INCLUDE,RETRIEVED,236819e6c79b8858de80a31c2479dcde86f75884cb517e51f72e834dc9202909,,16,3.2
REP-0429,ST-062,10.32985/IJECES.14.6.4,Generic Paddy Plant Disease Detector (GP2D2): An Application of the Deep-CNN Model,International Journal of Electrical and Computer Engineering Systems,2023,INCLUDE,RETRIEVED,f852d271abdd2eb4c4a461b3b2bac42862a037cdb43d6ee6de9da608ed58d40b,DOI,13,3.2
REP-0110,,10.32604/cmc.2025.069970,Lightweight YOLOv5 with ShuffleNetV2 for Rice Disease Detection in Edge Computing,"Computers, Materials and Continua",2026,INCLUDE,RETRIEVED,a265730684b4adec459a55fefb73913c0b7cdd731f041047dd3fbab1562f8949,,3,3.0
REP-0195,,10.58346/JISIS.2025.I2.028,Slice Residual U-Net Based Rice Plant Disease Classification Using Convolutional Attentional BiGRU,Journal of Internet Services and Information Security,2025,INCLUDE,RETRIEVED,e8fd1b465fd6979c4584002a72f5451b695498e80d09219b406b39dd171ab148,,6,3.0
REP-0206,,10.3390/plants12132433,MTDL-EPDCLD: A Multi-Task Deep-Learning-Based System for Enhanced Precision Detection and Diagnosis of Corn Leaf Diseases,Plants,2023,INCLUDE,RETRIEVED,545768bfd0794ff883a2bf8ed627d2ac4aa46d80d33e21069b1170c5208a214b,,12,3.0
REP-0232,,10.18280/mmep.120211,Corn Leaf Disease Classification Using Convolutional Neural Network Based on MobileNetV2 with RMSProp Optimization,Mathematical Modelling of Engineering Problems,2025,INCLUDE,RETRIEVED,cd121d472f1f962cf75365e80086786581d2466d6955123a7792c193d3e7c29f,,6,3.0
REP-0237,,10.3390/plants14162465,KBNet: A Language and Vision Fusion Multi-Modal Framework for Rice Disease Segmentation,Plants,2025,INCLUDE,RETRIEVED,167c9ef96eb1dd53ae1deb7e15cfa4e0a476c835e67d91e2ccf2efee33610eb1,,6,3.0
REP-0325,ST-099,10.29133/yyutbd.1402821,Innovative Approaches to Rice (Oryza sativa) Crop Health: A Comprehensive Analysis of Deep Transfer Learning for Early Disease Detection,Yuzuncu Yil University Journal of Agricultural Sciences,2024,INCLUDE,RETRIEVED,0b73e869f91a046d7bc48ec33d625594fc1c65ef016545eb1af5da41163ac0ad,DOI,9,3.0
REP-0350,,10.62527/joiv.9.2.3559,Maize Leaf Disease Identification with Large and Lightweight Convolutional Neural Models,International Journal on Informatics Visualization,2025,INCLUDE,RETRIEVED,ccb8f5adcd2cfbd06816b37e14fdca2c517d7e66226a2f36367371b95f1575ff,,6,3.0
REP-0432,,10.3389/fpls.2025.1635302,Lightweight rice leaf spot segmentation model based on improved DeepLabv3+,Frontiers in Plant Science,2025,INCLUDE,RETRIEVED,ad4e64c9e9f88bdad9a0bdd25e9d42a8ff44d7fbc8c392589890b7737854205f,,6,3.0
REP-0445,,10.1038/s41598-026-38151-0,Digital decision support integrated with diagnostics and precision fungicide application for Southern Corn Leaf Blight in maize,Scientific Reports,2026,INCLUDE,RETRIEVED,6e6c104a5c4f3168baa4161895d4eab7a620216f9b30e6edaacd9c12024bb75b,,3,3.0
REP-0073,,10.4108/eetpht.9.4481,Advanced Hybrid Model for Multi Paddy diseases detection using Deep Learning,EAI Endorsed Transactions on Pervasive Health and Technology,2023,INCLUDE,RETRIEVED,c94ddc321b473a552f18707853c8491f2851412c35caaaa3bcc364d9f21c1186,,11,2.8
REP-0300,,10.1038/s41598-022-23484-3,Research On Maize Disease Identification Methods In Complex Environments Based On Cascade Networks And Two-Stage Transfer Learning,Scientific Reports,2022,INCLUDE,RETRIEVED,a162e992fe0b05d89873b2ffc2f33e2453319b8439116277f711068368535c95,,14,2.8
REP-0397,ST-034,10.5391/IJFIS.2021.21.1.1,Rice Fungal Diseases Recognition Using Modern Computer Vision Techniques,International Journal of Fuzzy Logic and Intelligent Systems,2021,INCLUDE,RETRIEVED,33f50df29a7ee5232cdea39a2b0544526000255a49774176b04888b3450e5568,DOI,17,2.8
REP-0070,,10.35377/saucis...1418505,Automatic Maize Leaf Disease Recognition Using Deep Learning,Sakarya University Journal of Computer and Information Sciences,2024,INCLUDE,RETRIEVED,8a22c864056e92a494aabb4bc6ac8d20a13ab7d99426e705e0d1daafd84fc075,,8,2.7
REP-0400,ST-036,10.32629/jai.v7i3.1282,Performance analysis of various deep learning models for detecting rice diseases,Journal of Autonomous Intelligence,2024,INCLUDE,RETRIEVED,4f929001a91c2d05a5b2455d03538429c5215fe1e6e728ceb77f65203ecee164,DOI,8,2.7
REP-0081,,10.20965/jaciii.2022.p0914,fMaize: A Seamless Image Filtering and Deep Transfer EfficientNet-b0 Model for Sub-Classifying Fungi Species Infecting Zea mays Leaves,Journal of Advanced Computational Intelligence and Intelligent Informatics,2022,INCLUDE,RETRIEVED,00ef62ef85de957fd96eb9d45a96839f5f8248f384a200ef5856a6ca51b1f2bb,,13,2.6
REP-0074,ST-088,10.1007/s10791-025-09799-5,Enhancing green AI through explainable deep learning-based multi-model for automated rice leaf disease classification,Discover Computing,2025,INCLUDE,RETRIEVED,3ad06358e330d45d1cc865e1a0e7cc6153443b7bd236046653c5b15403a9ef6b,DOI,5,2.5
REP-0116,,10.3389/fpls.2025.1543986,Rice disease detection method based on multi-scale dynamic feature fusion,Frontiers in Plant Science,2025,INCLUDE,RETRIEVED,5a58a2b69b3ae388fed555a3c28921398600074c31d1e28dd97b1a6e2ade1851,,5,2.5
REP-0179,,10.3390/su151813420,Sample Expansion and Classification Model of Maize Leaf Diseases Based on the Self-Attention CycleGAN,Sustainability (Switzerland),2023,INCLUDE,RETRIEVED,60998ddc7cf4919985fbb811e085bd7284aa703e18f2974747a825e0aec749fd,,10,2.5
REP-0304,,10.12785/ijcds/140199,Real-Time Disease Detection System for Maize Plants Using Deep Convolutional Neural Networks,International Journal of Computing and Digital Systems,2023,INCLUDE,RETRIEVED,027ac8c0a1befb3f4b11a53d576c18ad2a3a6e38eebb2fa115dd7f1b2ac99fa2,,10,2.5
REP-0341,,10.1038/s41598-025-18672-w,Hybrid deep learning for smart paddy disease diagnosis using self supervised hierarchical reconstruction and attention based temporal analysis,Scientific Reports,2025,INCLUDE,RETRIEVED,d1627d838943ce9d2bb29ff23d3472508dcb7c9a9d8e01f59c7960a615f9e4ee,,5,2.5
REP-0348,,10.1007/s43621-025-01256-z,Maize leaf disease multiclass classification and recognition for sustainable agriculture using multi preceptive deep learning model,Discover Sustainability,2025,INCLUDE,RETRIEVED,4daccbdb75e48015452f99e1bf9cb4812286150e272f30bd6a02dc285aca7c18,,5,2.5
REP-0128,,10.14569/IJACSA.2024.0150873,Using Pretrained VGG19 Model and Image Segmentation for Rice Leaf Disease Classification,International Journal of Advanced Computer Science and Applications,2024,INCLUDE,RETRIEVED,9954247e382606cf027c87cbdf0f6f6363c5a1300a26af3d19d995dd692ce467,,7,2.3
REP-0261,,10.3390/agronomy14112652,Semantic Segmentation of Corn Leaf Blotch Disease Images Based on U-Net Integrated with RFB Structure and Dual Attention Mechanism,Agronomy,2024,INCLUDE,RETRIEVED,a3b48e0903a2e1d0a1f4250a7816cebbaac33b1deb085563a8d0ac851245651d,,7,2.3
REP-0044,,10.24425/acs.2025.155393,CentralMaizeGuard: Enhanced deep learning model for maize disease detection and management,Archives of Control Sciences,2025,INCLUDE,RETRIEVED,751f68d40e03f8421b816834c8a5e5536995ba571e93e333d52410eed83ea3aa,,4,2.0
REP-0046,ST-050,10.1109/ACCESS.2026.3664467,Hybrid DenseNet Architectures and KerasTuner-Based Optimization for Rice Leaf Disease Detection,IEEE Access,2026,INCLUDE,RETRIEVED,874830dcd6b58336eda0cbcffb72b1cf8bdb04332bb900b5c1bd040fab115f57,DOI,2,2.0
REP-0048,,10.3389/fpls.2025.1711700,A hybrid vision transformer and ResNet18 based model for biotic rice leaf disease detection,Frontiers in Plant Science,2025,INCLUDE,RETRIEVED,1542b7c0b326616843168a443e003c23aee1efd9905437df411ab6f52ed3d6a1,,4,2.0
REP-0053,ST-139,10.3389/frai.2026.1764283,ZamYOLO-maize: a YOLOv8n-based deep learning framework for automated detection and classification of maize leaf diseases in field conditions in Zambia,Frontiers in Artificial Intelligence,2026,INCLUDE,RETRIEVED,4b0c42843b8d3fbf925eb4cb7f2f6b91916aff11349e43083ddec7c7c1be3591,DOI,2,2.0
REP-0056,ST-064,10.18280/ijcmem.120104,A Hybrid ViT-CNN Model Premeditated for Rice Leaf Disease Identification,International Journal of Computational Methods and Experimental Measurements,2024,INCLUDE,RETRIEVED,2fc776aac3829f0939347ed49da62224ba4bc9ba7da7372ceb70a835e3cdf179,DOI,6,2.0
REP-0059,ST-067,10.32604/csse.2023.036144,Towards Intelligent Detection and Classification of Rice Plant Diseases Based on Leaf Image Dataset,Computer Systems Science and Engineering,2023,INCLUDE,RETRIEVED,b39c77319365791d63d138365860c4f50a0f093bb3fd76cafb7c67deeadb1828,DOI,8,2.0
REP-0097,ST-104,10.3389/fpls.2022.910878,Effects of Image Dataset Configuration on the Accuracy of Rice Disease Recognition Based on Convolution Neural Network,Frontiers in Plant Science,2022,INCLUDE,RETRIEVED,52ac01081bbec50c0ea8da37ebd633dbc32a3529fe0f4d69ab2f4a8783c40d8f,DOI,10,2.0
REP-0106,,10.3390/plants15060982,ConvDeiT-Tiny: Adding Local Inductive Bias to DeiT-Ti for Enhanced Maize Leaf Disease Classification,Plants,2026,INCLUDE,RETRIEVED,9c6cf0737f622bbda17dfed4ad044c6963750e2ff7762656574fb5402107a6e3,,2,2.0
REP-0150,,10.1016/j.mex.2025.103551,VCNet: Optimized Deep Learning framework with deep feature extraction and genetic algorithm for multiclass rice crop disease detection,MethodsX,2025,INCLUDE,RETRIEVED,fd6cc7e048d1d8fea9c188a011b49547724dc6a048d139abd682c292ebc8a38a,,4,2.0
REP-0159,,10.1016/j.inpa.2026.02.008,Efficient field-scale detection system of intensive rice lesions on edge devices,Information Processing in Agriculture,2026,INCLUDE,RETRIEVED,454c8cbaff674cb31cc5a5363b9d92ea2a77405cd026fcc18ba93d3ed96f6463,,2,2.0
REP-0186,ST-071,10.24271/psr.2025.490265.1825,Accurate Rice Disease Detection Using Hybrid Convolutional Neural Networks and Transformer Models,Passer Journal of Basic and Applied Sciences,2025,INCLUDE,RETRIEVED,d703d7ef3465599ab4aa360397894f2db63fd60e0d9aa56d710ceeb004277089,DOI,4,2.0
REP-0193,,10.11591/ijece.v14i2.pp1739-1749,Detection of diseases in rice leaf using convolutional neural network with transfer learning based on ResNeXt,International Journal of Electrical and Computer Engineering,2024,INCLUDE,RETRIEVED,ca62209e6729b4e6cdc8dbfa29ad02576679276fd37ad963e108f976264e4259,,6,2.0
REP-0205,,10.3390/plants13162277,ICPNet: Advanced Maize Leaf Disease Detection with Multidimensional Attention and Coordinate Depthwise Convolution,Plants,2024,INCLUDE,RETRIEVED,804c909e6115691ac0b7586bb913675194920f9131a03c6dd33482f9da15e2bf,,6,2.0
REP-0209,,10.1080/21642583.2023.2177770,New method for rice disease identification based on improved deep residual shrinkage network,Systems Science and Control Engineering,2023,INCLUDE,RETRIEVED,418a9ef89515fdad521bb421258615cc32786358c20b9547ce6c43dbb6bddaa4,,8,2.0
REP-0229,,10.3390/agriculture14071140,Semi-Supervised One-Stage Object Detection for Maize Leaf Disease,Agriculture (Switzerland),2024,INCLUDE,RETRIEVED,c0dc93442f9d9cb877a76c8c38339769b9ccf16ad3b8b78ae4e43b03562f81f1,,6,2.0
REP-0236,,10.3389/fpls.2024.1490026,Efficient and accurate identification of maize rust disease using deep learning model,Frontiers in Plant Science,2024,INCLUDE,RETRIEVED,7ca4b0eb6e0a267be7a7f2564263f55aebe2c26cc1207e72112df94a47ada20f,,6,2.0
REP-0408,,10.1038/s41598-025-12276-0,Interpretable multitask deep learning model for detecting and analyzing severity of rice bacterial leaf blight,Scientific Reports,2025,INCLUDE,RETRIEVED,a239e1c040569d6430da40ba25398faa0cde2b16752200ad1b1d039ea940b5cf,,4,2.0
REP-0436,ST-074,10.1002/eng2.70231,RiceLeafClassifier-v1.0: A Quantized Deep Learning Model for Automated Rice Leaf Disease Detection and Edge Deployment,Engineering Reports,2025,INCLUDE,RETRIEVED,5a41d6b1c732e6dd947b4dfd2eb182355533d228e0c345a93f57f7df9b4a00d2,DOI,4,2.0
REP-0456,,10.48084/etasr.7821,Maize Leaf Disease Detection using Manta-Ray Foraging Optimization with Deep Learning Model,"Engineering, Technology and Applied Science Research",2024,INCLUDE,RETRIEVED,1685d0ecff60cdb1d379c4a931cda319891679599834b7b662d925773d49bd2e,,6,2.0
REP-0137,ST-011,10.37391/IJEER.100405,Identification of Unhealthy Leaves in Paddy by using Computer Vision based Deep Learning Model,International Journal of Electrical and Electronics Research,2022,INCLUDE,RETRIEVED,c10ba1924286ec82a388300cb620c6c4bc3eded8ec5189306b18accb014b74c9,DOI,9,1.8
REP-0015,ST-014,10.18280/mmep.111115,Deep Learning for the Classification of Rice Leaf Diseases Using YOLOv8,Mathematical Modelling of Engineering Problems,2024,INCLUDE,RETRIEVED,fa4afa609ba69b7047440069a4b100587ed7e583e9be3b5a591a4c476590c1cf,DOI,5,1.7
REP-0014,,10.3390/s25164954,DSTANet: A Lightweight and High-Precision Network for Fine-Grained and Early Identification of Maize Leaf Diseases in Field Environments,Sensors,2025,INCLUDE,RETRIEVED,4ce67ac3ab979220fd52bf20c604f5e052d48a679bbe7f9e533e443978dcd902,,3,1.5
REP-0077,,10.3390/agriengineering7080255,Multi-Model Identification of Rice Leaf Diseases Based on CEL-DL-Bagging,AgriEngineering,2025,INCLUDE,RETRIEVED,3fabe9e467b3fc99059f6d1657214dd788f20c95f3c667399631c0609029379f,,3,1.5
REP-0241,ST-127,10.15832/ankutbd.1552013,Diagnosis of Paddy Diseases Using Pre-Trained Architectures and a Proposed Enhanced EfficientNetB3 Model,Tarim Bilimleri Dergisi,2025,INCLUDE,RETRIEVED,e89ff66f938de986f4d7b0cdb9b7a81df806733cf443a8f2cdcf3289dd0bfda5,DOI,3,1.5
REP-0242,ST-129,10.3390/agriengineering7110359,MCP-X: An Ultra-Compact CNN for Rice Disease Classification in Resource-Constrained Environments,AgriEngineering,2025,INCLUDE,RETRIEVED,7698ed5e6227452e11dbe58510f93bfb33fa7c892ba56e29d01a06cf0630487f,DOI,3,1.5
REP-0353,ST-120,10.46481/jnsps.2025.2940,Efficient-ViT B0Net: A high-performance lightweight transformer for rice leaf disease recognition and classification,Journal of the Nigerian Society of Physical Sciences,2025,INCLUDE,RETRIEVED,0d5ca3cf3b00d5e05402603e68bc86e7c6cc6947929a2e0e51ff2d3dbab02d84,DOI,3,1.5
REP-0451,,10.1007/s44163-025-00548-7,A statistically validated stacking ensemble of CNNs and vision transformer for robust maize disease classification,Discover Artificial Intelligence,2025,INCLUDE,RETRIEVED,7b8077c757e32188e3f0bfd9aae6326df58fb54bac7ebb60ed371251b07e09f7,,3,1.5
REP-0477,,10.7717/peerj-cs.3018,Advanced clustering and transfer learning based approach for rice leaf disease segmentation and classification,PeerJ Computer Science,2025,INCLUDE,RETRIEVED,cd111d87773f4733f51a545a44770fa45aae573f226e2875705999000d155d50,,3,1.5
REP-0495,ST-128,10.1016/j.atech.2025.101301,Detectron2-enhanced mask R-CNN for precise instance segmentation of rice blast disease in Tanzania: Supporting timely intervention and data-driven severity assessment,Smart Agricultural Technology,2025,INCLUDE,RETRIEVED,fd0471c22fe2fd9c4ad5bf905a44050f86a76507d5184657ee6ac8a9e96e2384,DOI,3,1.5
REP-0025,,10.1016/j.jssas.2024.09.002,An efficient corn leaf disease prediction using Adaptive Color Edge Segmentation with Resnext101 model,Journal of the Saudi Society of Agricultural Sciences,2024,INCLUDE,NOT_RETRIEVED,,,4,1.3
REP-0343,,10.14569/IJACSA.2024.0150356,Deep Convolutional Neural Networks Fusion with Support Vector Machines and K-Nearest Neighbors for Precise Crop Leaf Disease Classification,International Journal of Advanced Computer Science and Applications,2024,INCLUDE,RETRIEVED,63e33dd88def027a5a1cd4fca6164744ff46e829fb6207cd978992238596c508,,4,1.3
REP-0361,,10.55214/25768484.v8i6.2372,Improving losses & accuracy through design of deep convolutional generative adversarial network (DCGAN) for plant disease detection tasks,Edelweiss Applied Science and Technology,2024,INCLUDE,RETRIEVED,76f0885a2677d255de01de3bda2ddb47f4246728ec2b70b9c2d03de488bf4713,,4,1.3
REP-0479,ST-111,10.14569/IJACSA.2023.0140311,Optimal Training Ensemble of Classifiers for Classification of Rice Leaf Disease,International Journal of Advanced Computer Science and Applications,2023,INCLUDE,RETRIEVED,667d6450a4b40eaef2d1e0fc0c348fa405a8cdc2d05b4541c93a66bbb81103f5,DOI,5,1.2
REP-0103,,10.3389/fpls.2025.1695076,SEAFEC: a spatial–edge adaptive convolution for multi-scale and boundary-aware plant disease and weed imagery,Frontiers in Plant Science,2026,INCLUDE,RETRIEVED,747d6cf4b7d326dcb92ef16348cc2035dc0f857f4cedb948a52d87f9b9cbdd28,,1,1.0
REP-0115,ST-121,10.55214/25768484.v8i6.2167,A novel hybrid deep learning framework for enhanced segmentation of rice leaf diseases using attention-driven efficientnet models,Edelweiss Applied Science and Technology,2024,INCLUDE,RETRIEVED,d3c9782a73b0e22849a5e0a3b5b89899967ac807364ead2e99486320e370a243,DOI,3,1.0
REP-0122,,10.3389/fpls.2026.1840425,LSL-YOLO11n: a YOLO11n-based model for maize leaf disease detection in complex field environments,Frontiers in Plant Science,2026,INCLUDE,RETRIEVED,7fffa7b21a6c79cc25d3f15fb16e1b7a1cfc75666fa6c653e0f71ee601e936b6,,1,1.0
REP-0148,ST-028,10.14569/IJACSA.2024.0150783,Precision Farming with AI: An Integrated Deep Learning Solution for Paddy Leaf Disease Monitoring,International Journal of Advanced Computer Science and Applications,2024,INCLUDE,RETRIEVED,282180fdf25993bb042271731cc41435e8d10d26d008c96f605d1884323365a5,DOI,3,1.0
REP-0166,,10.11591/eei.v14i4.9260,A lightweight convolutional neural network for rice leaf disease detection integrated in an Android application,Bulletin of Electrical Engineering and Informatics,2025,INCLUDE,RETRIEVED,101b4411d398cb480ac2021c087e67e849ba9c07e4bdc894823dc81516d10971,,2,1.0
REP-0213,,10.22441/sinergi.2025.1.018,Performance evaluation of hyper-parameter tuning automation in YOLOV8 and YOLO-NAS for corn leaf disease detection,Sinergi (Indonesia),2025,INCLUDE,RETRIEVED,de0fd61b0d0de94d90f3abb4553088d6b51fe9ce88c2e870e5cfb9ece68eec80,,2,1.0
REP-0220,ST-106,10.32604/cmc.2026.077207,"Optimizing YOLOv11 for Rice Disease Detection: Integrating RepViT Backbone, BiFPN, and CBAM Attention","Computers, Materials and Continua",2026,INCLUDE,RETRIEVED,918af85d906d741738393a9176032233cdf881a5600d44105cc8052a32afa4fc,DOI,1,1.0
REP-0228,,10.1038/s41598-025-32568-9,A lightweight and generalizable deep learning framework for early detection of rice leaf diseases in complex field environments,Scientific Reports,2025,INCLUDE,RETRIEVED,78660b94ccbce358ea40689a83745811f17175fd3ed98f7df87895aa14b53557,,2,1.0
REP-0295,,10.3390/s26102969,CKM-YOLO11: A Lightweight Maize Foliar Disease Detection Model for Complex Natural Field Environments,Sensors,2026,INCLUDE,RETRIEVED,813c5e949ac8392bea26be18b22ad2f021322af939ed8b25fc3372146c6d8723,,1,1.0
REP-0352,,10.1038/s41598-026-42220-9,A deep learning optimized model for classification and detection of rice leaf diseases,Scientific Reports,2026,INCLUDE,RETRIEVED,15975aa23e5791a81cbc9f9d6937c67221ef08d18f190f168e3151e9d93b65bd,,1,1.0
REP-0355,,10.1186/s13007-026-01514-9,Enhanced corn leaf disease detection using sharpness-aware minimization optimized CNNs,Plant Methods,2026,INCLUDE,RETRIEVED,29d5af511cc9ec0b7ffd57ea9cff9000ec9748be40ff5d3022fae59d173604b6,,1,1.0
REP-0358,,10.18280/isi.300609,The Impact of Convolutional Layer Selection in ResNet-50v2 Architecture on Corn Leaf Disease Classification,Ingenierie des Systemes d'Information,2025,INCLUDE,RETRIEVED,7df3f41be15dcbdb1b1f8297f41322e6802eb59c6c3e02d47884d5501d13c733,,2,1.0
REP-0379,ST-158,10.1109/ACCESS.2026.3679392,RiceLDD-YOLO: Optimizing the YOLOv13 Model to Improve the Efficiency of Rice Leaf Disease Detection,IEEE Access,2026,INCLUDE,RETRIEVED,61afa494f2657434c2e1d59760f33ab91f69933c0bac0028cbe51dbc21419ecc,DOI,1,1.0
REP-0393,ST-138,10.1109/ACCESS.2026.3671838,"LapGraph-CutFS: A Deep Learning-Based Framework for Multi-Class Classification of Maize Leaf Pests, Diseases, and Healthy States",IEEE Access,2026,INCLUDE,RETRIEVED,a06e84087ec2921003f6449647e06cd6e574d3874e4aca6d5653c9dbf407b636,DOI,1,1.0
REP-0440,,10.14716/ijtech.v16i5.7766,Exploiting The Strength of Modified Parrot Optimization Algorithm for Enhancing Rice Leaf Disease Detection Using Convolutional Neural Network and Transfer Learning,International Journal of Technology,2025,INCLUDE,RETRIEVED,bad027ee2deb89efe3894c9872db5d528b18bfaead5ea6ad5e44e8c485ca6c26,,2,1.0
REP-0448,,10.1007/s44447-025-00093-w,An efficient corn leaf disease prediction using adaptive color edge segmentation with Resnext101 model,Journal of the Saudi Society of Agricultural Sciences,2026,INCLUDE,RETRIEVED,6508c95bc0fe02ef55b99d7677e11aa8ca4aab076748a8922b1d0283c5c79820,,1,1.0
REP-0463,,10.3389/fpls.2026.1803005,Mobile-assisted deep learning framework for identification of insect pests and diseases of maize from field images,Frontiers in Plant Science,2026,INCLUDE,RETRIEVED,31c012baae01c7eda8e8ec92ea29ce6084575daa3c5206150e6b4804a56a3f9e,,1,1.0
REP-0473,,10.14569/IJACSA.2026.0170124,Comparative Evaluation of CNN Architectures for Corn Leaf Diseases Classification,International Journal of Advanced Computer Science and Applications,2026,INCLUDE,RETRIEVED,78cb6d8d992b50c3d601efe03c49904570ca23153142c49293e301783234d0b3,,1,1.0
REP-0486,ST-248,10.3390/s26010035,A Lightweight Edge-Deployable Framework for Intelligent Rice Disease Monitoring Based on Pruning and Distillation,Sensors,2026,INCLUDE,RETRIEVED,4ed9f35b35c35ddea2596139bc3f200618a6d9f23f985bbc360a0b5b8974b539,DOI,1,1.0
REP-0437,,10.3390/s22249717,Implementing a Compression Technique on the Progressive Contextual Excitation Network for Smart Farming Applications,Sensors,2022,INCLUDE,RETRIEVED,481faec7fcb4e12f74d2941f7665a56a9deb330567ca22ca8ae088e44901bfc2,,4,0.8
REP-0476,ST-107,10.29207/resti.v7i5.4344,Disease Detection on Rice Leaves through Deep Learning with InceptionV3 Method,Jurnal RESTI,2023,INCLUDE,RETRIEVED,d74571af57506d478ab6f98284158ebedbecd1a4d1a5cfea674a8196e813d8a7,DOI,3,0.8
REP-0010,ST-008,10.47857/irjms.2024.v05i03.0159,A Real Time Performance Comparison of Rice Plant Disease Identification System using Deep CNN Models,International Research Journal of Multidisciplinary Scope,2024,INCLUDE,RETRIEVED,353bcd3cf3bfdecc755e3ddc9275ac65fb1c9345ec89b2cfef07737dca5a9fcc,DOI,2,0.7
REP-0176,ST-063,10.18280/mmep.110517,Identification of Rice Plant Diseases Using Convolutional Neural Network Method,Mathematical Modelling of Engineering Problems,2024,INCLUDE,RETRIEVED,a00f2f36ee2c9508c848f6161f3b10131ceb1bbca2c63364d491c566f6092359,DOI,2,0.7
REP-0390,,10.3389/fcomp.2024.1279810,OSPS-MicroNet: a distilled knowledge micro-CNN network for detecting rice diseases,Frontiers in Computer Science,2024,INCLUDE,RETRIEVED,c14f68f0f308e9a0801938c7062a73eb11cc13acac815c93a6bba3658e34c095,,2,0.7
REP-0071,,10.17957/IJAB/15.2313,Enhanced Paddy Disease Classification with Faster R-CNN and ResNet-50: A Deep Learning Approach,International Journal of Agriculture and Biology,2025,INCLUDE,RETRIEVED,3ac0e321cc604152d4f35f28343efaa4c3a9388fd1e059a7fe3785cb34ae1320,,1,0.5
REP-0079,,10.1186/s40538-025-00785-z,Median interacted pigeon optimization-based hyperparameter tuning of CNN for paddy leaf disease prediction,Chemical and Biological Technologies in Agriculture,2025,INCLUDE,RETRIEVED,0c5e11ec28cef418c591e4aee47708fe5e79357c42458c5342f7a64f535f9f30,,1,0.5
REP-0123,ST-132,10.11591/ijra.v14i2.pp237-247,"A novel approach to enhance rice foliar disease detection: custom data generators, advanced augmentation, hybrid fine-tuning, and regularization techniques with DenseNet121",IAES International Journal of Robotics and Automation,2025,INCLUDE,RETRIEVED,5925fdf725320bfba3d73e72f92e79c53170302310879cc0071f72732c6252df,DOI,1,0.5
REP-0297,ST-079,10.11591/ijai.v14.i6.pp5069-5080,Designing a squeeze-and-excitation-capsule BiLSTM-transformer for plant leaf disease recognition,IAES International Journal of Artificial Intelligence,2025,INCLUDE,RETRIEVED,8a22927f457b54d6907f2c5ee2860dc7c67fa80f4f861a4a92aa53ff36dc9f65,DOI,1,0.5
REP-0322,ST-096,10.48084/etasr.11930,Image-Based Deep Learning Method for Detecting Diseases in Rice Plants,"Engineering, Technology and Applied Science Research",2025,INCLUDE,RETRIEVED,cba671ecad964eae59d26a2757019fe1f0ec29eacbe7f3dbc3bca16981714462,DOI,1,0.5
REP-0323,ST-097,10.1016/j.fraope.2025.100399,Enhanced rice disease classification through pre-trained densenet model using transfer learning,Franklin Open,2025,INCLUDE,RETRIEVED,2c884da4e0a147ddce6ef52f5b328d6d241b037e960f2b7ebf45ff37c267335d,DOI,1,0.5
REP-0387,ST-024,10.14569/IJACSA.2025.0161155,Generalizing In-Field Plant Disease Diagnosis: A Deep Transfer Learning Approach for Multi-Crop and Heterogeneous Imaging Conditions,International Journal of Advanced Computer Science and Applications,2025,INCLUDE,RETRIEVED,797171958ed3b8208b649fbd01629ecc8f5283086054513d83a16d1e571aec61,DOI,1,0.5
REP-0428,ST-058,10.1016/j.rineng.2025.107401,Evolution of the mobile app for early diagnosis and sustainable management of rice diseases,Results in Engineering,2025,INCLUDE,RETRIEVED,8a8f4b8ed3a57164f5895e5e5595a027a5508c05148970172644738957719743,DOI,1,0.5
REP-0214,ST-098,10.22144/ctujoisd.2024.316,Application of deep learning for rice leaf disease detection in the Mekong Delta,CTU Journal of Innovation and Sustainable Development,2024,INCLUDE,RETRIEVED,f81b5ae19a133aa5e9d7d7138f929173c3ee610a86be4863a2b7fe299b2b87bc,DOI,1,0.3
REP-0298,,10.59018/022437,A NOVEL TECHNIQUE PREDICTING THE RICE LEAF DISEASES USING CONVOLUTIONAL NEURAL NETWORK,ARPN Journal of Engineering and Applied Sciences,2024,INCLUDE,RETRIEVED,1c3d7c5a5cf103890dfcdcc84b89f3a7bd861c2468b90db6cf4fcddb22c7795e,,1,0.3
REP-0378,ST-015,10.14569/IJACSA.2021.0120943,Hybrid Decision Support System Framework for Leaf Image Analysis to Improve Crop Productivity,International Journal of Advanced Computer Science and Applications,2021,INCLUDE,RETRIEVED,d440d38c678e205d6df8be6dd6573538982102c3248f6cd69a461500302bfae8,DOI,2,0.3
REP-0005,,10.3390/computers15080528,Global-Local Feature-Based Rice Leaf Disease Classification Using Two-Stream Deep Neural Network Feature Fusion,Computers,2026,INCLUDE,RETRIEVED,3cdcfa1be834661fac0f4ae7ac74c127d9d1f482272ccd3b3312bb2ec0911e49,,0,0.0
REP-0016,,10.1371/journal.pone.0356383,IoT-RiceMobileNet: An improved lightweight MobileNetV2 Model for real-time multi-class rice disease detection using IoT,PloS one,2026,INCLUDE,RETRIEVED,6f286dafd80825c608ed9988feb26322748474461570647846b49167900a28b9,,0,0.0
REP-0039,ST-045,10.24425/jppr.2026.158061,ERROA: Enhanced remora rider optimization algorithm-based AlexNet for rice leaf disease classification,Journal of Plant Protection Research,2026,INCLUDE,RETRIEVED,30f41241b76362feb73aa0f26a24d2002acd4036cdf2a642fc304fe527b9f935,DOI,0,0.0
REP-0047,ST-051,10.1038/s41598-026-52534-3,A hybrid deep learning model with adaptive feature fusion for automated rice leaf disease detection and classification,Scientific Reports,2026,INCLUDE,RETRIEVED,48306e3e8745febdbe6554580ab448ec38d162b16524c9297aacafe77449db61,DOI,0,0.0
REP-0049,ST-053,10.11591/ijai.v15.i2.pp1646-1663,Unified voting-based ensemble learning for rice leaf disease detection using improved pretrained models,IAES International Journal of Artificial Intelligence,2026,INCLUDE,RETRIEVED,dccb895bbb889ae049f7804bcd2abd1ae583d7b6b06faf219ce2277663dcab4c,DOI,0,0.0
REP-0052,ST-060,10.59543/jidmis.v3.433,Rice Disease Detection Using an Optimized Modified Lightweight Convolutional Neural Network,Journal of Intelligent Decision Making and Information Science,2026,INCLUDE,RETRIEVED,c5d57d34151f65bf0bb8bb617ecf52434a132f9efafb7f8342db46b0c098c404,DOI,0,0.0
REP-0069,ST-078,10.1038/s41598-026-41654-5,Integrating EfficientNetV2 with guided filopic diffusion for enhanced rice leaf disease recognition,Scientific Reports,2026,INCLUDE,RETRIEVED,c3a7e548d0ebdbb732e06c96454eb9b863312638a3684036b23bd854a4d1ccd5,DOI,0,0.0
REP-0082,ST-094,10.47852/bonviewAIA52026109,Optimizing Rice Health: A Comparative Evaluation of Pretrained and Custom Convolutional Neural Networks for Disease Recognition,Artificial Intelligence and Applications,2026,INCLUDE,RETRIEVED,67f3fd7cc993dbc2f4c6de9f21ae03ced3ee5cc7c13765ed0ff506cd9c4e4a52,DOI,0,0.0
REP-0089,,10.3389/fpls.2026.1789523,LMRNet: a lightweight convolutional neural network for real-time mountain rice leaf disease recognition on edge devices,Frontiers in Plant Science,2026,INCLUDE,RETRIEVED,afc3f925527398500db6c6ae241953c87aa0524f21db9956785f435185b96f09,,0,0.0
REP-0113,,10.11591/ijai.v15.i1.pp756-765,Intelligent plant disease detection using twin attention optimal convolutional neural network,IAES International Journal of Artificial Intelligence,2026,INCLUDE,RETRIEVED,cbf50ba9b3c82344384beb53bc428422bf4f3cf414a3a04dca55434f2ac523d3,,0,0.0
REP-0120,ST-126,10.30880/jscdm.2026.07.02.002,Ensemble CNN Model for Detecting Rice Leaf Diseases by Integrating MobileNetV2 and EfficientNet-B1 Architectures,Journal of Soft Computing and Data Mining,2026,INCLUDE,RETRIEVED,e244e2d31ec9a9073b1abcb795be7a703e1012bd31452bf8b4ae376774a4166d,DOI,0,0.0
REP-0127,,10.3390/agriculture15242550,A Lightweight Segmentation Model for Northern Corn Leaf Blight Based on an Enhanced UNet Architecture,Agriculture (Switzerland),2025,INCLUDE,RETRIEVED,c38878640acff4d84acfcf2b5685882c66d8f01a35b21da19f791b4813e28062,,0,0.0
REP-0156,,10.11591/ijai.v14.i3.pp2547-2558,A novel light-weight convolutional neural network for rice leaf disease classification,IAES International Journal of Artificial Intelligence,2025,INCLUDE,RETRIEVED,59d1f656873863293ff8e7a672519ec2b86913c70300c98a3fb2455f2a4569ff,,0,0.0
REP-0170,,10.20473/jisebi.11.3.420-432,Transfer Learning-Based Convolutional Neural Network for Accurate Detection of Rice Leaf Disease in Precision Agriculture,Journal of Information Systems Engineering and Business Intelligence,2025,INCLUDE,NOT_RETRIEVED,,,0,0.0
REP-0178,ST-264,10.3390/electronics15173769,Integrating CDSA Attention and Asymmetric Feature Enhancement for Lightweight Maize Disease Detection on Edge Devices,Electronics (Switzerland),2026,INCLUDE,RETRIEVED,ebc09a4c3ce2ddf360a778f5b8ee91a09a85912a7d547d0db81963e0ba493e07,DOI,0,0.0
REP-0182,,10.4114/intartif.vol29iss77pp40-56,Integrated Feature Fusion in Multiclass Maize Leaf Disease Recognition,Inteligencia Artificial,2026,INCLUDE,RETRIEVED,f2a3268dc065e631b65a27740a6726a0b0ec3f11ccf59748badf130cd810f9fe,,0,0.0
REP-0183,,10.59543/jidmis.v3.629,A Deep Learning and YOLO-Based Hybrid Framework for Accurate Classification and Region-of-Interest Detection of Maize Leaf Diseases,Journal of Intelligent Decision Making and Information Science,2026,INCLUDE,RETRIEVED,946bf07e8455292c736623d01856d792db4818f5e533266c3c72ad7167ffe053,,0,0.0
REP-0197,,10.5935/jetia.v12i58.3123,A NOVEL TwinNet TRANSFORMER-BASED DEEP LEARNING MODEL FOR ACCURATE AND EFFICIENT PADDY LEAF DISEASE DIAGNOSIS USING EXPLAINABLE AI,Journal of Engineering and Technology for Industrial Applications,2026,INCLUDE,RETRIEVED,ccf977f2033d613d0a40773998758e9826d5544355427834708a742b5026b049,,0,0.0
REP-0217,,10.22266/ijies2025.0531.08,Optimizing Paddy Leaf Disease Detection: A Comparative Analysis of Advanced Deep Learning Approaches,International Journal of Intelligent Engineering and Systems,2025,INCLUDE,RETRIEVED,f226ba5470cd6a8066e3aeaa6994e7e2a20e835fba1858d3025976fcfad709e9,,0,0.0
REP-0227,ST-108,10.1016/j.fraope.2026.100513,Transfer learning-based comparative study of cnn architectures for automated rice disease detection in Bangladesh,Franklin Open,2026,INCLUDE,RETRIEVED,086a90d3243919aee26adb4ca8d93458d6e605f20d8d3a5943ae10b824037d93,DOI,0,0.0
REP-0248,,10.1007/s43926-026-00384-w,TinyRiceNet IoT based TinyML system for real time rice leaf disease detection,Discover Internet of Things,2026,INCLUDE,RETRIEVED,6c4104deeba0897480b5373c09be9308c7c420da1e5b544d18841bc900fe4266,,0,0.0
REP-0256,,10.1080/09728600.2025.2569033,Multi-threshold crossover tuna swarm optimization (MT-CTSO) segmentation and residual network (RESNET) classifier for maize leaf diseases,AKCE International Journal of Graphs and Combinatorics,2025,INCLUDE,RETRIEVED,38d4b11278cec04bf1f524830540fc7057079f116f78dc33b367314724dd660c,,0,0.0
REP-0268,,10.12785/ijcds/1571064098,An intelligent leaf disease prediction for corn and maize using Convolutional Neural Network,International Journal of Computing and Digital Systems,2025,INCLUDE,RETRIEVED,7069d92401bdb154192f5070b69fa518df3900690006b6ccb4a7cf66d678316b,,0,0.0
REP-0270,ST-244,10.1016/j.array.2026.101170,YOLO-based transfer learning for accurate and efficient pest-and-disease classifier of maize crop,Array,2026,INCLUDE,RETRIEVED,03d5b963c1b6b5a0daa2db53cbd1e68e92ced7b35ca1920ba6e950d6b00ddc84,DOI,0,0.0
REP-0278,ST-236,10.1016/j.afres.2026.102525,Integrating capsule networks and bidirectional gated recurrent networks for effective classification of rice plant diseases,Applied Food Research,2026,INCLUDE,RETRIEVED,453d3fef8c46f8e709f32cf803cf921b910ea466d1f9bdd0b1b1599c1d89c439,DOI,0,0.0
REP-0280,,10.22266/ijies2026.0430.08,A Lightweight DenseNet-121 with Efficient Channel Attention and Progressive Resizing for Rice Leaf Disease Detection,International Journal of Intelligent Engineering and Systems,2026,INCLUDE,RETRIEVED,a5ac0ed8eeda333eae0607ea469af32c7e8fe7867c1b49a3f20d0dc2a77f42df,,0,0.0
REP-0327,,10.1371/journal.pone.0351727,Multi-scale closed-loop tuning via spatial frequency collaborative sensitivity for rice leaf disease detection,PLOS ONE,2026,INCLUDE,RETRIEVED,b8ac499f111795108708fdc860cb90e837d8b37093c044fe248746088769b12e,,0,0.0
REP-0339,,10.62527/joiv.10.1.3646,Enhancing Corn Leaf Disease Identification through Integration of Support Vector Machine-Recursive Feature Elimination with Hybrid CNN-KELM,International Journal on Informatics Visualization,2026,INCLUDE,RETRIEVED,8a6c6e6a77c70808abfa28cc789d77cce0bb1ea73724af054510c82658361cb6,,0,0.0
REP-0340,,10.33889/IJMEMS.2026.11.4.074,FedLeaf: A Collaborative Federated Learning based Model for Rice Leaf Disease Detection,"International Journal of Mathematical, Engineering and Management Sciences",2026,INCLUDE,RETRIEVED,3da4a179293bf32f2934c5b1ad7d28e368c9e355b9706a33c7b78274ec8af9cd,,0,0.0
REP-0370,,10.1038/s41598-026-50033-z,Corn or maize leaf disease classification based on CNN and vision mamba model,Scientific Reports,2026,INCLUDE,RETRIEVED,d32756c1d2e3486ce4cfb05ef67384ccde2e84fe28814f25fb14930dd4966a81,,0,0.0
REP-0371,ST-006,10.29207/resti.v9i6.6910,"A Hybrid Framework Combining U-Net, Ant Colony Optimization, and CNN for Rice Leaf Disease Classification under Class Imbalance",Jurnal RESTI,2025,INCLUDE,RETRIEVED,08bfe4b36cebf803ad79f929839d78b046f24c14768971c945ff107800c58ce5,DOI,0,0.0
REP-0381,,10.14419/a367wx11,DeepDetectCorn: Transfer Learning-Powered Deep Learning for Corn Crop Disease Recognition,International Journal of Basic and Applied Sciences,2025,INCLUDE,RETRIEVED,93d438d7dd3875ef3077fc42c9176dd9ef147bd2a0ffde16bd1d16e894bb091f,,0,0.0
REP-0382,,10.1186/s12870-026-08409-w,LKCAFormer: a lightweight transformer with large-kernel cooperative attention for the segmentation of field maize leaf diseases,BMC Plant Biology,2026,INCLUDE,RETRIEVED,87b48e64fc887c93bf212ce4862e746defd2320a0a8c342a7bc0c05126406a1a,,0,0.0
REP-0395,,10.3390/a19070564,Maize Leaf Disease Detection Based on an Improved YOLOv11n Model,Algorithms,2026,INCLUDE,RETRIEVED,d2571c4a527d8cdbe90bddd6050a090301fdbeff8423fc86c3ca1064c75ac5c8,,0,0.0
REP-0415,,10.1371/journal.pone.0348290,Enhanced rice leaf disease classification via contour-driven segmentation and optimized deep transfer learning architectures,PLOS ONE,2026,INCLUDE,RETRIEVED,3b901f66e7fe7ee8985b00f69c0762a2f0987f40e4f29a53bb3a7ca7031d2ea6,,0,0.0
REP-0425,ST-057,10.1007/s10791-025-09853-2,A hybrid deep learning pipeline for rice disease detection using GAN-based augmentation and Otsu thresholding,Discover Computing,2026,INCLUDE,RETRIEVED,3a6e1dd9d7b8feff6ab33a55920d335b5771b72cc22d813bdcb51d30549672a2,DOI,0,0.0
REP-0427,,10.1186/s12870-026-08967-z,Integrating deep learning and field validation into a decision support system for Northern Corn Leaf Blight management in maize,BMC Plant Biology,2026,INCLUDE,RETRIEVED,479ad6e34b06dee1b14e9b776677a03ead08bbbc757d30e2adc331ffe747fcd5,,0,0.0
REP-0438,,10.29207/resti.v10i2.5956,Performance Comparison of VGG16 and VGG19 Architectures for Corn Leaf Disease Classification,Jurnal RESTI,2026,INCLUDE,RETRIEVED,c8cac13569b767d71762e2d0e2dc5e572d3a797d6aff75c471c091b40fe932e1,,0,0.0
REP-0447,ST-085,10.24996/ijs.2025.66.9.33,A Multi-ViTs-Based Approach for Automatic Rice Leaf Disease Classification,Iraqi Journal of Science,2025,INCLUDE,RETRIEVED,9aad498196319b4cccafed5551d63ab1e1134fa8b5d86892c33c3e7a2569c6b5,DOI,0,0.0
REP-0453,,10.29207/resti.v10i2.7400,Refining CNN-Based Models for Multi-Class Corn Leaf Disease Classification,Jurnal RESTI,2026,INCLUDE,RETRIEVED,d6a41b354fd6577257eb67cf28a47b0eba9b94b7ee57ae1815eb6379184ef9e4,,0,0.0
REP-0459,,10.22266/ijies2026.0831.70,Efficient Maize Leaf Disease Classification via EfficientNetV2-S and Attention-augmented BiLSTM with Pareto-optimal Binary Aquila Optimizer Feature Selection and Kernel Extreme Learning Machine,International Journal of Intelligent Engineering and Systems,2026,INCLUDE,RETRIEVED,309191741187a6eb519ae6d436568aa143b5d53df65f6ae2ccc7ea1ca88c73de,,0,0.0
REP-0462,ST-093,10.1016/j.dib.2026.113050,BanglaRiceLeaf: A benchmark dataset for automated rice leaf disease detection and health classification in Bangladesh,Data in Brief,2026,INCLUDE,RETRIEVED,b6976e1bfc6b91a5f3c1a3657da83ae876376655f8610459038b71a64fdd2cb5,DOI,0,0.0
REP-0464,,10.3389/fpls.2026.1873194,EDISP: a hybrid CNN-ViT framework for robust maize leaf disease detection and classification,Frontiers in Plant Science,2026,INCLUDE,RETRIEVED,c4f70d97b53a1a4e3808a8947087f157664e9765969a8aa35781a7c7b7a19709,,0,0.0
REP-0469,,10.7717/peerj-cs.3747,Adaptive image augmentation using reinforcement learning and neural style transfer for corn disease diagnosis,PeerJ Computer Science,2026,INCLUDE,NOT_RETRIEVED,,,0,0.0
REP-0471,,10.62527/joiv.10.1.4159,Robust GOA-Driven CNN Parameter Optimization for Effective Rice Leaf Disease Classification,International Journal on Informatics Visualization,2026,INCLUDE,RETRIEVED,976b4de03c4c300d9e49047c1016d805051e7dec8ecd00e270b36130faa64b69,,0,0.0
REP-0484,ST-117,10.12720/jait.17.7.1256-1268,A CNN-BiLSTM Hybrid for Plant Leaf Disease Classification: Comparative Performance Evaluation of Deep Learning Algorithms,Journal of Advances in Information Technology,2026,INCLUDE,RETRIEVED,0dbc60904550cf5ab99b66bcab3cbdaaf8afa9fb6053cdab03f6446ac10e8910,DOI,0,0.0
REP-0490,,10.18280/isi.300311,An Automatic Rice Plant Disease Classification Using Hierarchical Vision Transformers with Spatial Reduction Attention Mechanism,Ingenierie des Systemes d'Information,2025,INCLUDE,RETRIEVED,f751c81ab79da2b083a3fc74fd7ae12eb08b2d5ee582afe0b1d55f93c8b6bbdd,,0,0.0
REP-0494,,10.3390/agriculture16131383,Lightweight Visual Detection Framework for Real-Time Rice Leaf Disease Identification on Edge Mobile Robots,Agriculture (Switzerland),2026,INCLUDE,RETRIEVED,a70912cbcce85fe7de8e03941e18dfff51e69d5f54aad42774cfe23e84ad80c2,,0,0.0
REP-0501,,10.1109/ACCESS.2022.3200688,Rice Transformer: A Novel Integrated Management System for Controlling Rice Diseases,IEEE Access,2022,INCLUDE,RETRIEVED,cfc0955e17ce34b8b48f30abd142dd5862d1593ed813365b9b870a4efc670fe4,,,
REP-0509,,10.1109/ACCESS.2026.3694696,AgriPred: An Image-Based Rice Disease Classification System With Inference-Time Text Assistance and Advisory Support,IEEE Access,2026,INCLUDE,RETRIEVED,2dc1267de214f2a27c17230a52f253fdba7215efe54e4b2b14aaba3d9cc04e4a,,,
REP-0518,,10.3390/s25082494,Rice Disease Detection: TLI-YOLO Innovative Approach for Enhanced Detection and Mobile Compatibility,Sensors,2025,INCLUDE,RETRIEVED,c2f7d7d575f4114258018cf55c51d24bf02da0b26b7584260c758894565f4412,,,
REP-0519,,10.3390/math13091401,Federated Learning for Heterogeneous Multi-Site Crop Disease Diagnosis,Mathematics,2025,UNCLEAR,RETRIEVED,d32db852caebec0870a243d14172929adc842ce2275ea5e5d4dc4fed4d79c2ca,,,
REP-0524,ST-183,https://doi.org/10.34133/plantphenomics.0168,A Precise Framework for Rice Leaf Disease Image–Text Retrieval Using FHTW-Net,Plant Phenomics,2024,UNCLEAR,RETRIEVED,1bab601f2b88fae5b78e46274d3244f258a4fba8eb2c0db5e3629300154952d2,DOI,,
REP-0527,,https://doi.org/10.1016/j.jia.2026.04.010,Screening elite bacterial blight (BB) resistant wild rice germplasm for breeding: An AI-driven approach,Journal of Integrative Agriculture,2026,INCLUDE,RETRIEVED,04af5b1da010b1c6a6db580b9325ca1ac4f1737882a3f32cc5406939b2011a88,,,
REP-0543,,https://doi.org/10.1016/j.rsci.2025.05.005,Accelerating Wild Rice Disease-Resistant Germplasm Exploration: Artificial Intelligence (AI)-Powered Wild Rice Blast Disease Level Evaluation and Disease-Resistance Identification,Rice Science,2025,INCLUDE,RETRIEVED,323c2b86f83f594f5a18c79d6ca6704cb9e6922f3cbcd8530b5fde8ce0dc8f4d,,,
REP-0544,,https://doi.org/10.1016/j.aiia.2020.03.001,Deep learning approach for recognition and classification of yield affecting paddy crop stresses using field images,Artificial Intelligence in Agriculture,2020,INCLUDE,RETRIEVED,9478fe4d4fbbb381e6acb3662b07bda4bed2388a11527ec5c7e5cced159b1448,,,
REP-0550,,https://doi.org/10.1016/j.fraope.2026.100707,Plant disease identification through Explainable AI: A deep learning architecture using fine-tuned EfficientNet for sustainable agriculture,Franklin Open,2026,UNCLEAR,RETRIEVED,9017aa4e9adcfa950669eddb61ba4731a27d9a56e030eddf0b075c679ac84924,,,
REP-0568,,https://doi.org/10.1016/j.compag.2024.109089,ISMSFuse: Multi-modal fusing recognition algorithm for rice bacterial blight disease adaptable in edge computing scenarios,Computers and Electronics in Agriculture,2024,INCLUDE,RETRIEVED,ee111cfc868dd83cce6e18a291d19f09900f48e77c779ef4ade9d93f902a561c,,,
REP-0605,,https://doi.org/10.2174/0118743315321139240627092707,Plant Leaf Disease Detection and Classification Using Segmentation Encoder Techniques,The Open Agriculture Journal,2024,UNCLEAR,RETRIEVED,e9b3879a3844fd66256a7d75653bef82656a5aad7ca42b40599a883c9ce700ab,,,
REP-0625,,https://doi.org/10.2174/0118743315305194240408034912,Classification of Various Plant Leaf Disease Using Pretrained Convolutional Neural Network On Imagenet,The Open Agriculture Journal,2024,UNCLEAR,RETRIEVED,42e6142014564cb5f732d988e952ee6c3dde6d419eb2465cfab177a2e59b75f7,,,
REP-0640,,https://doi.org/10.1016/j.atech.2023.100195,Application of smartphone-image processing and transfer learning for rice disease and nutrient deficiency detection,Smart Agricultural Technology,2023,INCLUDE,RETRIEVED,c372be2c135b944b5c93df715b8dc99db2305aab5ede0735799a900181163703,,,
REP-0644,ST-185,https://doi.org/10.1016/j.atech.2025.101516,FPGA-based Mb2DKDNet for field disease and pest diagnosis,Smart Agricultural Technology,2025,INCLUDE,RETRIEVED,e4e1dfe18fee0951e22f36ee1fcb805d4a124715e6fba439c4abaa1699f7013b,DOI,,
REP-0678,ST-243,https://doi.org/10.1016/j.atech.2026.102550,AGRI-KD: A Lightweight Multi-Task Framework for Rice Disease Diagnosis with Localization and Severity Quantification,Smart Agricultural Technology,2026,INCLUDE,RETRIEVED,e9d2e6bd39bb25f71968784381b5cf76473167604ad631d136d16c6b206bac7e,DOI,,
REP-0713,,https://doi.org/10.1016/j.array.2025.100395,Sustainable AI for plant disease classification using ResNet18 in few-shot learning,Array,2025,INCLUDE,RETRIEVED,89bd1fb768d901a82c3bb6d6f690b15c0235722df2c835d2fd4580fd68580ef6,,,
REP-0720,,https://doi.org/10.1016/j.heliyon.2024.e39569,Maize disease classification using transfer learning and convolutional neural network with weighted loss,Heliyon,2024,INCLUDE,RETRIEVED,fd23f517515a422075351bc4842d183f16d0192f60ed62b861627a9783d3a54c,,,
REP-0766,,https://doi.org/10.1016/j.ecoinf.2026.103703,PAG-MSBNet:Prototype-aware gated multi-scale branch network for open-set crop disease recognition,Ecological Informatics,2026,INCLUDE,RETRIEVED,0f6b2dceced3027e78056dc9a68ba23488825b7be6fabf6f254fa9fb5e99b834,,,
REP-0767,,https://doi.org/10.1016/j.array.2026.101248,EdgeEval: A model-agnostic rapid prototyping framework for image processing at the edge,Array,2026,INCLUDE,RETRIEVED,1106d543b85cebe4de6f28799b866aaa3baef92f59d1370e9cb09c317bd9338d,,,
REP-0768,ST-233,https://doi.org/10.1016/j.totert.2022.100020,Protecting the environment from pollution through early detection of infections on crops using the deep belief network in paddy,Total Environment Research Themes,2022,INCLUDE,RETRIEVED,5a3fce8325658cc9e113c7f25c09d6d9f9687dc91b5506d6183bff99875e8d49,DOI,,
REP-0769,,https://doi.org/10.1016/j.rico.2026.100723,RiceUltra-3DPGNAS: A novel 3D physics-guided neural architecture search framework for ultra-high performance multi-task rice classification,Results in Control and Optimization,2026,UNCLEAR,RETRIEVED,20de3e75ba54c5f81ae737a3e04d971710cc1e95dabadf91d552cf328bb16be6,,,
REP-0771,,https://doi.org/10.1016/j.isci.2026.117054,AgroPatch AutoStrike for adversarial patch attacks on plant disease detection models,iScience,2026,UNCLEAR,RETRIEVED,757f3183b026617ff2115775518d5147fb02493c06df885cb3c3293437b4b95f,,,
REP-0827,,https://doi.org/10.1016/j.heliyon.2024.e28264,A multi-scale feature fusion neural network for multi-class disease classification on the maize leaf images,Heliyon,2024,INCLUDE,RETRIEVED,2adadc9085a2f1ed9f905dd66be4c6ec4eb29faeff27f53e99e9ab83c045eb0d,,,
REP-0872,,https://doi.org/10.34133/plantphenomics.0208,Local and Global Feature-Aware Dual-Branch Networks for Plant Disease Recognition,Plant Phenomics,2024,INCLUDE,RETRIEVED,9ec840a05c115603ad417880556c73aa8bd1a44a4505445cb5c526b17570eebe,,,
REP-0954,,https://doi.org/10.1016/j.atech.2025.101502,SMA-YOLO: An enhanced architecture for the detection of corn diseases based on YOLOv12,Smart Agricultural Technology,2025,INCLUDE,RETRIEVED,570af2e202c761b1f179f559bd6f857d4fc49f3c4705ba6724d1ac902b30d5e4,,,
REP-0961,,https://doi.org/10.34133/plantphenomics.0038,From Laboratory to Field: Unsupervised Domain Adaptation for Plant Disease Recognition in the Wild,Plant Phenomics,2023,INCLUDE,RETRIEVED,b86c5385c505866063f0be01e7e8117af88aaa60f79034338325dec3a3b4592d,,,
REP-0965,,https://doi.org/10.1016/j.array.2025.100502,Application of mixture of experts models for the recognition of pests and diseases in maize,Array,2025,INCLUDE,RETRIEVED,3418d231cd18ccdb463227bdfd2c501bd507a107c18da0ec324df6405857630e,,,
REP-0971,,https://doi.org/10.1016/j.jksuci.2024.102126,A novel deep CNN model with entropy coded sine cosine for corn disease classification,Journal of King Saud University - Computer and Information Sciences,2024,INCLUDE,RETRIEVED,dc9e0743ea625db4abe13b5cf7aa2aa4c9db8db06f2c63d70e0e4dfc7c798331,,,
REP-0973,ST-221,https://doi.org/10.1016/j.aiia.2023.08.005,Rice disease identification method based on improved CNN-BiGRU,Artificial Intelligence in Agriculture,2023,INCLUDE,RETRIEVED,bc875d37d082e69c4538a3b03789a949aba179bba7ead3e80b227a826563c210,DOI,,
REP-1013,,https://doi.org/10.1016/j.atech.2026.102422,BPNet: A boundary-aware and prototype-constrained network for segmenting corn southern leaf blight,Smart Agricultural Technology,2026,INCLUDE,RETRIEVED,dbf06988f8329b45c888b3229634563fdbb0b1d12b9fd5790f81e8983421252b,,,
REP-1019,,https://doi.org/10.1016/j.egyr.2024.11.072,YOLO-SDW: A method for detecting infection in corn leaves,Energy Reports,2024,INCLUDE,RETRIEVED,b0d00f02c7932bfdb0afb8d189d1f78d02f2b263f842449765d3833707661b53,,,
