report_id,authors_year,task,data_source,dataset_name,n_original,n_classes,FILL_class_counts_reported,FILL_IR_max_over_min,FILL_imbalance_limitation_yes_no_unclear,FILL_how_handled,FILL_evidence_quote_or_page
REP-0318,Zhang và cộng sự (2023),T4+T1,self,self (prior study + Hefei CAS),2538,3,"yes (846 brown spot, 846 leaf blast, 846 bacterial blight)",1.00,no,Cân bằng mẫu khi chọn (846 ảnh/lớp); WGAN-GP + Opt-Real-ESRGAN sinh thêm ảnh,"Mục 3.1: 2,538 ảnh chia đều 846 ảnh cho mỗi lớp trong 3 lớp"
REP-0425,Ali và cộng sự (2026),T1+T4,kaggle_derived,Kaggle rice-diseases-image-dataset + 40 Google BLB,3393,5,"yes (blast 779, brown spot 523, hispa 563, healthy 1488, BLB 40)",37.20,yes,Dùng Pix2Pix GAN và tăng cường hình học để sinh thêm ảnh cho lớp hiếm BLB,"Mục 3.1 & 3.2: To address the imbalance in disease categories, we added 40 images ... Pix2Pix GAN"
REP-0019,Dong và cộng sự (2024),T2+T4,plantvillage,Kaggle/OpenDataLab/PaddlePaddle corn 256×256 (PV-like),2107,4,"yes (blight 503, GLS 503, rust 500, complex 300, healthy 301)",1.68,yes,CycleGAN sinh thêm 1.053 ảnh cho ca bệnh kép để xử lý phân bố mất cân bằng,Mục 2.1: CycleGAN sinh ảnh complex disease; addressing imbalanced category distributions
REP-0361,Sharma và Khunteta (2024),T4+T1,sethy_mendeley,Sethy,5932,4,"yes (Sethy: BLB 1584, blast 1440, brown spot 1600, tungro 1308)",1.22,yes,DCGAN sinh ảnh 128x128 trộn với ảnh gốc để tăng cường tập dữ liệu,Mục 1 & 3: especially in scenarios where the dataset is small or imbalanced ... DCGAN
REP-0004,Dai và cộng sự (2024),T3,mixed,"Kaggle rice (tự gán mask) + self (Yueyang, Hunan)",2605,2,"yes (2.005 ảnh huấn luyện: 1.005 tungro, 1.000 brown spot; 600 ảnh thực địa Nhạc Dương: 300 bạc lá, 300 đạo ôn)",1.01 (tập huấn luyện 2.005 ảnh); 1.00 (tập thực địa 600 ảnh),no,Không cần xử lý do tập huấn luyện (1005:1000) và tập kiểm chứng thực địa (300:300) đều được chọn cân bằng chủ động,"Mục 2.1: 2,005 images (1,005 tungro, 1,000 brown spot) + 600 field images (300 bacteria, 300 blast); tổng 2.605 ảnh"
REP-0254,Feng và cộng sự (2022),T3,other_public,unnamed open dataset (800 images),800,1,yes (800 ảnh đạo ôn),1.00,unclear,Dice loss và cross-entropy cho phân đoạn điểm ảnh vết bệnh so với nền,Mục 2: 800 images containing blast lesions; nhãn phân đoạn điểm ảnh
REP-0432,Li và cộng sự (2025),T3,mixed,"self (Kunming, China) + Kaggle",1800,5,"yes (450/lớp x 4: healthy, brown spot, blast, BLB)",1.00,yes,Kết hợp Focal Loss và Dice Loss để giảm mất cân bằng giữa pixel bệnh và pixel nền,Mục 3.3: hybrid loss integrating Focal Loss and Dice Loss to mitigate class imbalance
REP-0115,Sharma và Khunteta (2024),T3,other_public,Kaggle Rice Leaf Disease with Segmentation Labels,150,1,yes (150 ảnh đạo ôn cho phân đoạn),1.00,no,"Tăng cường ảnh cơ bản (xoay, lật); bài toán phân đoạn nhị phân 1 bệnh",Mục 2.1: 150 rice blast images selected from Kaggle segmentation set
REP-0301,Divyanth và cộng sự (2023),T3,other_public,CD&S (Purdue),1050,3,"yes (350 GLS, 350 NLB, 350 NLS)",1.00,no,Chọn mẫu cân bằng từ CD&S (350 ảnh mỗi lớp); tính mean weighted IoU,"Mục 2.1 & Bảng 1: 1,050 images with equal distribution across three foliar diseases"
REP-0382,Hu và cộng sự (2026),T3,other_public,CD&S + Single-CD&S,1540,3,"yes (CD&S lọc lấy 1.540 ảnh từ 1.597 ảnh gốc; Single-CD&S lọc gán lại 1.274 ảnh; 3 bệnh NLB, NLS, GLS)",1.10 (tính trên CD&S gốc 1.597 ảnh: 562 NLS / 511 NLB; tập lọc 1.540 duy trì tỷ lệ tương đương),yes,Kết hợp Dice Loss và Focal Loss để tối ưu phân đoạn dưới mất cân bằng pixel giữa đốm bệnh và lá/nền,"Mục 2.1 & Bảng 1: CD&S 1,540 ảnh, Single-CD&S 1,274 ảnh; Mục 3.2: combines Dice Loss and Focal Loss under class imbalance"
REP-0402,Yang và cộng sự (2024),T3,plantvillage,"PlantVillage-corn (800, LabelMe masks)",800,3,"yes (GLS 300, rust 200, NLB 300)",1.50,no,"Tăng cường dữ liệu hình học (xoay, lật, tỷ lệ) trên tập 800 ảnh","Mục 2.1: 300 small spot, 200 stripe rust, 300 large spot"
REP-0274,Kumar và cộng sự (2023),T2,kaggle_derived,Kaggle RLD (nischallal),850,3,"yes (BLB 275, blast 285, brown spot 290)",1.05,no,BiFPN kết hợp đặc trưng có trọng số; tăng cường hộp bao cơ bản,Mục 3: 850 images across 3 classes; weighted BiFPN
REP-0488,Wang và cộng sự (2025),T2,mixed,"self (Harbin, China) + Kaggle Rice Disease",5249,4,"yes (BLB 1435, blast 1380, brown spot 1420, planthopper 1014)",1.42,no,Tăng cường CutMix và Mosaic trong quy trình huấn luyện YOLO,Mục 2.1 & Bảng 1: Phân bố số lượng ảnh từng lớp; CutMix/Mosaic
REP-0678,Munna và cộng sự (2026),T1+T2,other_public,RiceLeafDiseaseBD,9769,6,"yes (Blast 1650, Brown Spot 1625, Smut 1630, Tungro 1614, Sheath 1620, Healthy 1630)",1.02,no,Bộ RiceLeafDiseaseBD được thu thập cân bằng sẵn (~1.600 ảnh/lớp),"Mục 2 & Bảng 1: roughly 1,600 images per class; Resampling tests"
REP-0446,Patil và cộng sự (2023),T2,mixed,Kaggle + self (India),1200,4,"yes (300/lớp x 4: healthy, brown spot, BLB, blast)",1.00,no,Cân bằng hoàn hảo bằng cách chọn 200 ảnh Kaggle + 100 ảnh thực địa mỗi lớp,"Mục 2.1: 1,200 images, exactly 300 images per class"
REP-0072,Bui và Do Le (2025),T2,self,"self (VNUA, Vietnam)",3563,3,"yes (leaf folder 1225, rice blast 1188, brown spot 1150)",1.07,no,Không cần xử lý đặc biệt do bộ tự thu thập gần như cân bằng tự nhiên (IR=1.07),"Mục 3.1 & Bảng 1: leaf folder 1,225; blast 1,188; brown spot 1,150"
REP-0372,Masood và cộng sự (2023),T2,other_public,CD&S,2112,3,"yes (NLB 511, NLS 562, GLS 524)",1.10,no,"Tăng cường dữ liệu ngoại tuyến (xoay, lật, co giãn) lên 2.112 ảnh",Mục 2.1 & Bảng 1: Phân bố số ảnh gốc của 3 lớp bệnh trên CD&S
REP-0320,Meng và cộng sự (2025),T2,self,"self (Huizhou, Guangdong)",14700,2,"yes (7500 category 1, 7200 category 2)",1.04,no,Tăng cường dữ liệu Mosaic và Mixup trong huấn luyện YOLOv8 cải tiến,"Mục 2.2: 14,700 ảnh phân bố gần như tương đương giữa 2 nhóm"
REP-0208,Nakatumba-Nabende và Murindanyi (2025),T1+T2,other_public,Lacuna Fund maize (Uganda/Tanzania/Namibia/Ghana),38571,6,"yes (MLN 3980, MSV 13594, MLB 5279, FAW 1337, Healthy 13046, Unknown 1335)",10.17,yes,Giữ nguyên phân bố tự nhiên không cân bằng nhân tạo để phản ánh thực địa; báo cáo macro-F1,Mục 2 & 4: natural class imbalance across categories ... without artificial balancing
REP-0044,Jeribi và cộng sự (2025),T2,other_public,CD&S (Purdue),2112,3,"yes (NLB 511, NLS 562, GLS 524)",1.10,yes,Sinh mẫu nhân tạo bằng kỹ thuật tăng cường để giải quyết mất cân bằng,"Mục 2.2: To address the issue of class imbalance, artificial samples were generated"
REP-0026,Shah và cộng sự (2023),T1,kaggle_derived,Kaggle shareef0612 riceleaf,2000,2,"yes (1200 blast, 800 healthy)",1.50,no,"Tăng cường dữ liệu hình học tiêu chuẩn (xoay, lật, dịch chuyển)","Mục 3.1: 1,200 blast images and 800 healthy images"
REP-0276,Patil và Kumar (2022),T1,self,"self (Pune, India) + agro-sensor data",3200,4,"yes (800/lớp x 4: BLB, blast, brown spot, healthy)",1.00,yes,Thu thập chủ động số lượng ảnh đồng đều 800 ảnh mỗi lớp để tránh mất cân bằng,Mục 1 & 3: The issue of an imbalanced dataset has not been adequately addressed ... 800 images for each class
REP-0342,Deng và cộng sự (2021),T1,self,"self (4 sites, China)",33026,6,"yes (blast 9354, smut 4876, neck blast 3894, sheath 6417, stripe 6727, brown spot 1758)",5.32,yes,Tăng cường dữ liệu thích ứng theo lớp và đánh giá chi tiết precision/recall từng lớp,Bảng 1 & Mục 2: Phân bố số lượng 6 bệnh; chênh lệch giữa brown spot (1758) và blast (9354)
REP-0169,Lamba và cộng sự (2023),T1,mixed,"self (Patiala, India) + Mendeley + GitHub",1751,4,"yes (S1 613, S2 463, S3 402, S4 273)",2.25,no,Tăng cường dữ liệu hình học trên tập huấn luyện để bù đắp các mức độ nặng ít mẫu,Bảng 2: Phân bố 4 mức độ nặng của bệnh đạo ôn; Mục 3.2
REP-0037,Pai và cộng sự (2025),T1,self,self (Karnataka) ~70% + web ~30%,18563,6,"yes (blast 5259, smut 2981, neck blast 1904, sheath 3424, stripe 3732, brown spot 1263)",4.16,yes,Lấy mẫu dư động (dynamic oversampling) trong từng epoch cho các lớp thiểu số,Mục 3.3: dynamic oversampling was initially applied to the most underrepresented class ... during each training epoch
REP-0046,Singh và cộng sự (2026),T1,kaggle_derived,"Kaggle anshulm257 rice-disease (3,829)",3829,6,"yes (6 lớp: brown spot, sheath, scald, BLB, blast, healthy)",1.35,yes,Phân chia phân tầng (stratified split) kết hợp tăng cường dữ liệu,Mục 1 & 3: Challenges related to data imbalance and overfitting ... stratified split
REP-0005,Rahaman và cộng sự (2026),T1,kaggle_derived,"Kaggle rice 9-class (11,790) + Kaggle 12-class (~Paddy Doctor)",11790,9,"yes (D1 9 lớp: neck blast 1400, scald 1200, sheath 1350, healthy 1450, ...)",1.26,yes,Tăng cường dữ liệu đa dạng; đề xuất hướng dùng GAN kết hợp Vision Transformer,Mục 3.1 & Bảng 1: Số lượng ảnh 9 lớp; deal with the issue of class imbalance
REP-0016,Masud và cộng sự (2026),T1,mixed,"self (Gazipur, Bangladesh) + Kaggle",3401,6,"yes (BLB 580, brown spot 610, blast 620, scald 520, narrow brown 510, healthy 561)",1.22,yes,Áp dụng chiến lược tăng cường dữ liệu toàn diện chỉ trên tập train để xử lý mất cân bằng,"Mục 3.1: To address limited dataset size and class imbalance, a comprehensive augmentation strategy was applied"
REP-0447,Saeed và Hussein (2025),T1,sethy_mendeley,Sethy,5932,4,"yes (Sethy: BLB 1584, blast 1440, brown spot 1600, tungro 1308)",1.22,no,Tiền xử lý tách nền bằng HSV và phân loại bằng 4 mô hình ViT nhị phân độc lập,Mục 3.1: Chi tiết 4 lớp bộ dữ liệu Sethy; F1-score từng lớp
REP-0008,Anandhi và Sathiamoorthy (2023),T1,kaggle_derived,UCI rice (215 ảnh theo bài),215,5,"yes (BLB 45, brown spot 42, smut 40, scald 43, blast 45)",1.13,no,Lọc song phương (bilateral filter) tiền xử lý và huấn luyện CNN không điều chỉnh trọng số,Mục 3: 215 images distributed across 5 classes
REP-0344,Amin và cộng sự (2022),T1,plantvillage,PlantVillage-corn (Kaggle),unk,4,"no (dùng tập PlantVillage ngô trên Kaggle, không nêu số đếm từng lớp)",unk,no,Học chuyển giao với DenseNet và tăng cường ảnh cơ bản,Mục 3: Mô tả tập dữ liệu PlantVillage ngô; Bảng 2 không trích xuất được số đếm
REP-0168,Rashid và cộng sự (2024),T1,plantvillage,PlantVillage-corn + self sensor data,4188,4,"yes (blight 1146, common rust 1306, GLS 574, healthy 1162)",2.28,no,Kết hợp đa phương thức (cảm biến + ảnh) và tăng cường dữ liệu tiêu chuẩn,Mục 3 & Bảng 1: Phân bố 4 lớp của PlantVillage ngô
REP-0143,Ahmad và cộng sự (2023),T1,mixed,"PlantVillage-corn, PlantDoc-corn, CD&S (self), Digipathos, NLB",11262,4,"yes (PlantVillage 9145, PlantDoc 375, CD&S 1571, Digipathos 66, NLB 105)",2.32,no,Khảo sát độc lập từng tập benchmark; thí nghiệm nhị phân cân bằng,Mục 2 & Bảng 1: Thống kê chi tiết số ảnh từng lớp trên 5 nguồn dữ liệu
REP-0138,Kundu và cộng sự (2022),T1,self,self (ICAR-AICRP Mysore),2996,4,"yes (Healthy 750, TLB 748, Rust 752, Multidisease 746)",1.01,no,Thu thập mẫu thực địa đồng đều cân bằng (~750 ảnh/lớp),Mục 2.1 & Bảng 1: nearly 750 images collected for each of the four categories
REP-0090,Rahman và cộng sự (2026),T1,other_public,Dataverse/Makerere + Tanzania Mendeley + Plagues Maiz,15822,3,"yes (Dataverse: Healthy 5327, MLB 5279, MSV 5216; Tanzania: Healthy 3073, MLN 3231, MSV 3052; Plagues Maiz: 850 ảnh, 16 phân lớp)",1.02 (Dataverse); 1.06 (Tanzania); 17.0–18.61 (Plagues Maiz),yes,"Dataverse/Tanzania cân bằng tự nhiên; Plagues Maiz (IR~17:1 đến 18,61:1) dùng tăng cường có điều kiện phân tầng (×2, ×4, ×6) và class-weighted loss",Mục 2 & 3.2: Plagues Maiz initial imbalance ratio of about 17:1 (thực tế 18.61:1); tổng 3 bộ độc lập là 26.028 ảnh (Dataverse 15.822 là bộ chính)
REP-0231,Shahzad và cộng sự (2026),T1,plantvillage,Kaggle Corn/Maize (PlantVillage+PlantDoc),4188,4,"yes (rust 1306, GLS 574, blight 1146, healthy 1162)",2.28,yes,Tăng cường dữ liệu và dùng bộ phân loại ExtraTrees thay softmax để thích ứng tốt hơn với mất cân bằng,"Mục 2 & 3: is moderately imbalanced, consisting of 1306 images of rust ... handles imbalanced data more effectively"
REP-0463,Singh và cộng sự (2026),T1+T2,self,"self (MPUAT/IARI/VPKAS, India)",10343,4,"yes (MLB 2512, TLB 2432, Common Rust 2745, FAW 2654)",1.13,no,Thu thập tập dữ liệu lớn tự nhiên có phân bố cân bằng tại 3 viện nông nghiệp,Mục 2.1 & Bảng 1: Phân bố ảnh thực địa trên 4 nhóm đối tượng
REP-0370,Xu (2026),T1,plantvillage,Kaggle Corn-or-Maize (PV+PlantDoc),4188,4,"yes (Common Rust 1306, GLS 574, Blight 1146, Healthy 1162)",2.28,yes,"Tăng cường dữ liệu ngoại tuyến (xoay, nhiễu, chiếu sáng) để giảm thiểu mất cân bằng",Mục 2.1 & 3: dataset exhibits moderate class imbalance ... data augmentation to alleviate
