representative_group,report_id,first_author,year,doi,title,arch_family,backbone,leakage,cites,cpy
T1-rice,REP-0005,Rahaman et al.,2026,10.3390/computers15080528,Global-Local Feature-Based Rice Leaf Disease Classification Using Two-Stream Deep Neural Network Feature Fusion,CNN-ViT-hybrid,SwinV2 + ConvNeXt two-stream fusion,clean,0,0.0
T1-rice,REP-0016,Masud et al.,2026,10.1371/journal.pone.0356383,IoT-RiceMobileNet: An improved lightweight MobileNetV2 Model for real-time multi-class rice disease detection using IoT,Lightweight-CNN,MobileNetV2 (IoT-RiceMobileNet),clean,0,0.0
T1-rice,REP-0046,Singh et al.,2026,10.1109/ACCESS.2026.3664467,Hybrid DenseNet Architectures and KerasTuner-Based Optimization for Rice Leaf Disease Detection,CNN-attention,DenseNet201 + SE,clean,2,2.0
T4-any,REP-0425,Ali et al.,2026,10.1007/s10791-025-09853-2,A hybrid deep learning pipeline for rice disease detection using GAN-based augmentation and Otsu thresholding,CNN-TL,InceptionDenseNet + Pix2Pix GAN + Otsu,clean,0,0.0
T2-rice,REP-0678,Munna et al.,2026,https://doi.org/10.1016/j.atech.2026.102550,AGRI-KD: A Lightweight Multi-Task Framework for Rice Disease Diagnosis with Localization and Severity Quantification,Lightweight-CNN,MobileNetV3-Small (KD),clean,,
T1-rice,REP-0037,Pai et al.,2025,10.1038/s41598-025-13079-z,Deep learning-based automatic diagnosis of rice leaf diseases using ensemble CNN models,Ensemble,GoogLeNet+DenseNet121+ResNet34+VGG16,clean,32,16.0
T2-rice,REP-0072,Bui & Do Le,2025,10.3390/agriengineering7040093,Ghost-Attention-YOLOv8: Enhancing Rice Leaf Disease Detection with Lightweight Feature Extraction and Advanced Attention Mechanisms,YOLO,YOLOv8s (Ghost + EMA),clean,10,5.0
T3-rice,REP-0432,Li et al.,2025,10.3389/fpls.2025.1635302,Lightweight rice leaf spot segmentation model based on improved DeepLabv3+,Lightweight-CNN,DeepLabv3+ (MobileNetV3-L),clean,6,3.0
T1-rice,REP-0447,Saeed & Hussein,2025,10.24996/ijs.2025.66.9.33,A Multi-ViTs-Based Approach for Automatic Rice Leaf Disease Classification,ViT,Multi-ViT (4 binary ViTs),suspect,0,0.0
T2-rice,REP-0488,Wang et al.,2025,10.3390/agronomy15020445,Improved Lightweight YOLOv8 Model for Rice Disease Detection in Multi-Scale Scenarios,YOLO,YOLOv8n (RGC-YOLO),clean,36,18.0
T3-rice,REP-0004,Dai et al.,2024,10.34133/plantphenomics.0218,AISOA-SSformer: An Effective Image Segmentation Method for Rice Leaf Disease Based on the Transformer Architecture,Transformer-seg,SegFormer-B0 (AISOA-SSformer),clean,57,19.0
T3-rice,REP-0115,Sharma & Khunteta,2024,10.55214/25768484.v8i6.2167,A novel hybrid deep learning framework for enhanced segmentation of rice leaf diseases using attention-driven efficientnet models,UNet-family,U-Net (EfficientNet-B7 + attention gates),clean,3,1.0
T4-any,REP-0361,Sharma & Khunteta,2024,10.55214/25768484.v8i6.2372,Improving losses & accuracy through design of deep convolutional generative adversarial network (DCGAN) for plant disease detection tasks,GAN,DCGAN + custom 5-conv CNN,suspect,4,1.3
T1-rice,REP-0008,Anandhi & Sathiamoorthy,2023,10.48084/etasr.6324,Enhanced Sea Horse Optimization with Deep Learning-based Multimodal Fusion Technique for Rice Plant Disease Segmentation and Classification,Other,ResNet50+Xception+NASNet features → QRNN (ESHO),clean,17,4.2
T1-rice,REP-0026,Shah et al.,2023,10.3390/agronomy13061633,"Comparing Inception V3, VGG 16, VGG 19, CNN, and ResNet 50: A Case Study on Early Detection of a Rice Disease",CNN-TL,ResNet50 (modified),clean,177,44.2
T1-rice,REP-0169,Lamba et al.,2023,10.3390/su15021502,A Novel Hybrid Severity Prediction Model for Blast Paddy Disease Using Machine Learning,CNN-custom,custom CNN + SVM head,suspect,107,26.8
T2-rice,REP-0274,Kumar et al.,2023,10.1088/2515-7620/acdece,Rice leaf disease detection based on bidirectional feature attention pyramid network with YOLO v5 model,YOLO,YOLOv5 + DenseNet-201 + Bi-FAPN,clean,82,20.5
T4-any,REP-0318,Zhang et al.,2023,10.1109/ACCESS.2023.3251098,A High-Quality Rice Leaf Disease Image Data Augmentation Method Based on a Dual GAN,GAN,WGAN-GP + Opt-Real-ESRGAN; ResNet18 classifier,clean,78,19.5
T2-rice,REP-0446,Patil et al.,2023,10.3390/agriculture13010047,An Artificial-Intelligence-Based Novel Rice Grade Model for Severity Estimation of Rice Diseases,Two-stage-detector,Faster R-CNN (EfficientNet-B0),clean,50,12.5
T3-rice,REP-0254,Feng et al.,2022,10.3390/agriculture12101543,A Lightweight Real-Time Rice Blast Disease Segmentation Method Based on DFFANet,Other,DFFANet (lightweight seg),clean,20,4.0
T1-rice,REP-0276,Patil & Kumar,2022,10.1109/ACCESS.2022.3140815,Rice-Fusion: A Multimodality Data Fusion Framework for Rice Disease Diagnosis,CNN-custom,custom CNN + MLP fusion (Rice-Fusion),clean,206,41.2
T1-rice,REP-0342,Deng et al.,2021,10.3389/fpls.2021.701038,Automatic Diagnosis of Rice Diseases Using Deep Learning,Ensemble,DenseNet-121 + SE-ResNet-50 + ResNeSt-50,clean,203,33.8
T1-maize,REP-0090,Rahman et al.,2026,10.1038/s41598-026-44550-0,MaizeFormerX: a lightweight vision transformer with cross-scale attention for explainable maize leaf disease diagnosis,ViT,MaizeFormerX,clean,4,4.0
T1-maize,REP-0231,Shahzad et al.,2026,10.1109/ACCESS.2026.3660760,LightET-FusionNet as a Lightweight Deep Ensemble Model for Scalable Maize Disease Classification,CNN-attention,EfficientNetV2-B0 + SE -> ExtraTrees (LightET-FusionNet),clean,4,4.0
T1-maize,REP-0370,Xu,2026,10.1038/s41598-026-50033-z,Corn or maize leaf disease classification based on CNN and vision mamba model,Other,G-ResNet (CNN + Vision Mamba),clean,0,0.0
T3-maize,REP-0382,Hu et al.,2026,10.1186/s12870-026-08409-w,LKCAFormer: a lightweight transformer with large-kernel cooperative attention for the segmentation of field maize leaf diseases,Transformer-seg,LKCAFormer,clean,0,0.0
T1-maize,REP-0463,Singh et al.,2026,10.3389/fpls.2026.1803005,Mobile-assisted deep learning framework for identification of insect pests and diseases of maize from field images,YOLO,YOLOv11n (det); MobileViT (cls),clean,1,1.0
T2-maize,REP-0044,Jeribi et al.,2025,10.24425/acs.2025.155393,CentralMaizeGuard: Enhanced deep learning model for maize disease detection and management,Other-detector,CenterNet (DenseNet-65),clean,4,2.0
T2-maize,REP-0208,Nakatumba-Nabende & Murindanyi,2025,10.1016/j.mlwa.2025.100673,Deep learning models for enhanced in-field maize leaf disease diagnosis,CNN-TL,MobileNetV2,clean,12,6.0
T2-maize,REP-0320,Meng et al.,2025,10.1038/s41598-025-88399-1,A rapid and precise algorithm for maize leaf disease detection based on YOLO MSM,YOLO,YOLOv8n (YOLO MSM),clean,32,16.0
T4-any,REP-0019,Dong et al.,2024,10.3390/agriculture14010074,Maize Leaf Compound Disease Recognition Based on Attention Mechanism,YOLO,YOLOv5s-C3CBAM,suspect,12,4.0
T1-maize,REP-0168,Rashid et al.,2024,10.1109/ACCESS.2024.3357099,An Early and Smart Detection of Corn Plant Leaf Diseases Using IoT and Deep Learning Multi-Models,Ensemble,ResNeXt-34 + VGG-16 + 1D-AlexNet (MMF-Net),clean,129,43.0
T3-maize,REP-0402,Yang et al.,2024,10.1590/1809-4430-Eng.Agric.v44e20230097/2024,SE-SWIN UNET FOR IMAGE SEGMENTATION OF MAJOR MAIZE FOLIAR DISEASES,Transformer-seg,SE-Swin Unet,clean,14,4.7
T1-maize,REP-0143,Ahmad et al.,2023,10.1109/ACCESS.2023.3240100,Toward Generalization of Deep Learning-Based Plant Disease Identification Under Controlled and Field Conditions,CNN-TL,DenseNet169,clean,125,31.2
T3-maize,REP-0301,Divyanth et al.,2023,10.1016/j.atech.2022.100108,A two-stage deep-learning based segmentation model for crop disease quantification based on corn field imagery,UNet-family,"U-Net (leaf) + DeepLabv3+ (Xception, lesion)",clean,138,34.5
T2-maize,REP-0372,Masood et al.,2023,10.1109/ACCESS.2023.3280260,MaizeNet: A Deep Learning Approach for Effective Recognition of Maize Plant Leaf Diseases,Two-stage-detector,Faster R-CNN (ResNet-50 + CBAM),clean,110,27.5
T1-maize,REP-0138,Kundu et al.,2022,10.1016/j.aiia.2022.11.002,"Disease detection, severity prediction, and crop loss estimation in MaizeCrop using deep learning",CNN-custom,MaizeNet,clean,138,27.6
T1-maize,REP-0344,Amin et al.,2022,10.1109/ACCESS.2022.3159678,End-to-End Deep Learning Model for Corn Leaf Disease Classification,CNN-TL,EfficientNetB0 + DenseNet121 (feature fusion),clean,276,55.2
