dataset,arch,protocol,seed,n_train,n_train_originals,items_per_epoch,n_val,n_test,val_acc,test_acc,test_macro_f1,epochs_run,ext_acc,ext_macro_f1,minutes
pvcorn,resnet50,P3m_offline_matched,0,16200,2700,5400,387,765,0.98966,0.97908,0.96886,12,0.328,0.24123,10.3
pvcorn,resnet50,P3m_offline_matched,1,16206,2701,5402,382,769,0.98953,0.9922,0.99005,13,0.232,0.18012,9.3
pvcorn,resnet50,P3m_offline_matched,2,16158,2693,5386,381,778,0.99475,0.98072,0.97386,9,0.30133,0.19121,6.0
pvcorn,resnet50,P3m_offline_matched,3,16188,2698,5396,385,769,0.99221,0.98309,0.97723,9,0.304,0.22194,6.0
pvcorn,resnet50,P3m_offline_matched,4,16176,2696,5392,392,764,0.9898,0.97906,0.96875,7,0.31467,0.23044,5.2
pvcorn,resnet50,P1m_leak_matched,0,20025,2700,5400,387,765,0.99225,0.98693,0.98092,11,0.25867,0.17721,7.0
pvcorn,resnet50,P1m_leak_matched,1,20051,2701,5402,382,769,0.99738,0.9987,0.99808,19,0.344,0.22979,12.2
pvcorn,resnet50,P1m_leak_matched,2,20048,2693,5386,381,778,1.0,1.0,1.0,18,0.32,0.21379,11.5
pvcorn,resnet50,P1m_leak_matched,3,20033,2698,5396,385,769,0.9974,0.9974,0.99634,18,0.336,0.23191,11.4
pvcorn,resnet50,P1m_leak_matched,4,19996,2696,5392,392,764,0.9898,0.98953,0.98421,9,0.336,0.22906,5.7
