dataset,protocol,seed,n_train,n_val,n_test,val_acc,test_acc,test_macro_f1,epochs_run,minutes
kaggle_cornmaize,P1_augment_then_split,0,17590,2512,5026,0.99124,0.99184,0.98893,20,39.6
kaggle_cornmaize,P1_augment_then_split,1,17590,2512,5026,0.99323,0.98567,0.98183,16,31.3
kaggle_cornmaize,P1_augment_then_split,2,17590,2512,5026,0.98925,0.98945,0.98596,20,39.1
kaggle_cornmaize,P2_random_image_split,0,2932,418,838,0.99282,0.97613,0.97015,20,6.7
kaggle_cornmaize,P2_random_image_split,1,2932,418,838,0.9689,0.97494,0.96616,20,6.5
kaggle_cornmaize,P2_random_image_split,2,2932,418,838,0.96651,0.96301,0.95679,15,4.9
kaggle_cornmaize,P3_group_split,0,2925,420,843,0.97143,0.95611,0.94237,9,3.3
kaggle_cornmaize,P3_group_split,1,2944,413,831,0.96126,0.9651,0.9533,17,5.8
kaggle_cornmaize,P3_group_split,2,2916,429,843,0.97436,0.97153,0.96479,20,6.5
