journal_name,report_count,journal_oa_status,publisher,verification_notes,oa_evidence_url,verified_date,issn_checked
Smart Agricultural Technology,115,FULLY_OPEN_ACCESS,Elsevier,"DOAJ dump 2026-09-26 (ISSN 2772-3755); license: CC BY, CC BY-NC, CC BY-NC-ND; OA since: 2021",https://doaj.org/toc/85f8a993481a4e069e33007076ce6629,2026-09-26,2772-3755
Procedia Computer Science,88,CONFERENCE_PROCEEDINGS,Elsevier,Conference proceedings series,https://www.sciencedirect.com/journal/procedia-computer-science,2026-09-26,1877-0509
Frontiers in Plant Science,43,FULLY_OPEN_ACCESS,Frontiers Media S.A.,DOAJ dump 2026-09-26 (ISSN 1664-462X); license: CC BY; OA since: 2010,https://doaj.org/toc/7098ca7e736d484698b7026ba0f4c9e5,2026-09-26,1664-462X
"Computers, Materials and Continua",40,FULLY_OPEN_ACCESS,Tech Science Press,"Not in DOAJ dump 2026-09-26, but journal is fully OA by publisher policy (journal on all-OA list); ISSN 15462218",https://www.techscience.com/journal/cmc,2026-09-26,1546-2218
IEEE Access,39,FULLY_OPEN_ACCESS,IEEE,"DOAJ dump 2026-09-26 (ISSN 2169-3536); license: CC BY, CC BY-NC-ND; OA since: 2013",https://doaj.org/toc/acaa3d478a9340ad9c2ce03fda1dfed0,2026-09-26,2169-3536
Scientific Reports,28,FULLY_OPEN_ACCESS,Nature Portfolio,"DOAJ dump 2026-09-26 (ISSN 2045-2322); license: CC BY, CC BY-NC-ND; OA since: 2011",https://doaj.org/toc/a93400557c92470b8603e96796297aab,2026-09-26,2045-2322
Plant Phenomics,27,FULLY_OPEN_ACCESS,American Association for the Advancement of Science (AAAS),DOAJ dump 2026-09-26 (ISSN 2643-6515); license: CC BY; OA since: 2019,https://doaj.org/toc/82eb4dfa10c5488e83f0ffa06f52ec34,2026-09-26,2643-6515
Artificial Intelligence in Agriculture,24,FULLY_OPEN_ACCESS,"KeAi Communications Co., Ltd.","DOAJ dump 2026-09-26 (ISSN 2589-7217); license: CC BY, CC BY-NC-ND; OA since: 2019",https://doaj.org/toc/2a824629f74e4064b76389014274089b,2026-09-26,2589-7217
Agriculture (Switzerland),23,FULLY_OPEN_ACCESS,MDPI AG,DOAJ dump 2026-09-26 (ISSN 2077-0472); license: CC BY; OA since: 2011,https://doaj.org/toc/24929d14d51e4c09a9b9bc5708021bbd,2026-09-26,2077-0472
Agronomy,20,FULLY_OPEN_ACCESS,MDPI AG,DOAJ dump 2026-09-26 (ISSN 2073-4395); license: CC BY; OA since: 2011,https://doaj.org/toc/8957120145ba42ff9cca3c38af7e89a5,2026-09-26,2073-4395
Information Processing in Agriculture,20,FULLY_OPEN_ACCESS,Elsevier,"DOAJ dump 2026-09-26 (ISSN 2214-3173); license: CC BY, CC BY-NC-ND; OA since: 2014",https://doaj.org/toc/04710436fd5549f9b6350ab4ab722eb4,2026-09-26,2097-0153;2214-3173
Journal of Agriculture and Food Research,20,FULLY_OPEN_ACCESS,Elsevier,"DOAJ dump 2026-09-26 (ISSN 2666-1543); license: CC BY, CC BY-NC, CC BY-NC-ND; OA since: 2019",https://doaj.org/toc/6d939026b1f94590a2be431d30bd2666,2026-09-26,2666-1543
Computers and Electronics in Agriculture,19,FULLY_OPEN_ACCESS,MDPI,"Not in DOAJ dump 2026-09-26, but journal is fully OA by publisher policy (publisher 'MDPI'); ISSN 01681699",https://www.mdpi.com/journal/agriculture,2026-09-26,0168-1699
Heliyon,18,FULLY_OPEN_ACCESS,Elsevier,"DOAJ dump 2026-09-26 (ISSN 2405-8440); license: CC BY, CC BY-NC, CC BY-NC-ND; OA since: 2015",https://doaj.org/toc/241e80a9158f4f20a9a295ce832d828b,2026-09-26,2405-8440
Ecological Informatics,16,FULLY_OPEN_ACCESS,Elsevier,"DOAJ dump 2026-09-26 (ISSN 1574-9541); license: CC BY, CC BY-NC, CC BY-NC-ND; OA since: 2024",https://doaj.org/toc/4e8e6fc1a25d4e24860e3dcf13fc6776,2026-09-26,1574-9541
Journal of Integrative Agriculture,16,FULLY_OPEN_ACCESS,"KeAi Communications Co., Ltd.",DOAJ dump 2026-09-26 (ISSN 2095-3119); license: CC BY-NC-ND; OA since: 2020,https://doaj.org/toc/97afafe8d38b42bfba99868e66f5782d,2026-09-26,2095-3119
Plants,13,FULLY_OPEN_ACCESS,MDPI AG,DOAJ dump 2026-09-26 (ISSN 2223-7747); license: CC BY; OA since: 2012,https://doaj.org/toc/35be1b1c8961458e8f0176b62b0eac70,2026-09-26,2223-7747
International Journal of Advanced Computer Science and Applications,13,FULLY_OPEN_ACCESS,SAI,"Not in DOAJ dump 2026-09-26, but journal is fully OA by publisher policy (journal on all-OA list); ISSN 2158107X",https://thesai.org/Publications/IJACSA,2026-09-26,2158-107X
Sensors,10,FULLY_OPEN_ACCESS,MDPI AG,DOAJ dump 2026-09-26 (ISSN 1424-8220); license: CC BY; OA since: 2001,https://doaj.org/toc/13cbd0d940a34d5dac14e251a1927783,2026-09-26,1424-8220
Sustainability (Switzerland),9,FULLY_OPEN_ACCESS,MDPI,"Not in DOAJ dump 2026-09-26, but journal is fully OA by publisher policy (journal on all-OA list); ISSN 20711050",https://www.mdpi.com/journal/sustainability,2026-09-26,2071-1050
Applied Sciences (Switzerland),9,FULLY_OPEN_ACCESS,MDPI AG,DOAJ dump 2026-09-26 (ISSN 2076-3417); license: CC BY; OA since: 2011,https://doaj.org/toc/06b1b003af9c4e6e9323930c4fd7279a,2026-09-26,2076-3417
Measurement: Sensors,8,FULLY_OPEN_ACCESS,Elsevier,"DOAJ dump 2026-09-26 (ISSN 2665-9174); license: CC BY, CC BY-NC, CC BY-NC-ND; OA since: 2019",https://doaj.org/toc/3f7ba5f275244fc786d71fe5911ee43a,2026-09-26,2665-9174
Results in Engineering,8,FULLY_OPEN_ACCESS,Elsevier,"DOAJ dump 2026-09-26 (ISSN 2590-1230); license: CC BY, CC BY-NC, CC BY-NC-ND; OA since: 2019",https://doaj.org/toc/7dbe4215279b47e7ba62af0375ce77a6,2026-09-26,2590-1230
Array,8,FULLY_OPEN_ACCESS,Elsevier,"DOAJ dump 2026-09-26 (ISSN 2590-0056); license: CC BY, CC BY-NC, CC BY-NC-ND; OA since: 2019",https://doaj.org/toc/8aab24ce5fb04462905a9a7964be44f4,2026-09-26,2590-0056
Journal of King Saud University - Computer and Information Sciences,8,FULLY_OPEN_ACCESS,Springer,"DOAJ dump 2026-09-26 (ISSN 1319-1578); license: CC BY, CC BY-NC-ND; OA since: 2025",https://doaj.org/toc/68105ad4b99145529ed395a73e4b0247,2026-09-26,1319-1578
AgriEngineering,7,FULLY_OPEN_ACCESS,MDPI AG,DOAJ dump 2026-09-26 (ISSN 2624-7402); license: CC BY; OA since: 2019,https://doaj.org/toc/8ec3c97a1be64c079ffc626bd7b66aa8,2026-09-26,2624-7402
IAES International Journal of Artificial Intelligence,7,FULLY_OPEN_ACCESS,IAES,"Not in DOAJ dump 2026-09-26, but journal is fully OA by publisher policy (journal on all-OA list); ISSN 20894872",http://ijai.iaescore.com/,2026-09-26,2089-4872
Electronics (Switzerland),6,FULLY_OPEN_ACCESS,MDPI,"Not in DOAJ dump 2026-09-26, but journal is fully OA by publisher policy (journal on all-OA list); ISSN 20799292",https://www.mdpi.com/journal/electronics,2026-09-26,2079-9292
International Journal of Intelligent Engineering and Systems,6,FULLY_OPEN_ACCESS,INASS,"Not in DOAJ dump 2026-09-26, but journal is fully OA by publisher policy (journal on all-OA list); ISSN 2185310X",http://www.inass.org/,2026-09-26,2185-310X
Plant Methods,6,FULLY_OPEN_ACCESS,BMC,"DOAJ dump 2026-09-26 (ISSN 1746-4811); license: CC BY, CC BY-NC-ND; OA since: 2005",https://doaj.org/toc/ee41b56c129e45c186994eeef08c8a91,2026-09-26,1746-4811
Jurnal RESTI,6,FULLY_OPEN_ACCESS,Ikatan Ahli Informatika Indonesia,DOAJ dump 2026-09-26 (ISSN 2580-0760); license: CC BY; OA since: 2017,https://doaj.org/toc/0b1dffb6cb9042b5892e98f5fe342b78,2026-09-26,2580-0760
Expert Systems with Applications,6,HYBRID,Elsevier,Not in DOAJ dump 2026-09-26 (ISSN 09574174 and exact title checked); no all-OA publisher policy on record -> hybrid/subscription,,2026-09-26,0957-4174
Intelligent Systems with Applications,6,FULLY_OPEN_ACCESS,Elsevier,"DOAJ dump 2026-09-26 (ISSN 2667-3053); license: CC BY, CC BY-NC, CC BY-NC-ND; OA since: 2021",https://doaj.org/toc/950a7539cdc746bd8f14bc94a26bd21b,2026-09-26,2667-3053
Remote Sensing,5,FULLY_OPEN_ACCESS,MDPI AG,DOAJ dump 2026-09-26 (ISSN 2072-4292); license: CC BY; OA since: 2009,https://doaj.org/toc/486dc6d5d5dc490c9e7bc614e94a22cd,2026-09-26,2072-4292
PLOS ONE,5,FULLY_OPEN_ACCESS,Public Library of Science (PLoS),DOAJ dump 2026-09-26 (ISSN 1932-6203); license: CC BY; OA since: 2006,https://doaj.org/toc/2fdf1470373343b7bd4f825179c685f5,2026-09-26,1932-6203
Phyton-International Journal of Experimental Botany,5,FULLY_OPEN_ACCESS,Tech Science Press,"Not in DOAJ dump 2026-09-26, but journal is fully OA by publisher policy (journal on all-OA list); ISSN 00319457",https://www.techscience.com/journal/phyton,2026-09-26,0031-9457
Alexandria Engineering Journal,5,FULLY_OPEN_ACCESS,Elsevier,"DOAJ dump 2026-09-26 (ISSN 1110-0168); license: CC BY, CC BY-NC-ND; OA since: 2010",https://doaj.org/toc/40ae382df340487c8266f817e3a03683,2026-09-26,1110-0168
Franklin Open,5,FULLY_OPEN_ACCESS,Elsevier,"DOAJ dump 2026-09-26 (ISSN 2773-1863); license: CC BY, CC BY-NC-ND; OA since: 2022",https://doaj.org/toc/2f7dc259cc9b4c6588e31d5ba42e78f0,2026-09-26,2773-1863;2773-1871
PeerJ Computer Science,5,FULLY_OPEN_ACCESS,PeerJ Inc.,DOAJ dump 2026-09-26 (ISSN 2376-5992); license: CC BY; OA since: 2015,https://doaj.org/toc/731dd1bca9634845bc9132ac7b361461,2026-09-26,2376-5992
Current Plant Biology,5,FULLY_OPEN_ACCESS,Elsevier,"DOAJ dump 2026-09-26 (ISSN 2214-6628); license: CC BY, CC BY-NC, CC BY-NC-ND; OA since: 2014",https://doaj.org/toc/d42990d18b14449ebf634b87ccdaba4a,2026-09-26,2214-6628
Mathematical Modelling of Engineering Problems,4,FULLY_OPEN_ACCESS,IIETA,"Not in DOAJ dump 2026-09-26, but journal is fully OA by publisher policy (journal on all-OA list); ISSN 23690739",https://www.iieta.org/journals/mmep,2026-09-26,2369-0739
PLoS ONE,4,FULLY_OPEN_ACCESS,Public Library of Science (PLoS),DOAJ dump 2026-09-26 (ISSN 1932-6203); license: CC BY; OA since: 2006,https://doaj.org/toc/2fdf1470373343b7bd4f825179c685f5,2026-09-26,1932-6203
Applied Soft Computing,4,HYBRID,Elsevier,Not in DOAJ dump 2026-09-26 (ISSN 15684946 and exact title checked); no all-OA publisher policy on record -> hybrid/subscription,,2026-09-26,1568-4946
International Journal of Electrical and Computer Engineering,4,FULLY_OPEN_ACCESS,IAES,"Not in DOAJ dump 2026-09-26, but journal is fully OA by publisher policy (journal on all-OA list); ISSN 20888708",http://ijece.iaescore.com/,2026-09-26,2088-8708
Engineering Applications of Artificial Intelligence,4,HYBRID,Elsevier,Not in DOAJ dump 2026-09-26 (ISSN 09521976 and exact title checked); no all-OA publisher policy on record -> hybrid/subscription,,2026-09-26,0952-1976
Egyptian Informatics Journal,4,FULLY_OPEN_ACCESS,Elsevier,"DOAJ dump 2026-09-26 (ISSN 1110-8665); license: CC BY, CC BY-NC-ND; OA since: 2010",https://doaj.org/toc/31d1fd30e6674511b3d154964bc37c92,2026-09-26,1110-8665
Industrial Crops and Products,4,FULLY_OPEN_ACCESS,Elsevier,"DOAJ dump 2026-09-26 (exact title); license: CC BY, CC BY-NC, CC BY-NC-ND; OA since: 2025",https://doaj.org/toc/337229bf09384933aa07e08804aacfec,2026-09-26,0926-6690
Journal of Big Data,3,FULLY_OPEN_ACCESS,SpringerOpen,"DOAJ dump 2026-09-26 (ISSN 2196-1115); license: CC BY, CC BY-NC-ND; OA since: 2014",https://doaj.org/toc/efa57cbbad6845faacef038216d52ab4,2026-09-26,2196-1115
"Engineering, Technology and Applied Science Research",3,FULLY_OPEN_ACCESS,ETASR,"Not in DOAJ dump 2026-09-26, but journal is fully OA by publisher policy (journal on all-OA list); ISSN 22414487",https://etasr.com/,2026-09-26,2241-4487
Journal of the Saudi Society of Agricultural Sciences,3,FULLY_OPEN_ACCESS,Springer,"DOAJ dump 2026-09-26 (ISSN 1658-077X); license: CC BY, CC BY-NC-ND; OA since: 2025",https://doaj.org/toc/6c9b3ca9d63c4ef98f47f81726a42761,2026-09-26,1658-077X
INMATEH - Agricultural Engineering,3,HYBRID,Publisher/Unknown,Not in DOAJ dump 2026-09-26 (ISSN 20684215 and exact title checked); no all-OA publisher policy on record -> hybrid/subscription,,2026-09-26,2068-4215
Journal of Intelligent Decision Making and Information Science,3,FULLY_OPEN_ACCESS,MDPI,"Not in DOAJ dump 2026-09-26, but journal is fully OA by publisher policy (publisher 'MDPI'); ISSN 30790875",https://www.mdpi.com/journal/information,2026-09-26,3079-0875
Frontiers in Artificial Intelligence,3,FULLY_OPEN_ACCESS,Frontiers Media S.A.,DOAJ dump 2026-09-26 (ISSN 2624-8212); license: CC BY; OA since: 2019,https://doaj.org/toc/80316dac4e484f1b8500543b61f1beb7,2026-09-26,2624-8212
International Journal on Recent and Innovation Trends in Computing and Communication,3,HYBRID,Publisher/Unknown,Not in DOAJ dump 2026-09-26 (ISSN 23218169 and exact title checked); no all-OA publisher policy on record -> hybrid/subscription,,2026-09-26,2321-8169
Machine Learning with Applications,3,FULLY_OPEN_ACCESS,Elsevier,"DOAJ dump 2026-09-26 (ISSN 2666-8270); license: CC BY, CC BY-NC, CC BY-NC-ND; OA since: 2020",https://doaj.org/toc/b41986bb21134e70a650f40d335c4241,2026-09-26,2666-8270
Crop Design,3,FULLY_OPEN_ACCESS,Elsevier,"DOAJ dump 2026-09-26 (ISSN 2772-8994); license: CC BY, CC BY-NC-ND; OA since: 2022",https://doaj.org/toc/57bfe63cf1154190beac3ac32a6df430,2026-09-26,2772-8994
Rice Science,3,FULLY_OPEN_ACCESS,Elsevier,"DOAJ dump 2026-09-26 (ISSN 1672-6308); license: CC BY, CC BY-NC-ND; OA since: 2015",https://doaj.org/toc/0fd132e7f66f44b3a6589b38391ab8f0,2026-09-26,1672-6308
BMC Plant Biology,3,FULLY_OPEN_ACCESS,BMC,"DOAJ dump 2026-09-26 (ISSN 1471-2229); license: CC BY, CC BY-NC-ND; OA since: 2001",https://doaj.org/toc/7d686a49d0f44d33a11e0d01e11164b8,2026-09-26,1471-2229
International Journal of Cognitive Computing in Engineering,3,FULLY_OPEN_ACCESS,"KeAi Communications Co., Ltd.","DOAJ dump 2026-09-26 (ISSN 2666-3074); license: CC BY, CC BY-NC-ND; OA since: 2020",https://doaj.org/toc/a1150ebe250e4b9f9ba2ca8ac9925f8f,2026-09-26,2666-3074
International Journal on Informatics Visualization,3,FULLY_OPEN_ACCESS,Society of Visual Informatics,DOAJ dump 2026-09-26 (ISSN 2549-9904); license: CC BY-SA; OA since: 2017,https://doaj.org/toc/749f3e0566924c648dd563d6dd768b9a,2026-09-26,2549-9904
Global Transitions Proceedings,3,CONFERENCE_PROCEEDINGS,Unknown,Conference proceedings series,,2026-09-26,2666-285X
iScience,3,FULLY_OPEN_ACCESS,Elsevier,"DOAJ dump 2026-09-26 (ISSN 2589-0042); license: CC BY, CC BY-NC, CC BY-NC-ND; OA since: 2018",https://doaj.org/toc/1d9c7398033a49b3827dcddbe781e9f8,2026-09-26,2589-0042
Informatics in Medicine Unlocked,3,FULLY_OPEN_ACCESS,Elsevier,"DOAJ dump 2026-09-26 (ISSN 2352-9148); license: CC BY, CC BY-NC, CC BY-NC-ND; OA since: 2015",https://doaj.org/toc/015b005edbd1442f8abe737f53cf4384,2026-09-26,2352-9148
The Open Agriculture Journal,3,FULLY_OPEN_ACCESS,MDPI,"Not in DOAJ dump 2026-09-26, but journal is fully OA by publisher policy (journal on all-OA list); ISSN 18743315",https://www.mdpi.com/journal/agriculture,2026-09-26,1874-3315
International Journal of Applied Earth Observation and Geoinformation,3,FULLY_OPEN_ACCESS,Elsevier,"DOAJ dump 2026-09-26 (ISSN 1569-8432); license: CC BY, CC BY-NC, CC BY-NC-ND; OA since: 2020",https://doaj.org/toc/57808d72f4594787a9f100dc59f88a56,2026-09-26,1569-8432
Engineering,3,FULLY_OPEN_ACCESS,Elsevier,"DOAJ dump 2026-09-26 (ISSN 2095-8099); license: CC BY, CC BY-NC-ND; OA since: 2015",https://doaj.org/toc/fc7c6b4c690547419f3c97a8e243e86e,2026-09-26,2095-8099
The Crop Journal,3,FULLY_OPEN_ACCESS,"KeAi Communications Co., Ltd.","DOAJ dump 2026-09-26 (ISSN 2214-5141); license: CC BY, CC BY-NC-ND; OA since: 2013",https://doaj.org/toc/c949ea4c778a4fc79a0c7fd91d4f5092,2026-09-26,2214-5141
"Journal of Wireless Mobile Networks, Ubiquitous Computing, and Dependable Applications",2,HYBRID,Publisher/Unknown,Not in DOAJ dump 2026-09-26 (ISSN 20935374 and exact title checked); no all-OA publisher policy on record -> hybrid/subscription,,2026-09-26,2093-5374
Computer Systems Science and Engineering,2,FULLY_OPEN_ACCESS,Publisher/Unknown,"Not in DOAJ dump 2026-09-26, but journal is fully OA by publisher policy (journal on all-OA list); ISSN 02676192",,2026-09-26,0267-6192
Discover Sustainability,2,FULLY_OPEN_ACCESS,Springer,"DOAJ dump 2026-09-26 (ISSN 2662-9984); license: CC BY, CC BY-NC-ND; OA since: 2020",https://doaj.org/toc/b0f2f644c2814048affc39bf4079c369,2026-09-26,2662-9984
Discover Computing,2,FULLY_OPEN_ACCESS,Springer,"DOAJ dump 2026-09-26 (ISSN 2948-2992); license: CC BY, CC BY-NC-ND; OA since: 2024",https://doaj.org/toc/ecc0629081564e55afe81257ea8ef968,2026-09-26,2948-2992
Journal of Advanced Computational Intelligence and Intelligent Informatics,2,FULLY_OPEN_ACCESS,Fuji Technology Press Ltd.,DOAJ dump 2026-09-26 (ISSN 1343-0130); license: CC BY-ND; OA since: 2007,https://doaj.org/toc/0e77df7c901f4114b46c416fa8b02a90,2026-09-26,1343-0130
Physiological and Molecular Plant Pathology,2,HYBRID,Publisher/Unknown,Not in DOAJ dump 2026-09-26 (ISSN 08855765 and exact title checked); no all-OA publisher policy on record -> hybrid/subscription,,2026-09-26,0885-5765
Edelweiss Applied Science and Technology,2,FULLY_OPEN_ACCESS,Publisher/Unknown,"Not in DOAJ dump 2026-09-26, but journal is fully OA by publisher policy (journal on all-OA list); ISSN 25768484",,2026-09-26,2576-8484
Journal of Advances in Information Technology,2,FULLY_OPEN_ACCESS,Engineering and Technology Publishing,"DOAJ dump 2026-09-26 (ISSN 1798-2340); license: CC BY, CC BY-NC-ND; OA since: 2020",https://doaj.org/toc/c008b6c606db4650b210f8d0d750dabf,2026-09-26,1798-2340
Discover Artificial Intelligence,2,FULLY_OPEN_ACCESS,Springer,"DOAJ dump 2026-09-26 (ISSN 2731-0809); license: CC BY, CC BY-NC-ND; OA since: 2021",https://doaj.org/toc/12018e09d2c948e0b0da104125b305e9,2026-09-26,2731-0809
International Journal of Informatics and Communication Technology,2,HYBRID,Publisher/Unknown,Not in DOAJ dump 2026-09-26 (ISSN 22528776 and exact title checked); no all-OA publisher policy on record -> hybrid/subscription,,2026-09-26,2252-8776
Artificial Intelligence Review,2,HYBRID,Publisher/Unknown,Not in DOAJ dump 2026-09-26 (ISSN 02692821 and exact title checked); no all-OA publisher policy on record -> hybrid/subscription,,2026-09-26,0269-2821
Symmetry,2,HYBRID,Publisher/Unknown,Not in DOAJ dump 2026-09-26 (ISSN 20738994 and exact title checked); no all-OA publisher policy on record -> hybrid/subscription,,2026-09-26,2073-8994
Engineering Reports,2,FULLY_OPEN_ACCESS,Wiley,"DOAJ dump 2026-09-26 (ISSN 2577-8196); license: CC BY, CC BY-NC, CC BY-NC-ND; OA since: 2019",https://doaj.org/toc/036b6eaca5f84588be0dd10ceaff8115,2026-09-26,2577-8196
Tarim Bilimleri Dergisi,2,FULLY_OPEN_ACCESS,Ankara University,DOAJ dump 2026-09-26 (ISSN 1300-7580); license: CC BY; OA since: 2010,https://doaj.org/toc/e17a3a1918e245859327b0fb11906d02,2026-09-26,1300-7580
Journal of Mobile Multimedia,2,HYBRID,Publisher/Unknown,Not in DOAJ dump 2026-09-26 (ISSN 15504646;15504654 and exact title checked); no all-OA publisher policy on record -> hybrid/subscription,,2026-09-26,1550-4646;1550-4654
Journal of Sensors,2,FULLY_OPEN_ACCESS,MDPI,"Not in DOAJ dump 2026-09-26, but journal is fully OA by publisher policy (journal on all-OA list); ISSN 1687725X",https://www.mdpi.com/journal/sensors,2026-09-26,1687-725X
International Journal of Computing and Digital Systems,2,FULLY_OPEN_ACCESS,University of Bahrain,DOAJ dump 2026-09-26 (ISSN 2210-142X); license: CC BY-NC-ND; OA since: 2012,https://doaj.org/toc/c796b7cb64fc4af981072cb813d5ce89,2026-09-26,2210-142X
Environmental Research Communications,2,FULLY_OPEN_ACCESS,IOP Publishing,DOAJ dump 2026-09-26 (ISSN 2515-7620); license: CC BY; OA since: 2019,https://doaj.org/toc/6dcc4be65e374fe4a217a2d2a9a8d1c0,2026-09-26,2515-7620
Data in Brief,2,FULLY_OPEN_ACCESS,Elsevier,"DOAJ dump 2026-09-26 (ISSN 2352-3409); license: CC BY, CC BY-NC; OA since: 2014",https://doaj.org/toc/57bade9c54a7467cafffdca2f5b7b99b,2026-09-26,2352-3409
Yuzuncu Yil University Journal of Agricultural Sciences,2,FULLY_OPEN_ACCESS,Yuzuncu Yil University Faculty of Agriculture,DOAJ dump 2026-09-26 (ISSN 1308-7576); license: CC BY; OA since: 2008,https://doaj.org/toc/33da99957a7345148cf88253e6fd8d52,2026-09-26,1308-7576
Telkomnika (Telecommunication Computing Electronics and Control),2,FULLY_OPEN_ACCESS,MDPI,"Not in DOAJ dump 2026-09-26, but journal is fully OA by publisher policy (journal on all-OA list); ISSN 16936930",https://www.mdpi.com/journal/electronics,2026-09-26,1693-6930
Ingenierie des Systemes d'Information,2,FULLY_OPEN_ACCESS,MDPI,"Not in DOAJ dump 2026-09-26, but journal is fully OA by publisher policy (journal on all-OA list); ISSN 16331311",https://www.mdpi.com/journal/information,2026-09-26,1633-1311
"e-Prime - Advances in Electrical Engineering, Electronics and Energy",2,FULLY_OPEN_ACCESS,Elsevier,"DOAJ dump 2026-09-26 (ISSN 2772-6711); license: CC BY, CC BY-NC, CC BY-NC-ND; OA since: 2021",https://doaj.org/toc/b47d91cfd2704088adfb6adcfc17eff6,2026-09-26,2772-6711
Phytopathology,2,HYBRID,APS,Not in DOAJ dump 2026-09-26 (ISSN 0031949X and exact title checked); no all-OA publisher policy on record -> hybrid/subscription,,2026-09-26,0031-949X
Electronics,2,FULLY_OPEN_ACCESS,University of Banja Luka,DOAJ dump 2026-09-26 (exact title); license: CC BY-NC; OA since: 2009,https://doaj.org/toc/9d4c85f559d24717a3ae8c5899b7dd4d,2026-09-26,2079-9292
Results in Control and Optimization,2,FULLY_OPEN_ACCESS,Elsevier,"DOAJ dump 2026-09-26 (ISSN 2666-7207); license: CC BY, CC BY-NC, CC BY-NC-ND; OA since: 2020",https://doaj.org/toc/2c8f766339684510b5386461f9e1d53e,2026-09-26,2666-7207
Journal of Natural Pesticide Research,2,FULLY_OPEN_ACCESS,Elsevier,"DOAJ dump 2026-09-26 (ISSN 2773-0786); license: CC BY, CC BY-NC, CC BY-NC-ND; OA since: 2022",https://doaj.org/toc/1e4de90ca7564bc0804129256ff2b9d4,2026-09-26,2773-0786
European Journal of Agronomy,2,FULLY_OPEN_ACCESS,MDPI,"Not in DOAJ dump 2026-09-26, but journal is fully OA by publisher policy (publisher 'MDPI'); ISSN 11610301",https://www.mdpi.com/journal/agronomy,2026-09-26,1161-0301
Agricultural Water Management,2,FULLY_OPEN_ACCESS,Elsevier,"DOAJ dump 2026-09-26 (exact title); license: CC BY, CC BY-NC, CC BY-NC-ND; OA since: 2023",https://doaj.org/toc/ff3ad2e2afbc4e128a5ec6780301a3c0,2026-09-26,0378-3774
Ecotoxicology and Environmental Safety,2,FULLY_OPEN_ACCESS,Elsevier,"DOAJ dump 2026-09-26 (ISSN 0147-6513); license: CC BY, CC BY-NC, CC BY-NC-ND; OA since: 2021",https://doaj.org/toc/dba025143645441a912950d14ac65f15,2026-09-26,0147-6513
Scientific African,2,FULLY_OPEN_ACCESS,Elsevier,"DOAJ dump 2026-09-26 (ISSN 2468-2276); license: CC BY, CC BY-NC-ND; OA since: 2018",https://doaj.org/toc/00d6163fb43b4d8688f414d9727bd1fd,2026-09-26,2468-2276
Ain Shams Engineering Journal,2,FULLY_OPEN_ACCESS,Elsevier,"DOAJ dump 2026-09-26 (ISSN 2090-4479); license: CC BY, CC BY-NC-ND; OA since: 2010",https://doaj.org/toc/5622b8878c204fd2b88130fbeea2f2d7,2026-09-26,2090-4479
Systems and Soft Computing,2,FULLY_OPEN_ACCESS,Elsevier,"DOAJ dump 2026-09-26 (ISSN 2772-9419); license: CC BY, CC BY-NC, CC BY-NC-ND; OA since: 2022",https://doaj.org/toc/0ddcf34e3eef4ac2b714773afcc44b4a,2026-09-26,2772-9419
Plant Communications,2,FULLY_OPEN_ACCESS,Elsevier,"DOAJ dump 2026-09-26 (ISSN 2590-3462); license: CC BY, CC BY-NC, CC BY-NC-ND; OA since: 2019",https://doaj.org/toc/f2aaa247d06946fbb868d95fefa3371a,2026-09-26,2590-3462
"Engineering Science and Technology, an International Journal",2,FULLY_OPEN_ACCESS,Elsevier,"DOAJ dump 2026-09-26 (ISSN 2215-0986); license: CC BY, CC BY-NC-ND; OA since: 2014",https://doaj.org/toc/f7a27371b5154a6297cfc79df57772b0,2026-09-26,2215-0986
Pattern Recognition,2,HYBRID,Elsevier,Not in DOAJ dump 2026-09-26 (ISSN 00313203 and exact title checked); no all-OA publisher policy on record -> hybrid/subscription,,2026-09-26,0031-3203
Computers,1,FULLY_OPEN_ACCESS,MDPI AG,DOAJ dump 2026-09-26 (ISSN 2073-431X); license: CC BY; OA since: 2012,https://doaj.org/toc/17030db991194c179aded8835915914a,2026-09-26,2073-431X
Universal Journal of Agricultural Research,1,HYBRID,Publisher/Unknown,Not in DOAJ dump 2026-09-26 (ISSN 23322268 and exact title checked); no all-OA publisher policy on record -> hybrid/subscription,,2026-09-26,2332-2268
Plant Phenome Journal,1,FULLY_OPEN_ACCESS,Wiley,"DOAJ dump 2026-09-26 (ISSN 2578-2703); license: CC BY, CC BY-NC-ND; OA since: 2018",https://doaj.org/toc/7eb70084da0b466db81895ac8ed4d2fb,2026-09-26,2578-2703
International Research Journal of Multidisciplinary Scope,1,FULLY_OPEN_ACCESS,Publisher/Unknown,"Not in DOAJ dump 2026-09-26, but journal is fully OA by publisher policy (journal on all-OA list); ISSN 2582631X",,2026-09-26,2582-631X
Tehnicki Glasnik,1,FULLY_OPEN_ACCESS,University North,DOAJ dump 2026-09-26 (ISSN 1846-6168); license: CC BY; OA since: 2009,https://doaj.org/toc/93d547783f7f445098e50f6be8965a79,2026-09-26,1846-6168
PloS one,1,FULLY_OPEN_ACCESS,Public Library of Science (PLoS),DOAJ dump 2026-09-26 (ISSN 1932-6203); license: CC BY; OA since: 2006,https://doaj.org/toc/2fdf1470373343b7bd4f825179c685f5,2026-09-26,1932-6203
Journal of Imaging,1,FULLY_OPEN_ACCESS,MDPI AG,DOAJ dump 2026-09-26 (ISSN 2313-433X); license: CC BY; OA since: 2015,https://doaj.org/toc/30e0ac270c2a453db1f82e1522656503,2026-09-26,2313-433X
HighTech and Innovation Journal,1,HYBRID,Publisher/Unknown,Not in DOAJ dump 2026-09-26 (ISSN 27239535 and exact title checked); no all-OA publisher policy on record -> hybrid/subscription,,2026-09-26,2723-9535
IEEE Journal of Selected Topics in Applied Earth Observations and Remote Sensing,1,FULLY_OPEN_ACCESS,IEEE,"DOAJ dump 2026-09-26 (ISSN 1939-1404); license: CC BY, CC BY-NC-ND; OA since: 2020",https://doaj.org/toc/ff00c641bf3046758ab4cd92b2e765db,2026-09-26,1939-1404;2151-1535
Journal of Plant Protection Research,1,FULLY_OPEN_ACCESS,Polish Academy of Sciences,DOAJ dump 2026-09-26 (ISSN 1427-4345); license: CC BY-NC-ND; OA since: 2008,https://doaj.org/toc/8b32d17b69ca4e71a742bd07f45c8eb6,2026-09-26,1427-4345
Journal of Image and Graphics (United Kingdom),1,HYBRID,Publisher/Unknown,Not in DOAJ dump 2026-09-26 (ISSN 23013699 and exact title checked); no all-OA publisher policy on record -> hybrid/subscription,,2026-09-26,2301-3699
Archives of Control Sciences,1,FULLY_OPEN_ACCESS,Polish Academy of Sciences,DOAJ dump 2026-09-26 (ISSN 1230-2384); license: CC BY-NC-ND; OA since: 2010,https://doaj.org/toc/ab5fbacf7c044bb2bfbe2ef39a12fa7c,2026-09-26,1230-2384
Journal Europeen des Systemes Automatises,1,HYBRID,Publisher/Unknown,Not in DOAJ dump 2026-09-26 (ISSN 12696935 and exact title checked); no all-OA publisher policy on record -> hybrid/subscription,,2026-09-26,1269-6935
Plant Science Today,1,HYBRID,Publisher/Unknown,Not in DOAJ dump 2026-09-26 (ISSN 23481900 and exact title checked); no all-OA publisher policy on record -> hybrid/subscription,,2026-09-26,2348-1900
International Journal of Computational Methods and Experimental Measurements,1,FULLY_OPEN_ACCESS,WIT Press,DOAJ dump 2026-09-26 (ISSN 2046-0546); license: Publisher's own license; OA since: 2013,https://doaj.org/toc/276e95904daa4b2882141b97f5f4eee3,2026-09-26,2046-0546
Indian Journal of Computer Science and Engineering,1,HYBRID,Publisher/Unknown,Not in DOAJ dump 2026-09-26 (ISSN 09765166 and exact title checked); no all-OA publisher policy on record -> hybrid/subscription,,2026-09-26,0976-5166
Archives for Technical Sciences,1,HYBRID,Publisher/Unknown,Not in DOAJ dump 2026-09-26 (ISSN 18404855 and exact title checked); no all-OA publisher policy on record -> hybrid/subscription,,2026-09-26,1840-4855
BMC Research Notes,1,FULLY_OPEN_ACCESS,BMC,"DOAJ dump 2026-09-26 (ISSN 1756-0500); license: CC BY, CC BY-NC-ND; OA since: 2008",https://doaj.org/toc/f5b4312989524ec7aab4ab227d3d427d,2026-09-26,1756-0500
Proceedings of the Indian National Science Academy,1,CONFERENCE_PROCEEDINGS,Various,Conference proceedings series,,2026-09-26,0370-0046
Sakarya University Journal of Computer and Information Sciences,1,FULLY_OPEN_ACCESS,Sakarya University,DOAJ dump 2026-09-26 (ISSN 2636-8129); license: CC BY-NC; OA since: 2018,https://doaj.org/toc/dae5890b80ad49a8b2cc8bd369b95be0,2026-09-26,2636-8129
International Journal of Agriculture and Biology,1,FULLY_OPEN_ACCESS,MDPI,"Not in DOAJ dump 2026-09-26, but journal is fully OA by publisher policy (journal on all-OA list); ISSN 15608530",https://www.mdpi.com/journal/agriculture,2026-09-26,1560-8530
EAI Endorsed Transactions on Pervasive Health and Technology,1,FULLY_OPEN_ACCESS,European Alliance for Innovation (EAI),DOAJ dump 2026-09-26 (ISSN 2411-7145); license: CC BY-NC-SA; OA since: 2015,https://doaj.org/toc/3cd4e4ed07494ddf8a7db297332d8f97,2026-09-26,2411-7145
Chemical and Biological Technologies in Agriculture,1,FULLY_OPEN_ACCESS,SpringerOpen,"DOAJ dump 2026-09-26 (ISSN 2196-5641); license: CC BY, CC BY-NC-ND; OA since: 2014",https://doaj.org/toc/5669404850354d128c8ce4439bcd4572,2026-09-26,2196-5641
Artificial Intelligence and Applications,1,FULLY_OPEN_ACCESS,Publisher/Unknown,"Not in DOAJ dump 2026-09-26, but journal is fully OA by publisher policy (journal on all-OA list); ISSN 28110854",,2026-09-26,2811-0854
Multimedia Tools and Applications,1,HYBRID,Springer,Not in DOAJ dump 2026-09-26 (ISSN 13807501 and exact title checked); no all-OA publisher policy on record -> hybrid/subscription,,2026-09-26,1380-7501
Intelligent Automation and Soft Computing,1,HYBRID,Publisher/Unknown,Not in DOAJ dump 2026-09-26 (ISSN 10798587 and exact title checked); no all-OA publisher policy on record -> hybrid/subscription,,2026-09-26,1079-8587
Indonesian Journal of Electrical Engineering and Computer Science,1,HYBRID,Publisher/Unknown,Not in DOAJ dump 2026-09-26 (ISSN 25024752 and exact title checked); no all-OA publisher policy on record -> hybrid/subscription,,2026-09-26,2502-4752
Complex and Intelligent Systems,1,FULLY_OPEN_ACCESS,Springer,"DOAJ dump 2026-09-26 (ISSN 2199-4536); license: CC BY, CC BY-NC-ND; OA since: 2015",https://doaj.org/toc/98213659d3c640bc9123abcbb0fda0fe,2026-09-26,2199-4536
International Journal of Agricultural and Biological Engineering,1,FULLY_OPEN_ACCESS,Chinese Society of Agricultural Engineering,DOAJ dump 2026-09-26 (ISSN 1934-6344); license: CC BY; OA since: 2008,https://doaj.org/toc/92a1cbcea98b447eb9f0db4830bd9bb3,2026-09-26,1934-6344
Journal of Soft Computing and Data Mining,1,FULLY_OPEN_ACCESS,Publisher/Unknown,"Not in DOAJ dump 2026-09-26, but journal is fully OA by publisher policy (journal on all-OA list); ISSN 2716621X",,2026-09-26,2716-621X
International Journal of Computer Information Systems and Industrial Management Applications,1,FULLY_OPEN_ACCESS,MDPI,"Not in DOAJ dump 2026-09-26, but journal is fully OA by publisher policy (journal on all-OA list); ISSN 21507988",https://www.mdpi.com/journal/information,2026-09-26,2150-7988
IAES International Journal of Robotics and Automation,1,FULLY_OPEN_ACCESS,Publisher/Unknown,"Not in DOAJ dump 2026-09-26, but journal is fully OA by publisher policy (journal on all-OA list); ISSN 20894856",,2026-09-26,2089-4856
ECTI Transactions on Computer and Information Technology,1,FULLY_OPEN_ACCESS,"Electrical Engineering/Electronics, Computer, Communications and Information Technology Association",DOAJ dump 2026-09-26 (ISSN 2286-9131); license: CC BY-NC-ND; OA since: 2005,https://doaj.org/toc/e8aa04e101804072b18d960f6d3a2ca3,2026-09-26,2286-9131
International Journal of Experimental Research and Review,1,HYBRID,Publisher/Unknown,Not in DOAJ dump 2026-09-26 (ISSN 24554855 and exact title checked); no all-OA publisher policy on record -> hybrid/subscription,,2026-09-26,2455-4855
"Informatyka, Automatyka, Pomiary w Gospodarce i Ochronie Srodowiska",1,FULLY_OPEN_ACCESS,Lublin University of Technology,DOAJ dump 2026-09-26 (ISSN 2083-0157); license: CC BY; OA since: 2013,https://doaj.org/toc/0668a6e9c5894484a77652107c0c28d4,2026-09-26,2083-0157
International Journal of Electrical and Electronics Research,1,FULLY_OPEN_ACCESS,MDPI,"Not in DOAJ dump 2026-09-26, but journal is fully OA by publisher policy (journal on all-OA list); ISSN 2347470X",https://www.mdpi.com/journal/electronics,2026-09-26,2347-470X
Drones,1,FULLY_OPEN_ACCESS,MDPI AG,DOAJ dump 2026-09-26 (ISSN 2504-446X); license: CC BY; OA since: 2017,https://doaj.org/toc/657c44bbd6ef4fdcae50fd2f0659451f,2026-09-26,2504-446X
Revue d'Intelligence Artificielle,1,FULLY_OPEN_ACCESS,Publisher/Unknown,"Not in DOAJ dump 2026-09-26, but journal is fully OA by publisher policy (journal on all-OA list); ISSN 0992499X",,2026-09-26,0992-499X
MethodsX,1,FULLY_OPEN_ACCESS,Elsevier,"DOAJ dump 2026-09-26 (ISSN 2215-0161); license: CC BY, CC BY-NC, CC BY-NC-ND; OA since: 2014",https://doaj.org/toc/16239e5b208d4917bd8b5838c443efda,2026-09-26,2215-0161
Environment Conservation Journal,1,FULLY_OPEN_ACCESS,Action for Sustainable Efficacious Development and Awareness,DOAJ dump 2026-09-26 (ISSN 0972-3099); license: CC BY-NC; OA since: 2015,https://doaj.org/toc/985e0c02eb7949d49287dcac38ed0ccb,2026-09-26,0972-3099
SN Computer Science,1,HYBRID,Publisher/Unknown,Not in DOAJ dump 2026-09-26 (ISSN 2662995X and exact title checked); no all-OA publisher policy on record -> hybrid/subscription,,2026-09-26,2662-995X
BMC Genomic Data,1,FULLY_OPEN_ACCESS,BMC,"DOAJ dump 2026-09-26 (ISSN 2730-6844); license: CC BY, CC BY-NC-ND; OA since: 2021",https://doaj.org/toc/75fca4176d5845b5bc38de15e410c709,2026-09-26,2730-6844
Bulletin of Electrical Engineering and Informatics,1,FULLY_OPEN_ACCESS,IAES,"Not in DOAJ dump 2026-09-26, but journal is fully OA by publisher policy (journal on all-OA list); ISSN 20893191",http://beei.org/,2026-09-26,2089-3191
Journal of Information Systems Engineering and Business Intelligence,1,FULLY_OPEN_ACCESS,Universitas Airlangga,DOAJ dump 2026-09-26 (ISSN 2598-6333); license: CC BY; OA since: 2015,https://doaj.org/toc/a07bdbddace344f791471c622287e9db,2026-09-26,2598-6333
Inteligencia Artificial,1,FULLY_OPEN_ACCESS,Asociación Española para la Inteligencia Artificial,DOAJ dump 2026-09-26 (ISSN 1137-3601); license: CC BY-NC; OA since: 2011,https://doaj.org/toc/27aef981ad814e0dab8a312b78ff508e,2026-09-26,1137-3601
Engineering Proceedings,1,CONFERENCE_PROCEEDINGS,Unknown,Conference proceedings series,,2026-09-26,2673-4591
International Journal of Recent Technology and Engineering,1,HYBRID,Publisher/Unknown,Not in DOAJ dump 2026-09-26 (ISSN 22773878 and exact title checked); no all-OA publisher policy on record -> hybrid/subscription,,2026-09-26,2277-3878
Passer Journal of Basic and Applied Sciences,1,FULLY_OPEN_ACCESS,University of Garmian,DOAJ dump 2026-09-26 (ISSN 2706-5944); license: CC BY-NC; OA since: 2019,https://doaj.org/toc/f462fdb23e664d6ba91852bc81fb3772,2026-09-26,2706-5944
Register: Jurnal Ilmiah Teknologi Sistem Informasi,1,HYBRID,Publisher/Unknown,Not in DOAJ dump 2026-09-26 (ISSN 25030477 and exact title checked); no all-OA publisher policy on record -> hybrid/subscription,,2026-09-26,2503-0477
International Journal of Information Technology (Singapore),1,FULLY_OPEN_ACCESS,MDPI,"Not in DOAJ dump 2026-09-26, but journal is fully OA by publisher policy (publisher 'MDPI'); ISSN 25112104",https://www.mdpi.com/journal/information,2026-09-26,2511-2104
Journal of Internet Services and Information Security,1,FULLY_OPEN_ACCESS,Innovative Information Science & Technology Research Group (ISYOU),DOAJ dump 2026-09-26 (ISSN 2182-2069); license: CC BY-NC; OA since: 2011,https://doaj.org/toc/3abbc68027ec416cb6d05299a6fa2c7c,2026-09-26,2182-2069
Journal of Engineering and Technology for Industrial Applications,1,FULLY_OPEN_ACCESS,Institute of Technology and Education Galileo da Amazônia,DOAJ dump 2026-09-26 (ISSN 2447-0228); license: CC BY; OA since: 2015,https://doaj.org/toc/c4a288e321644a24be7f6712db059ae6,2026-09-26,2447-0228
Systems Science and Control Engineering,1,FULLY_OPEN_ACCESS,Taylor & Francis Group,"DOAJ dump 2026-09-26 (ISSN 2164-2583); license: CC BY, CC BY-NC; OA since: 2013",https://doaj.org/toc/2d0ac517a0cb4e55a94d515b1189961a,2026-09-26,2164-2583
Crop Protection,1,HYBRID,Elsevier,Not in DOAJ dump 2026-09-26 (ISSN 02612194 and exact title checked); no all-OA publisher policy on record -> hybrid/subscription,,2026-09-26,0261-2194
Sinergi (Indonesia),1,FULLY_OPEN_ACCESS,Universitas Mercu Buana,DOAJ dump 2026-09-26 (ISSN 1410-2331); license: CC BY-NC; OA since: 2014,https://doaj.org/toc/6b055205d7ab490ea6f7035acf32f8bb,2026-09-26,1410-2331
CTU Journal of Innovation and Sustainable Development,1,FULLY_OPEN_ACCESS,Can Tho University Publisher,DOAJ dump 2026-09-26 (ISSN 2588-1418); license: CC BY-NC; OA since: 2016,https://doaj.org/toc/84c35fb98771423eb389d4988659e04e,2026-09-26,2588-1418
Pathogens,1,FULLY_OPEN_ACCESS,MDPI AG,DOAJ dump 2026-09-26 (ISSN 2076-0817); license: CC BY; OA since: 2012,https://doaj.org/toc/775f8585b7f94f1799f36b860f2a594c,2026-09-26,2076-0817
Agronomy Journal,1,FULLY_OPEN_ACCESS,MDPI,"Not in DOAJ dump 2026-09-26, but journal is fully OA by publisher policy (publisher 'MDPI'); ISSN 00021962",https://www.mdpi.com/journal/agronomy,2026-09-26,0002-1962
Turkish Journal of Engineering,1,HYBRID,Publisher/Unknown,Not in DOAJ dump 2026-09-26 (ISSN 25871366 and exact title checked); no all-OA publisher policy on record -> hybrid/subscription,,2026-09-26,2587-1366
Current Applied Science and Technology,1,HYBRID,Publisher/Unknown,Not in DOAJ dump 2026-09-26 (ISSN 25869396 and exact title checked); no all-OA publisher policy on record -> hybrid/subscription,,2026-09-26,2586-9396
Potato Research,1,HYBRID,Publisher/Unknown,Not in DOAJ dump 2026-09-26 (ISSN 00143065 and exact title checked); no all-OA publisher policy on record -> hybrid/subscription,,2026-09-26,0014-3065
Discover Internet of Things,1,FULLY_OPEN_ACCESS,Springer,"DOAJ dump 2026-09-26 (ISSN 2730-7239); license: CC BY, CC BY-NC-ND; OA since: 2021",https://doaj.org/toc/59fbdaac9fa644f8acd52893b3e6ca66,2026-09-26,2730-7239
Plant Pathology,1,HYBRID,Publisher/Unknown,Not in DOAJ dump 2026-09-26 (ISSN 00320862 and exact title checked); no all-OA publisher policy on record -> hybrid/subscription,,2026-09-26,0032-0862
AKCE International Journal of Graphs and Combinatorics,1,FULLY_OPEN_ACCESS,Taylor & Francis Group,"DOAJ dump 2026-09-26 (ISSN 0972-8600); license: CC BY, CC BY-NC; OA since: 2015",https://doaj.org/toc/63db2170373f40c7bd27e0f50ce812f1,2026-09-26,0972-8600
Open Life Sciences,1,FULLY_OPEN_ACCESS,De Gruyter,DOAJ dump 2026-09-26 (ISSN 2391-5412); license: CC BY-NC-ND; OA since: 2015,https://doaj.org/toc/c0eda4a3a6b04ef1976ac71b78d5b326,2026-09-26,2391-5412
Journal of Environmental Informatics,1,HYBRID,Publisher/Unknown,Not in DOAJ dump 2026-09-26 (ISSN 17262135 and exact title checked); no all-OA publisher policy on record -> hybrid/subscription,,2026-09-26,1726-2135
Frontiers in Bioengineering and Biotechnology,1,FULLY_OPEN_ACCESS,Frontiers Media S.A.,DOAJ dump 2026-09-26 (ISSN 2296-4185); license: CC BY; OA since: 2013,https://doaj.org/toc/eef7e0fb41394b2c80791e0536ec82d7,2026-09-26,2296-4185
Applied Food Research,1,FULLY_OPEN_ACCESS,Elsevier,"DOAJ dump 2026-09-26 (ISSN 2772-5022); license: CC BY, CC BY-NC, CC BY-NC-ND; OA since: 2021",https://doaj.org/toc/4b3d41a53d454f48945cbedc9c3cbfc4,2026-09-26,2772-5022
Molecular Breeding,1,HYBRID,Publisher/Unknown,Not in DOAJ dump 2026-09-26 (ISSN 13803743 and exact title checked); no all-OA publisher policy on record -> hybrid/subscription,,2026-09-26,1380-3743
Computational Intelligence and Neuroscience,1,HYBRID,Publisher/Unknown,Not in DOAJ dump 2026-09-26 (ISSN 16875265 and exact title checked); no all-OA publisher policy on record -> hybrid/subscription,,2026-09-26,1687-5265
Journal of Image and Graphics(United Kingdom),1,HYBRID,Publisher/Unknown,Not in DOAJ dump 2026-09-26 (ISSN 23013699 and exact title checked); no all-OA publisher policy on record -> hybrid/subscription,,2026-09-26,2301-3699
Journal of Machine and Computing,1,HYBRID,Publisher/Unknown,Not in DOAJ dump 2026-09-26 (ISSN 27891801 and exact title checked); no all-OA publisher policy on record -> hybrid/subscription,,2026-09-26,2789-1801
EAI Endorsed Transactions on Internet of Things,1,FULLY_OPEN_ACCESS,European Alliance for Innovation (EAI),DOAJ dump 2026-09-26 (ISSN 2414-1399); license: CC BY-NC-SA; OA since: 2015,https://doaj.org/toc/bc1ff3b09ab04e11ae12ef71d162f04c,2026-09-26,2414-1399
Journal of Neonatal Surgery,1,FULLY_OPEN_ACCESS,Publisher/Unknown,"Not in DOAJ dump 2026-09-26, but journal is fully OA by publisher policy (journal on all-OA list); ISSN 22260439",,2026-09-26,2226-0439
ARPN Journal of Engineering and Applied Sciences,1,FULLY_OPEN_ACCESS,MDPI,"Not in DOAJ dump 2026-09-26, but journal is fully OA by publisher policy (journal on all-OA list); ISSN 18196608",https://www.mdpi.com/journal/applsci,2026-09-26,1819-6608
Journal of Transformative Technologies and Sustainable Development,1,HYBRID,Publisher/Unknown,Not in DOAJ dump 2026-09-26 (ISSN 30593336 and exact title checked); no all-OA publisher policy on record -> hybrid/subscription,,2026-09-26,3059-3336
Journal of Plant Diseases and Protection,1,HYBRID,Publisher/Unknown,Not in DOAJ dump 2026-09-26 (ISSN 18613829 and exact title checked); no all-OA publisher policy on record -> hybrid/subscription,,2026-09-26,1861-3829
Data,1,FULLY_OPEN_ACCESS,MDPI AG,DOAJ dump 2026-09-26 (ISSN 2306-5729); license: CC BY; OA since: 2016,https://doaj.org/toc/580e2883623f48f7807294fa987647bf,2026-09-26,2306-5729
Journal of Computing Theories and Applications,1,HYBRID,Publisher/Unknown,Not in DOAJ dump 2026-09-26 (ISSN 30249104 and exact title checked); no all-OA publisher policy on record -> hybrid/subscription,,2026-09-26,3024-9104
Journal of Engineering and Technological Sciences,1,HYBRID,Publisher/Unknown,Not in DOAJ dump 2026-09-26 (ISSN 23375779 and exact title checked); no all-OA publisher policy on record -> hybrid/subscription,,2026-09-26,2337-5779
"International Journal of Mathematical, Engineering and Management Sciences",1,FULLY_OPEN_ACCESS,Ram Arti Publishers,DOAJ dump 2026-09-26 (ISSN 2455-7749); license: CC BY; OA since: 2016,https://doaj.org/toc/70583631a32246e1b61293df0e01f2a3,2026-09-26,2455-7749
Engineering Journal,1,HYBRID,Publisher/Unknown,Not in DOAJ dump 2026-09-26 (ISSN 01258281 and exact title checked); no all-OA publisher policy on record -> hybrid/subscription,,2026-09-26,0125-8281
Journal of the Nigerian Society of Physical Sciences,1,FULLY_OPEN_ACCESS,Nigerian Society of Physical Sciences,DOAJ dump 2026-09-26 (ISSN 2714-2817); license: CC BY; OA since: 2019,https://doaj.org/toc/6f1bcca477b041b0bbfc47c373c96ab5,2026-09-26,2714-2817
Journal of the Institute of Science and Technology,1,HYBRID,Publisher/Unknown,Not in DOAJ dump 2026-09-26 (ISSN 25364618 and exact title checked); no all-OA publisher policy on record -> hybrid/subscription,,2026-09-26,2536-4618
"Advance Sustainable Science, Engineering and Technology",1,HYBRID,Publisher/Unknown,Not in DOAJ dump 2026-09-26 (ISSN 27154211 and exact title checked); no all-OA publisher policy on record -> hybrid/subscription,,2026-09-26,2715-4211
Concurrency and Computation: Practice and Experience,1,HYBRID,Publisher/Unknown,Not in DOAJ dump 2026-09-26 (ISSN 15320626 and exact title checked); no all-OA publisher policy on record -> hybrid/subscription,,2026-09-26,1532-0626
Journal of Crop Health,1,HYBRID,Publisher/Unknown,Not in DOAJ dump 2026-09-26 (ISSN 2948264X and exact title checked); no all-OA publisher policy on record -> hybrid/subscription,,2026-09-26,2948-264X
International Journal of Basic and Applied Sciences,1,FULLY_OPEN_ACCESS,MDPI,"Not in DOAJ dump 2026-09-26, but journal is fully OA by publisher policy (publisher 'MDPI'); ISSN 22275053",https://www.mdpi.com/journal/applsci,2026-09-26,2227-5053
International Journal of Engineering and Manufacturing,1,HYBRID,Publisher/Unknown,Not in DOAJ dump 2026-09-26 (ISSN 23053631 and exact title checked); no all-OA publisher policy on record -> hybrid/subscription,,2026-09-26,2305-3631
Frontiers in Computer Science,1,FULLY_OPEN_ACCESS,Frontiers Media S.A.,DOAJ dump 2026-09-26 (ISSN 2624-9898); license: CC BY; OA since: 2019,https://doaj.org/toc/59565604564d4b45a65845ac87623552,2026-09-26,2624-9898
Food and Energy Security,1,FULLY_OPEN_ACCESS,Wiley,DOAJ dump 2026-09-26 (ISSN 2048-3694); license: CC BY; OA since: 2012,https://doaj.org/toc/0cd6bad19657499486eac0d59d5cb854,2026-09-26,2048-3694
Algorithms,1,FULLY_OPEN_ACCESS,MDPI AG,DOAJ dump 2026-09-26 (ISSN 1999-4893); license: CC BY; OA since: 2008,https://doaj.org/toc/d6cdb53a437a42599840103ffacbd7c8,2026-09-26,1999-4893
International Journal of Fuzzy Logic and Intelligent Systems,1,FULLY_OPEN_ACCESS,Publisher/Unknown,"Not in DOAJ dump 2026-09-26, but journal is fully OA by publisher policy (journal on all-OA list); ISSN 15982645",,2026-09-26,1598-2645
Journal of Autonomous Intelligence,1,FULLY_OPEN_ACCESS,Publisher/Unknown,"Not in DOAJ dump 2026-09-26, but journal is fully OA by publisher policy (journal on all-OA list); ISSN 26305046",,2026-09-26,2630-5046
Engenharia Agricola,1,FULLY_OPEN_ACCESS,Sociedade Brasileira de Engenharia Agrícola,DOAJ dump 2026-09-26 (ISSN 0100-6916); license: CC BY; OA since: 2004,https://doaj.org/toc/c9b0a3df16c143c2933fad8b8e20cec0,2026-09-26,0100-6916
International Journal of Computing,1,HYBRID,Publisher/Unknown,Not in DOAJ dump 2026-09-26 (ISSN 17276209 and exact title checked); no all-OA publisher policy on record -> hybrid/subscription,,2026-09-26,1727-6209
Foods,1,FULLY_OPEN_ACCESS,MDPI AG,DOAJ dump 2026-09-26 (ISSN 2304-8158); license: CC BY; OA since: 2012,https://doaj.org/toc/6d59bbfecab14d41bb99c9955df30a7b,2026-09-26,2304-8158
Indian Journal of Agricultural Research,1,HYBRID,Publisher/Unknown,Not in DOAJ dump 2026-09-26 (ISSN 03678245 and exact title checked); no all-OA publisher policy on record -> hybrid/subscription,,2026-09-26,0367-8245
Technologies,1,FULLY_OPEN_ACCESS,MDPI AG,DOAJ dump 2026-09-26 (ISSN 2227-7080); license: CC BY; OA since: 2013,https://doaj.org/toc/9e620bb746064d468884df46a33a24ef,2026-09-26,2227-7080
International Journal of Electrical and Computer Engineering Systems,1,FULLY_OPEN_ACCESS,IAES,"Not in DOAJ dump 2026-09-26, but journal is fully OA by publisher policy (journal on all-OA list); ISSN 18476996",http://ijece.iaescore.com/,2026-09-26,1847-6996
Pest Management Science,1,HYBRID,Publisher/Unknown,Not in DOAJ dump 2026-09-26 (ISSN 1526498X and exact title checked); no all-OA publisher policy on record -> hybrid/subscription,,2026-09-26,1526-498X
Neural Computing and Applications,1,HYBRID,Springer,Not in DOAJ dump 2026-09-26 (ISSN 09410643 and exact title checked); no all-OA publisher policy on record -> hybrid/subscription,,2026-09-26,0941-0643
International Journal of Technology,1,FULLY_OPEN_ACCESS,Universitas Indonesia,DOAJ dump 2026-09-26 (ISSN 2086-9614); license: CC BY-NC-ND; OA since: 2017,https://doaj.org/toc/81bfd08f094a4c4fa8fec3e9a77371b8,2026-09-26,2086-9614
Traitement du Signal,1,FULLY_OPEN_ACCESS,IIETA,"Not in DOAJ dump 2026-09-26, but journal is fully OA by publisher policy (journal on all-OA list); ISSN 07650019",https://www.iieta.org/journals/ts,2026-09-26,0765-0019
Iraqi Journal of Science,1,FULLY_OPEN_ACCESS,Publisher/Unknown,"Not in DOAJ dump 2026-09-26, but journal is fully OA by publisher policy (journal on all-OA list); ISSN 00672904",,2026-09-26,0067-2904
Buletin Ilmiah Sarjana Teknik Elektro,1,HYBRID,Publisher/Unknown,Not in DOAJ dump 2026-09-26 (ISSN 26857936 and exact title checked); no all-OA publisher policy on record -> hybrid/subscription,,2026-09-26,2685-7936
Cogent Food and Agriculture,1,FULLY_OPEN_ACCESS,Taylor & Francis Group,DOAJ dump 2026-09-26 (ISSN 2331-1932); license: CC BY; OA since: 2015,https://doaj.org/toc/0f3007a9f31f438897c665f05d9556de,2026-09-26,2331-1932
Applied Engineering in Agriculture,1,FULLY_OPEN_ACCESS,MDPI,"Not in DOAJ dump 2026-09-26, but journal is fully OA by publisher policy (publisher 'MDPI'); ISSN 08838542",https://www.mdpi.com/journal/agriculture,2026-09-26,0883-8542
Advances in Technology Innovation,1,HYBRID,Publisher/Unknown,Not in DOAJ dump 2026-09-26 (ISSN 24150436 and exact title checked); no all-OA publisher policy on record -> hybrid/subscription,,2026-09-26,2415-0436
International Journal of Innovative Technology and Exploring Engineering,1,HYBRID,Publisher/Unknown,Not in DOAJ dump 2026-09-26 (ISSN 22783075 and exact title checked); no all-OA publisher policy on record -> hybrid/subscription,,2026-09-26,2278-3075
International Journal of Artificial Intelligence and Machine Learning,1,HYBRID,Publisher/Unknown,Not in DOAJ dump 2026-09-26 (ISSN 27892557 and exact title checked); no all-OA publisher policy on record -> hybrid/subscription,,2026-09-26,2789-2557
International Journal of Engineering Trends and Technology,1,HYBRID,Publisher/Unknown,Not in DOAJ dump 2026-09-26 (ISSN 23490918 and exact title checked); no all-OA publisher policy on record -> hybrid/subscription,,2026-09-26,2349-0918
"Journal of Computers, Mechanical and Management",1,HYBRID,Publisher/Unknown,Not in DOAJ dump 2026-09-26 (ISSN 3009075X and exact title checked); no all-OA publisher policy on record -> hybrid/subscription,,2026-09-26,3009-075X
Food Science and Nutrition,1,HYBRID,Publisher/Unknown,Not in DOAJ dump 2026-09-26 (ISSN 20487177 and exact title checked); no all-OA publisher policy on record -> hybrid/subscription,,2026-09-26,2048-7177
"Journal of Human, Earth, and Future",1,HYBRID,Publisher/Unknown,Not in DOAJ dump 2026-09-26 (ISSN 27852997 and exact title checked); no all-OA publisher policy on record -> hybrid/subscription,,2026-09-26,2785-2997
Journal of Field Robotics,1,HYBRID,Publisher/Unknown,Not in DOAJ dump 2026-09-26 (ISSN 15564959 and exact title checked); no all-OA publisher policy on record -> hybrid/subscription,,2026-09-26,1556-4959
Journal of Web Engineering,1,HYBRID,Publisher/Unknown,Not in DOAJ dump 2026-09-26 (ISSN 15445976 and exact title checked); no all-OA publisher policy on record -> hybrid/subscription,,2026-09-26,1544-5976
Mathematics,1,FULLY_OPEN_ACCESS,MDPI AG,DOAJ dump 2026-09-26 (ISSN 2227-7390); license: CC BY; OA since: 2013,https://doaj.org/toc/a0bc0ed771a04fe69abed76c2c03beab,2026-09-26,2227-7390
Hybrid Advances,1,FULLY_OPEN_ACCESS,Elsevier,"DOAJ dump 2026-09-26 (ISSN 2773-207X); license: CC BY, CC BY-NC, CC BY-NC-ND; OA since: 2022",https://doaj.org/toc/fa8aaf1e71644124b21cf93f9b344d02,2026-09-26,2773-207X
Journal of Engineering Research,1,FULLY_OPEN_ACCESS,Kuwait University,DOAJ dump 2026-09-26 (ISSN 2307-1877); license: CC BY-NC-ND; OA since: 2014,https://doaj.org/toc/bfbf069b861f421db3728bdffd3aaa41,2026-09-26,2307-1877
aBIOTECH,1,HYBRID,Publisher/Unknown,Not in DOAJ dump 2026-09-26 (ISSN 26621738 and exact title checked); no all-OA publisher policy on record -> hybrid/subscription,,2026-09-26,2662-1738
Fuel Processing Technology,1,FULLY_OPEN_ACCESS,Elsevier,"DOAJ dump 2026-09-26 (ISSN 0378-3820); license: CC BY, CC BY-NC, CC BY-NC-ND; OA since: 2024",https://doaj.org/toc/b62b02feeda545a5ac2ea6aa448a2c3c,2026-09-26,0378-3820
Sustainable Food Technology,1,FULLY_OPEN_ACCESS,The Royal Society of Chemistry,"DOAJ dump 2026-09-26 (ISSN 2753-8095); license: CC BY, CC BY-NC; OA since: 2022",https://doaj.org/toc/b9d6646b661d4a39af7f6b2dcc554902,2026-09-26,2753-8095
Decision Analytics Journal,1,FULLY_OPEN_ACCESS,Elsevier,"DOAJ dump 2026-09-26 (ISSN 2772-6622); license: CC BY, CC BY-NC, CC BY-NC-ND; OA since: 2021",https://doaj.org/toc/9bae398c0fa548bc92100dd8dadd76f4,2026-09-26,2772-6622
Sustainable Operations and Computers,1,FULLY_OPEN_ACCESS,KeAi Communications Co. Ltd.,"DOAJ dump 2026-09-26 (ISSN 2666-4127); license: CC BY, CC BY-NC-ND; OA since: 2020",https://doaj.org/toc/0b3822485b4945b894c17c0cf9737cbd,2026-09-26,2666-4127
Research,1,FULLY_OPEN_ACCESS,American Association for the Advancement of Science (AAAS),DOAJ dump 2026-09-26 (ISSN 2639-5274); license: CC BY; OA since: 2018,https://doaj.org/toc/144448c6c1cf444bb1a83e59f405c7a7,2026-09-26,2639-5274
Data Science and Informetrics,1,HYBRID,Publisher/Unknown,Not in DOAJ dump 2026-09-26 (ISSN 26946106 and exact title checked); no all-OA publisher policy on record -> hybrid/subscription,,2026-09-26,2694-6106
Journal of Electronic Science and Technology,1,FULLY_OPEN_ACCESS,"KeAi Communications Co., Ltd.",DOAJ dump 2026-09-26 (ISSN 1674-862X); license: CC BY-NC-ND; OA since: 2019,https://doaj.org/toc/837c9d5f17f74b0ba6137f2a9b5812a6,2026-09-26,1674-862X
Chinese Herbal Medicines,1,FULLY_OPEN_ACCESS,Elsevier,"DOAJ dump 2026-09-26 (exact title); license: CC BY, CC BY-NC-ND; OA since: 2020",https://doaj.org/toc/ced9b3ff48e3422badb3f9d336c0c56a,2026-09-26,1674-6384
Digital Signal Processing,1,HYBRID,Publisher/Unknown,Not in DOAJ dump 2026-09-26 (ISSN 10512004 and exact title checked); no all-OA publisher policy on record -> hybrid/subscription,,2026-09-26,1051-2004
CMES - Computer Modeling in Engineering and Sciences,1,HYBRID,Publisher/Unknown,Not in DOAJ dump 2026-09-26 (ISSN 15261492 and exact title checked); no all-OA publisher policy on record -> hybrid/subscription,,2026-09-26,1526-1492
Information Fusion,1,FULLY_OPEN_ACCESS,MDPI,"Not in DOAJ dump 2026-09-26, but journal is fully OA by publisher policy (publisher 'MDPI'); ISSN 15662535",https://www.mdpi.com/journal/information,2026-09-26,1566-2535
Measurement,1,HYBRID,Publisher/Unknown,Not in DOAJ dump 2026-09-26 (ISSN 02632241 and exact title checked); no all-OA publisher policy on record -> hybrid/subscription,,2026-09-26,0263-2241
Food Chemistry Advances,1,FULLY_OPEN_ACCESS,Elsevier,"DOAJ dump 2026-09-26 (ISSN 2772-753X); license: CC BY, CC BY-NC, CC BY-NC-ND; OA since: 2022",https://doaj.org/toc/cd8f7e59b48a4ba783dd6f8a52122486,2026-09-26,2772-753X
Spectrochimica Acta Part A: Molecular and Biomolecular Spectroscopy,1,HYBRID,Publisher/Unknown,Not in DOAJ dump 2026-09-26 (ISSN 13861425 and exact title checked); no all-OA publisher policy on record -> hybrid/subscription,,2026-09-26,1386-1425
Total Environment Research Themes,1,FULLY_OPEN_ACCESS,Publisher/Unknown,"Not in DOAJ dump 2026-09-26, but journal is fully OA by publisher policy (journal on all-OA list); ISSN 27728099",,2026-09-26,2772-8099
Internet of Things,1,HYBRID,Publisher/Unknown,Not in DOAJ dump 2026-09-26 (ISSN 25426605 and exact title checked); no all-OA publisher policy on record -> hybrid/subscription,,2026-09-26,2542-6605
Energy and AI,1,FULLY_OPEN_ACCESS,Elsevier,"DOAJ dump 2026-09-26 (ISSN 2666-5468); license: CC BY, CC BY-NC, CC BY-NC-ND; OA since: 2020",https://doaj.org/toc/a5c539d91d5d42f8bd0784b68961d544,2026-09-26,2666-5468
High-Confidence Computing,1,FULLY_OPEN_ACCESS,Elsevier,DOAJ dump 2026-09-26 (ISSN 2667-2952); license: CC BY-NC-ND; OA since: 2021,https://doaj.org/toc/f0ec63da9e154b879c54a9cd44a28d86,2026-09-26,2667-2952
Advanced Agrochem,1,FULLY_OPEN_ACCESS,"KeAi Communications Co., Ltd.","DOAJ dump 2026-09-26 (ISSN 2773-2371); license: CC BY, CC BY-NC-ND; OA since: 2022",https://doaj.org/toc/2d1a4cfe52ac4f53ba44db55ede10215,2026-09-26,2773-2371
RSC Advances,1,FULLY_OPEN_ACCESS,The Royal Society of Chemistry,"DOAJ dump 2026-09-26 (ISSN 2046-2069); license: CC BY, CC BY-NC; OA since: 2017",https://doaj.org/toc/af8e2cd0d2e94fba997a416d65b8a965,2026-09-26,2046-2069
ICT Express,1,FULLY_OPEN_ACCESS,Elsevier,"DOAJ dump 2026-09-26 (ISSN 2405-9595); license: CC BY, CC BY-NC-ND; OA since: 2015",https://doaj.org/toc/ef15d7745c1d4b2e9d06af82046f0a4b,2026-09-26,2405-9595
Biosystems Engineering,1,HYBRID,Elsevier,Not in DOAJ dump 2026-09-26 (ISSN 15375110 and exact title checked); no all-OA publisher policy on record -> hybrid/subscription,,2026-09-26,1537-5110
HardwareX,1,FULLY_OPEN_ACCESS,Elsevier,DOAJ dump 2026-09-26 (ISSN 2468-0672); license: CC BY; OA since: 2017,https://doaj.org/toc/327c4bad84c14a2192ce09482a2df8c2,2026-09-26,2468-0672
Journal of Energy Storage,1,HYBRID,Publisher/Unknown,Not in DOAJ dump 2026-09-26 (ISSN 2352152X and exact title checked); no all-OA publisher policy on record -> hybrid/subscription,,2026-09-26,2352-152X
Neurocomputing,1,HYBRID,Elsevier,Not in DOAJ dump 2026-09-26 (ISSN 09252312 and exact title checked); no all-OA publisher policy on record -> hybrid/subscription,,2026-09-26,0925-2312
Signal Processing: Image Communication,1,HYBRID,Publisher/Unknown,Not in DOAJ dump 2026-09-26 (ISSN 09235965 and exact title checked); no all-OA publisher policy on record -> hybrid/subscription,,2026-09-26,0923-5965
Energy Reports,1,FULLY_OPEN_ACCESS,Elsevier,"DOAJ dump 2026-09-26 (ISSN 2352-4847); license: CC BY, CC BY-NC, CC BY-NC-ND; OA since: 2015",https://doaj.org/toc/ea8b5d46fe0e4f35be85aeeb412651a6,2026-09-26,2352-4847
Journal of Hazardous Materials Advances,1,FULLY_OPEN_ACCESS,Elsevier,"DOAJ dump 2026-09-26 (ISSN 2772-4166); license: CC BY, CC BY-NC, CC BY-NC-ND; OA since: 2021",https://doaj.org/toc/b0f50c5f66f44a198860dad511b9fc66,2026-09-26,2772-4166
Postharvest Biology and Technology,1,HYBRID,Publisher/Unknown,Not in DOAJ dump 2026-09-26 (ISSN 09255214 and exact title checked); no all-OA publisher policy on record -> hybrid/subscription,,2026-09-26,0925-5214
