journal_name,report_count,old,new,basis
Ecological Informatics,16,HYBRID,FULLY_OPEN_ACCESS,ISSN 1574-9541
Industrial Crops and Products,4,HYBRID,FULLY_OPEN_ACCESS,exact title
Machine Learning with Applications,3,HYBRID,FULLY_OPEN_ACCESS,ISSN 2666-8270
Rice Science,3,HYBRID,FULLY_OPEN_ACCESS,ISSN 1672-6308
International Journal of Cognitive Computing in Engineering,3,HYBRID,FULLY_OPEN_ACCESS,ISSN 2666-3074
International Journal on Informatics Visualization,3,HYBRID,FULLY_OPEN_ACCESS,ISSN 2549-9904
iScience,3,HYBRID,FULLY_OPEN_ACCESS,ISSN 2589-0042
Informatics in Medicine Unlocked,3,HYBRID,FULLY_OPEN_ACCESS,ISSN 2352-9148
Engineering,3,HYBRID,FULLY_OPEN_ACCESS,ISSN 2095-8099
The Crop Journal,3,HYBRID,FULLY_OPEN_ACCESS,ISSN 2214-5141
Computer Systems Science and Engineering,2,HYBRID,FULLY_OPEN_ACCESS,publisher policy (not in DOAJ)
Discover Computing,2,HYBRID,FULLY_OPEN_ACCESS,ISSN 2948-2992
Journal of Advanced Computational Intelligence and Intelligent Informatics,2,HYBRID,FULLY_OPEN_ACCESS,ISSN 1343-0130
Edelweiss Applied Science and Technology,2,HYBRID,FULLY_OPEN_ACCESS,publisher policy (not in DOAJ)
Discover Artificial Intelligence,2,HYBRID,FULLY_OPEN_ACCESS,ISSN 2731-0809
Engineering Reports,2,HYBRID,FULLY_OPEN_ACCESS,ISSN 2577-8196
Tarim Bilimleri Dergisi,2,HYBRID,FULLY_OPEN_ACCESS,ISSN 1300-7580
International Journal of Computing and Digital Systems,2,HYBRID,FULLY_OPEN_ACCESS,ISSN 2210-142X
Environmental Research Communications,2,HYBRID,FULLY_OPEN_ACCESS,ISSN 2515-7620
Yuzuncu Yil University Journal of Agricultural Sciences,2,HYBRID,FULLY_OPEN_ACCESS,ISSN 1308-7576
Results in Control and Optimization,2,HYBRID,FULLY_OPEN_ACCESS,ISSN 2666-7207
Journal of Natural Pesticide Research,2,HYBRID,FULLY_OPEN_ACCESS,ISSN 2773-0786
Agricultural Water Management,2,HYBRID,FULLY_OPEN_ACCESS,exact title
Ecotoxicology and Environmental Safety,2,HYBRID,FULLY_OPEN_ACCESS,ISSN 0147-6513
Scientific African,2,HYBRID,FULLY_OPEN_ACCESS,ISSN 2468-2276
Ain Shams Engineering Journal,2,HYBRID,FULLY_OPEN_ACCESS,ISSN 2090-4479
Systems and Soft Computing,2,HYBRID,FULLY_OPEN_ACCESS,ISSN 2772-9419
Plant Communications,2,HYBRID,FULLY_OPEN_ACCESS,ISSN 2590-3462
"Engineering Science and Technology, an International Journal",2,HYBRID,FULLY_OPEN_ACCESS,ISSN 2215-0986
Computers,1,HYBRID,FULLY_OPEN_ACCESS,ISSN 2073-431X
Plant Phenome Journal,1,HYBRID,FULLY_OPEN_ACCESS,ISSN 2578-2703
International Research Journal of Multidisciplinary Scope,1,HYBRID,FULLY_OPEN_ACCESS,publisher policy (not in DOAJ)
Tehnicki Glasnik,1,HYBRID,FULLY_OPEN_ACCESS,ISSN 1846-6168
Journal of Imaging,1,HYBRID,FULLY_OPEN_ACCESS,ISSN 2313-433X
Journal of Plant Protection Research,1,HYBRID,FULLY_OPEN_ACCESS,ISSN 1427-4345
Archives of Control Sciences,1,HYBRID,FULLY_OPEN_ACCESS,ISSN 1230-2384
International Journal of Computational Methods and Experimental Measurements,1,HYBRID,FULLY_OPEN_ACCESS,ISSN 2046-0546
EAI Endorsed Transactions on Pervasive Health and Technology,1,HYBRID,FULLY_OPEN_ACCESS,ISSN 2411-7145
Artificial Intelligence and Applications,1,HYBRID,FULLY_OPEN_ACCESS,publisher policy (not in DOAJ)
Complex and Intelligent Systems,1,HYBRID,FULLY_OPEN_ACCESS,ISSN 2199-4536
International Journal of Agricultural and Biological Engineering,1,HYBRID,FULLY_OPEN_ACCESS,ISSN 1934-6344
Journal of Soft Computing and Data Mining,1,HYBRID,FULLY_OPEN_ACCESS,publisher policy (not in DOAJ)
IAES International Journal of Robotics and Automation,1,HYBRID,FULLY_OPEN_ACCESS,publisher policy (not in DOAJ)
"Informatyka, Automatyka, Pomiary w Gospodarce i Ochronie Srodowiska",1,HYBRID,FULLY_OPEN_ACCESS,ISSN 2083-0157
Revue d'Intelligence Artificielle,1,HYBRID,FULLY_OPEN_ACCESS,publisher policy (not in DOAJ)
MethodsX,1,HYBRID,FULLY_OPEN_ACCESS,ISSN 2215-0161
Environment Conservation Journal,1,HYBRID,FULLY_OPEN_ACCESS,ISSN 0972-3099
BMC Genomic Data,1,HYBRID,FULLY_OPEN_ACCESS,ISSN 2730-6844
Inteligencia Artificial,1,HYBRID,FULLY_OPEN_ACCESS,ISSN 1137-3601
Journal of Engineering and Technology for Industrial Applications,1,HYBRID,FULLY_OPEN_ACCESS,ISSN 2447-0228
Systems Science and Control Engineering,1,HYBRID,FULLY_OPEN_ACCESS,ISSN 2164-2583
Sinergi (Indonesia),1,HYBRID,FULLY_OPEN_ACCESS,ISSN 1410-2331
CTU Journal of Innovation and Sustainable Development,1,HYBRID,FULLY_OPEN_ACCESS,ISSN 2588-1418
Pathogens,1,HYBRID,FULLY_OPEN_ACCESS,ISSN 2076-0817
Discover Internet of Things,1,HYBRID,FULLY_OPEN_ACCESS,ISSN 2730-7239
AKCE International Journal of Graphs and Combinatorics,1,HYBRID,FULLY_OPEN_ACCESS,ISSN 0972-8600
Open Life Sciences,1,HYBRID,FULLY_OPEN_ACCESS,ISSN 2391-5412
Frontiers in Bioengineering and Biotechnology,1,HYBRID,FULLY_OPEN_ACCESS,ISSN 2296-4185
EAI Endorsed Transactions on Internet of Things,1,HYBRID,FULLY_OPEN_ACCESS,ISSN 2414-1399
Journal of Neonatal Surgery,1,HYBRID,FULLY_OPEN_ACCESS,publisher policy (not in DOAJ)
Data,1,HYBRID,FULLY_OPEN_ACCESS,ISSN 2306-5729
"International Journal of Mathematical, Engineering and Management Sciences",1,HYBRID,FULLY_OPEN_ACCESS,ISSN 2455-7749
Journal of the Nigerian Society of Physical Sciences,1,HYBRID,FULLY_OPEN_ACCESS,ISSN 2714-2817
Frontiers in Computer Science,1,HYBRID,FULLY_OPEN_ACCESS,ISSN 2624-9898
Food and Energy Security,1,HYBRID,FULLY_OPEN_ACCESS,ISSN 2048-3694
Algorithms,1,HYBRID,FULLY_OPEN_ACCESS,ISSN 1999-4893
International Journal of Fuzzy Logic and Intelligent Systems,1,HYBRID,FULLY_OPEN_ACCESS,publisher policy (not in DOAJ)
Journal of Autonomous Intelligence,1,HYBRID,FULLY_OPEN_ACCESS,publisher policy (not in DOAJ)
Engenharia Agricola,1,HYBRID,FULLY_OPEN_ACCESS,ISSN 0100-6916
Foods,1,HYBRID,FULLY_OPEN_ACCESS,ISSN 2304-8158
Technologies,1,HYBRID,FULLY_OPEN_ACCESS,ISSN 2227-7080
International Journal of Technology,1,HYBRID,FULLY_OPEN_ACCESS,ISSN 2086-9614
Iraqi Journal of Science,1,HYBRID,FULLY_OPEN_ACCESS,publisher policy (not in DOAJ)
Mathematics,1,HYBRID,FULLY_OPEN_ACCESS,ISSN 2227-7390
Hybrid Advances,1,HYBRID,FULLY_OPEN_ACCESS,ISSN 2773-207X
Journal of Engineering Research,1,HYBRID,FULLY_OPEN_ACCESS,ISSN 2307-1877
Fuel Processing Technology,1,HYBRID,FULLY_OPEN_ACCESS,ISSN 0378-3820
Sustainable Food Technology,1,HYBRID,FULLY_OPEN_ACCESS,ISSN 2753-8095
Sustainable Operations and Computers,1,HYBRID,FULLY_OPEN_ACCESS,ISSN 2666-4127
Research,1,HYBRID,FULLY_OPEN_ACCESS,ISSN 2639-5274
Journal of Electronic Science and Technology,1,HYBRID,FULLY_OPEN_ACCESS,ISSN 1674-862X
Chinese Herbal Medicines,1,HYBRID,FULLY_OPEN_ACCESS,exact title
Food Chemistry Advances,1,HYBRID,FULLY_OPEN_ACCESS,ISSN 2772-753X
Total Environment Research Themes,1,HYBRID,FULLY_OPEN_ACCESS,publisher policy (not in DOAJ)
Energy and AI,1,HYBRID,FULLY_OPEN_ACCESS,ISSN 2666-5468
High-Confidence Computing,1,HYBRID,FULLY_OPEN_ACCESS,ISSN 2667-2952
Advanced Agrochem,1,HYBRID,FULLY_OPEN_ACCESS,ISSN 2773-2371
RSC Advances,1,HYBRID,FULLY_OPEN_ACCESS,ISSN 2046-2069
ICT Express,1,HYBRID,FULLY_OPEN_ACCESS,ISSN 2405-9595
Energy Reports,1,HYBRID,FULLY_OPEN_ACCESS,ISSN 2352-4847
Journal of Hazardous Materials Advances,1,HYBRID,FULLY_OPEN_ACCESS,ISSN 2772-4166
